-- Database Manager 4.2.5 dump

SET NAMES utf8;
SET time_zone = '+00:00';
SET foreign_key_checks = 0;
SET sql_mode = 'NO_AUTO_VALUE_ON_ZERO';

DROP TABLE IF EXISTS `address`;
CREATE TABLE `address` (
  `id` int(11) NOT NULL AUTO_INCREMENT,
  `address_line_1` varchar(255) NOT NULL,
  `address_line_2` varchar(255) DEFAULT NULL,
  `type` enum('BILLING','DELIVERY','BILLING-DELIVERY') NOT NULL,
  `creation_date` datetime NOT NULL,
  `city` varchar(150) NOT NULL,
  `province` varchar(150) NOT NULL,
  `country_id` int(11) NOT NULL,
  `zip` varchar(45) NOT NULL,
  `phone` varchar(45) NOT NULL,
  `user_id` int(11) NOT NULL,
  PRIMARY KEY (`id`),
  KEY `fk_address_country1_idx` (`country_id`),
  KEY `fk_address_user1_idx` (`user_id`),
  CONSTRAINT `fk_address_country1` FOREIGN KEY (`country_id`) REFERENCES `country` (`id`) ON DELETE NO ACTION ON UPDATE NO ACTION,
  CONSTRAINT `fk_address_user1` FOREIGN KEY (`user_id`) REFERENCES `user` (`id`) ON DELETE NO ACTION ON UPDATE NO ACTION
) ENGINE=InnoDB DEFAULT CHARSET=utf8;

INSERT INTO `address` (`id`, `address_line_1`, `address_line_2`, `type`, `creation_date`, `city`, `province`, `country_id`, `zip`, `phone`, `user_id`) VALUES
(1,	'Rio Rumiyacu N71-144 y Juan Procel',	'Casa 3 pisos blanca bordes naranjas',	'BILLING',	'2017-02-01 00:01:21',	'Quito',	'Pichincha',	1,	'EC170305',	'022495310',	3),
(3,	'Rio Rumiyacu N71-144 y Juan Procel',	'Casa 3 pisos blanca bordes naranjas',	'DELIVERY',	'2017-02-01 00:01:21',	'Quito',	'Pichincha',	2,	'EC170305',	'022495310',	3),
(4,	'Rio Rumiyacu N71-144 y Juan Procel',	'Casa 3 pisos blanca bordes naranjas',	'DELIVERY',	'2017-02-01 00:01:21',	'Quito',	'Pichincha',	1,	'EC170305',	'022495310',	3),
(5,	'Rio Rumiyacu N71-144 y Juan Procel',	'Casa 3 pisos blanca bordes naranjas',	'DELIVERY',	'2017-02-01 00:01:21',	'Quito',	'Pichincha',	7,	'EC170305',	'022495310',	3),
(6,	'aadsads',	'asdad',	'BILLING',	'2018-01-16 19:25:01',	'asd',	'pichincha',	1,	'09123',	'0998130318',	4),
(7,	'Calle A N44-114',	'Edmundo Carvajal',	'BILLING-DELIVERY',	'2018-02-09 17:31:49',	'Quito',	'Pichincha',	1,	'170104',	'0998598512',	14);

DROP TABLE IF EXISTS `artist`;
CREATE TABLE `artist` (
  `id` int(11) NOT NULL AUTO_INCREMENT,
  `creation_date` datetime NOT NULL,
  `name` varchar(150) NOT NULL,
  `birthday` date NOT NULL,
  `death_date` date DEFAULT NULL,
  `country_id` int(11) NOT NULL,
  `description` text,
  `description_en` text,
  `picture` varchar(150) DEFAULT NULL,
  PRIMARY KEY (`id`),
  KEY `fk_artist_country1_idx` (`country_id`),
  CONSTRAINT `fk_artist_country1` FOREIGN KEY (`country_id`) REFERENCES `country` (`id`) ON DELETE NO ACTION ON UPDATE NO ACTION
) ENGINE=InnoDB DEFAULT CHARSET=utf8;

INSERT INTO `artist` (`id`, `creation_date`, `name`, `birthday`, `death_date`, `country_id`, `description`, `description_en`, `picture`) VALUES
(4,	'2018-01-18 14:38:35',	'Alberto Gironella',	'1929-09-26',	'1999-08-02',	143,	'<p style=\"text-align: justify;\">Artista nacido en M&eacute;xico en 1929, fue un gran escultor y grabador pero su experticia recae en el collage. Tambi&eacute;n fue un &aacute;vido poeta y tuvo gran amor por la literatura, habiendo estudiado <em>Letras Espa&ntilde;olas</em> en la Universidad de M&eacute;xico. Consolidado como uno de los artistas contempor&aacute;neos m&aacute;s relevantes de M&eacute;xico.</p>',	'<p style=\"text-align: justify;\">Aritist born in Mexico in 1929. Gironella was a great sculptor and engraver but his expertise was making collage. He was also pasionate for literature since he studied <em>Letras Espa&ntilde;olas</em> in Universidad de Mexico. He came to be one of the most relevant contemporary artists in Mexico.</p>',	'2018_03_13_13_18_39_albertogironella.jpg'),
(5,	'2018-01-18 17:41:49',	'Alfonso Bonifacio',	'1933-06-19',	'2011-12-16',	203,	'<p style=\"text-align: justify;\">Reconocido artista espa&ntilde;ol nacido en 1933. Sus obras son expuestas en prestigiosos museos en Espa&ntilde;a y el mundo. El uso de la linea y el color predomina en su obra, mezclando en su t&eacute;cnica el automatismo del surrealismo y, la armon&iacute;a crom&aacute;tica y la composici&oacute;n del expresionismo.</p>',	'<p style=\"text-align: justify;\">Renowned Spanish artist born in 1933. His work is shown around the world in some of the most prestigious museums. The use of the line and application of color are two characteristics that predominate in his work; mixing in his technique the automatism of surrealism and the armony and composition of expressionism.</p>',	'2018_03_13_13_20_18_alfonsobonifacio.jpg'),
(6,	'2018-01-18 20:15:51',	'Laurent Casimir',	'1928-05-08',	'1990-06-13',	94,	'<p style=\"text-align: justify;\">Artista nacido en Anse-&agrave;-Veau, Hait&iacute;. &Eacute;l es el pintor que comienza a representar un tipo de pintura de mercados en el que usaba varios tipos de rojo, amarillo y naranja. Ya que su estilo fue muy f&aacute;cil de imitar, algunas de sus pinturas fueron dif&iacute;ciles de autentificar. A mediados de 1970 Casimir ten&iacute;a un taller en el que sus talleristas pintaban en la parte de atras del mismo y &eacute;l vend&iacute;a las obras en la tienda. Todas esas obras fueron firmadas por &eacute;l.</p>\r\n<p>&nbsp;</p>',	'<p style=\"text-align: justify;\">Artist born in Anse-&agrave;-Veau, Haiti. He is the painter who begins to represent a type of market painting in which he used various types of red, yellow and orange. Since his style was very easy to imitate, some of his paintings were difficult to authenticate. In the mid-1970s, Casimir had a workshop in which his workwers painted in the back of the shop and he sold their works in the front of the store. All those paintings were signed by him.</p>',	'2018_03_13_13_41_31_claurent.jpg'),
(7,	'2018-01-18 20:22:48',	'Eduardo Kingman',	'1913-02-23',	'1997-11-27',	1,	'<p style=\"text-align: justify;\"><span style=\"font-weight: 400;\">Afamado pintor lojano, m&aacute;s conocido c&oacute;mo el </span><em><span style=\"font-weight: 400;\">Pintor De Las Manos</span></em><span style=\"font-weight: 400;\">, pues este fue uno de los temas centrales en sus m&aacute;s reconocidas obras. A pesar de que su obra fue rechazada en su totalidad cuando intent&oacute; participar del Mariano Aguilera de Quito en el a&ntilde;o 1934; el a&ntilde;o siguiente, el poeta Gonzalo Escudero, Pablo Palacio y el gran conocedor de arte Antonio Salgado le otorgaron el primer premio en el mismo sal&oacute;n.</span></p>',	'<p style=\"text-align: justify;\">Famous painter born in Loja, Ecuador, better known as the Painter Of The Hands; because this was one of the central themes in his most renowned works. Although his work was entirely rejected when he tried to participate in the Mariano Aguilera Hall in Quito in 1934; the following year, the poets Gonzalo Escudero, Pablo Palacio and the great art connoisseur Antonio Salgado awarded him the first prize in the same contest.</p>',	'2018_03_13_13_43_07_eduardokingman.jpg'),
(8,	'2018-01-18 20:25:08',	'Enrique Tábara',	'1930-02-21',	NULL,	1,	'<p style=\"text-align: justify;\"><span style=\"font-weight: 400;\">Pintor guayaquile&ntilde;o nacido en 1930. Estudi&oacute; en la escuela de Bellas Artes hasta 1951, cuando se retir&oacute; para explorar su propio estilo. Pinta negros, mulatos y marginados de la ciudad; posteriormente, en 1953 se empieza a enfrentar con el arte moderno. Cuando su nombre ya resonaba en el mundo art&iacute;stico del pa&iacute;s, logra conseguir una beca para estudiar en Espa&ntilde;a y gracias a sus conexiones con el marchante suizo Georges Kasper, logra recorrer los principales pa&iacute;ses de Europa con su obra. Gracias a esto, tuvo oportunidad de presentar su trabajo junto a los grandes nombres del surrealismo de la &eacute;poca como Joan Mir&oacute; y Salvador Dal&iacute;. En 1964 se radica en Guayaquil, despu&eacute;s de estar largo tiempo fuera del pa&iacute;s y en 1965 obtuvo el primer premio en el Sal&oacute;n de Julio. Enrique T&aacute;bara ha sido una figura clave para el arte moderno de su pa&iacute;s. </span></p>',	'<p style=\"text-align: justify;\">Painter born in Guayaquil in 1930. He studied at the School of Fine Arts until 1951, when he retired to explore his own style. He paints black, mulatto and marginalized people of the city. Later, in 1953 he began to confront modern art. When his name already resonated in the artistic world of the country, he manages to get a scholarship to study in Spain and thanks to his connections with the Swiss art dealer Georges Kasper, he manages to travel through the main countries of Europe with his work. Thanks to this, he had the opportunity to present his work with the great names of surrealism of the time such as Joan Mir&oacute; and Salvador Dal&iacute;. In 1964 he settled in Guayaquil, after spending a long time abroad. In 1965, he won the first prize in the <em>Sal&oacute;n de Julio</em>. Enrique T&aacute;bara has been a key figure for the modern art of his country.</p>',	'2018_03_13_13_18_03_enriquetábara.jpg'),
(9,	'2018-01-18 20:27:25',	'Gilberto Almeida',	'1928-05-30',	'2015-04-20',	1,	'<p><span style=\"font-weight: 400;\">Pintor ibarre&ntilde;o, nacido en 1928. Tuvo fuertes influencias de Eduardo Kingman, Oswaldo Guayasam&iacute;n, Manuel Rend&oacute;n y fue alumno de Enrique T&aacute;bara. Gracias a &ldquo;su concepci&oacute;n arm&oacute;nica, su composici&oacute;n y su crom&aacute;tica&rdquo; (Avil&eacute;s Pino, Efr&eacute;n. S/f) logr&oacute; ganar varios premios, incluyendo el 3er Premio Mariano Aguilera &ndash; 1957, el 1er Premio en el Sal&oacute;n de Octubre - 1961, el 2do Premio en el Sal&oacute;n de Julio - 1962, el 1er Premio en el Sal&oacute;n de Julio &ndash; 1965 y el 1er Premio en el IX Sal&oacute;n Lu&iacute;s A. Mart&iacute;nez - 1978 en Ambato.</span></p>',	'<p>Painter born in Ibarra, Ecuador, in 1928. He had strong influences from Eduardo Kingman, Oswaldo Guayasam&iacute;n, Manuel Rend&oacute;n and was a student of Enrique T&aacute;bara. Thanks to \"his harmonic conception, his composition and his chromatic\" (Avil&eacute;s Pino, Efr&eacute;n. S / f) he managed to win several prizes, including the 3rd Mariano Aguilera Prize - 1957, the 1st Prize in the Salon de Octubre - 1961, the 2nd Prize at the Sal&oacute;n de Julio - 1962, the 1st Prize at the Sal&oacute;n de Julio - 1965 and the 1st Prize at the IX Sal&oacute;n Lu&iacute;s A. Mart&iacute;nez - 1978 in Ambato.</p>',	'2018_03_13_13_44_05_gilbertoalmeida.jpg'),
(10,	'2018-01-18 20:37:20',	'Luis Molinari',	'1929-03-14',	'1994-12-25',	1,	'<p style=\"text-align: justify;\">Artista guayaquile&ntilde;o. Sus inspiraciones art&iacute;sticas nacen a temprana edad en el colegio y posteriormente viaj&oacute; a Buenos Aires, Argentina, para estudiar arquitectura. Ah&iacute;, profundiza su inter&eacute;s y sus estudios en dibujo y composici&oacute;n. Viaja a Par&iacute;s con una beca y se queda durante 6 a&ntilde;os explorando su pasi&oacute;n por el arte. En 1968 viaja a Nueva York y se interesa por el Op Art de Vasarely y es entonces cuando empieza a formar un estilo determinado por las figuras geom&eacute;tricas y el uso de los colores planos, pero tr&oacute;picales, sin olvidar sus ra&iacute;ces.&nbsp;</p>',	'<p style=\"text-align: justify;\">Artist born in Guayaqu&iacute;l, Ecuador. His artistic inspirations were born at an early age in school and later he traveled to Buenos Aires, Argentina, to study architecture. There, he deepens his interest and his studies in drawing and composition. He travels to Paris with a scholarship and stays for 6 years exploring his passion for art. In 1968 he traveled to New York and became interested in Vasarely\'s Op Art. It is then when he begins to form a style, determined by geometrical figures and the use of flat, but tropical colors, without forgetting his own roots.</p>',	'2018_03_13_13_49_24_lmolinari.jpg'),
(11,	'2018-01-18 21:13:36',	'Gonzalo Endara Crow',	'1936-05-17',	'1996-04-14',	1,	'<p style=\"text-align: justify;\"><span style=\"font-weight: 400;\">A la edad de 35 a&ntilde;os, este artista nacido en Bucay, encuentra su pasi&oacute;n por el arte y decide ingresar a la facultad de arte de la Universidad Central del Ecuador. Pero &eacute;l cre&iacute;a que la t&eacute;cnica y las ense&ntilde;anzas tradicionales eran retr&oacute;gradas y estaban ya obsoletas, se retira de la facultad para empezar a buscar sus propios conceptos en cuanto al color y la forma.</span></p>',	'<p style=\"text-align: justify;\">At the age of 35, this artist born in Bucay, Ecuador; finds his passion for art and decides to enter the art faculty of the Universidad Central del Ecuador. But he believed that the technique and the traditional teachings were old and were already obsolete. He retired from the faculty to start looking for his own concepts in terms of color and form.</p>',	'2018_03_13_13_50_39_gonzaloendaracrow.jpg'),
(12,	'2018-01-22 18:04:31',	'Gina Pellón',	'1926-12-26',	'2014-03-27',	54,	'<p style=\"text-align: justify;\">Pintora cubana nacida en 1926, es reconocida por sus obras siempre de mujeres y por representarlas en colores fuertes. Tuvo una fuerte relaci&oacute;n con los artistas del movimiento CoBrA. Desde 1959 vivi&oacute; en Francia y realiz&oacute; muestras en varios pa&iacute;ses europeos y latinoamericanos. Particip&oacute; en Art Miami y FIAC de Par&iacute;s. Sus obras es representada por The Americas Collection.</p>\r\n<p>&nbsp;</p>',	'<p>Cuban painter born in 1926. She is known for her paintings which are exclusively about women and for representing them in strong colors. She had a strong relationship with the artists of the CoBrA movement. Since 1959 he lived in France and had exhibitions in several European and Latin American countries. She participated in Art Miami and FIAC, in Paris. Her work is represented by The Americas Collection.</p>',	'2018_03_13_13_51_55_ginapellon.jpg'),
(13,	'2018-01-22 18:13:43',	'Jan Schreuder',	'1904-01-01',	'1964-01-01',	156,	'<p style=\"text-align: justify;\"><span style=\"font-weight: 400;\">Naci&oacute; en La Haya en 1904. En 1930 realiz&oacute; cursos en la Escuela de Bellas Artes de San Fernando en Madrid. Su vida en Ecuador comienza en 1945 cuando llega a Quito, contratado como cart&oacute;grafo por la compa&ntilde;&iacute;a Shell, que en esa &eacute;poca buscaba petr&oacute;leo. Pronto se convirti&oacute; en un referente cultural entre varios artistas de la &eacute;poca y fue mentor de varios de ellos. Jug&oacute; un importante papel como Director art&iacute;stico del taller de Artes Industriales del Instituto Ecuatoriano de Antropolog&iacute;a, ya que brind&oacute; ayuda t&eacute;cnica a los tejedores Salasacas con los dise&ntilde;os de Olga Fish. Tuvo dos grandes &eacute;pocas en cuanto a su obra: una expresionista y otra abstracta. Pero entre estas dos corrientes, tuvo una en la que solo dibujaba.&nbsp;</span></p>',	'<p style=\"text-align: justify;\">He was born in The Hague in 1904. In 1930, he took courses at the School of Fine Arts of San Fernando in Madrid. His life in Ecuador began in 1945 when he arrived in Quito, hired as a cartographer by the Shell company, which at that time was looking for oil. He soon became a cultural reference among several artists of the time and was a mentor to several of them. He played an important role as Artistic Director of the Industrial Arts Workshop of the Ecuadorian Institute of Anthropology, since he provided technical assistance to the Salasaca\'s weavers with the designs for Olga Fish. He had two great periods in terms of his work: an expressionist and an abstract period. But between these two currents, he had one in which he only drew.</p>',	'2018_03_13_13_53_37_janshreuder.jpg'),
(14,	'2018-01-22 18:16:45',	'José Carreño',	'1947-06-17',	NULL,	1,	'<p><span style=\"font-weight: 400;\">Artista guayaquile&ntilde;o nacido el 17 de junio de 1947. Realiz&oacute; sus estudios universitarios en la Escuela Superior Nacional de Bellas Artes en Par&iacute;s, &ldquo;habiendo sido el &uacute;nico ecuatoriano que en esa &eacute;poca [que] logr&oacute; culminarlos, aprobando en un solo a&ntilde;o las dieciocho materias necesarias.&rdquo; (Avil&eacute;s Pino, Efr&eacute;n. S/f). Despu&eacute;s de haber ganado varios premios en el Ecuador, se radica finalmente en Francia donde su obra es cotizada por varias ciudades europeas. Recibe en 1981 una Menci&oacute;n Honorable del Gran Palais, Par&iacute;s. Su obra es reconocida tambi&eacute;n por la UNESCO y varias galer&iacute;as de Guayaquil y Quito en Ecuador.</span></p>',	'<p>Artist born on June 17, 1947, in Guayaquil, Ecuador. He completed his university studies at the National Superior School of Fine Arts in Paris, \"having been the only Ecuadorian at that time [who] managed to complete them, approving in one year the eighteen subjects required . \"(Avil&eacute;s Pino, Efr&eacute;n, S / f). After having won several awards in Ecuador, he finally settled in France where his work is listed in several European cities. He received in 1981 an Honorable Mention of the Grand Palais, Paris. His work is also recognized by UNESCO and several galleries in Guayaquil and Quito in Ecuador.</p>',	'2018_03_13_13_57_15_jcarreño.jpg'),
(15,	'2018-01-22 18:26:46',	'Nicolas Svistoonoff',	'1945-01-01',	'2014-10-15',	45,	'<p style=\"text-align: justify;\"><span style=\"font-weight: 400;\">Pintor de padres rusos y nacido en Shangh&aacute;i en 1945, pero residente en Ecuador desde 1953. Estudi&oacute; en la Escuela de Bellas Artes de Guayaquil y en la Escuela de Artes de San Fernando de Madrid. Fue ganador de varios premios de arte por ser tan &uacute;nico en sus obras, que adem&aacute;s no se pueden clasificar por la misma naturaleza del pintor. Fue director de la Escuela de Artes Pl&aacute;sticas de la Universidad Central del Ecuador. En sus &uacute;ltimos a&ntilde;os, explor&oacute; mucho la elaboraci&oacute;n del grabado, imprimiendo su filosof&iacute;a y exponiendo claramente sus or&iacute;genes chinos. </span></p>',	'<p style=\"text-align: justify;\">Painter of Russian parents, born in Shanghai in 1945; but resident in Ecuador since 1953. He studied at the School of Fine Arts in Guayaquil and the School of Arts of San Fernando in Madrid. He was the winner of several art prizes for being so unique in his works. Also, his works cannot be classified by the very nature of the painter. He was director of the School of Plastic Arts of the <em>Universidad Central of Ecuador</em>. In his last years, he explored the elaboration of &nbsp;engraving, printing his philosophy and clearly exposing his Chinese origins.</p>',	'2018_03_13_13_58_06_nicolassvistoonoff2.jpg'),
(16,	'2018-01-22 19:28:47',	'José Luis Cuevas',	'1934-02-26',	'2017-07-03',	143,	'<p style=\"text-align: justify;\">Pintor, escultor, grabador, escritor e ilustrador mexicano. Artista autodidacta, perteneci&oacute; a la <em>Generaci&oacute;n de La Ruptura</em> y represent&oacute; al movimiento neofigurativista. Fue un artista muy pol&eacute;mico no solo por su obra en s&iacute;, sino por sus controversias con otros artistas. Fue el artista que se revel&oacute; contra el muralismo que dominaba la &eacute;poca y su obra fue muy influenciada por sus problem&aacute;ticas personales, cuestion&aacute;ndose sobre la humanidad y distorsionando las formas. Fue llamado un artista extremadamente vanidoso e igualmente obsesionado por la muerte y la enfermedad. Existen varias historias que rodean su vida personal y art&iacute;stica, como que trabajaba para la CIA en los 50, ya que no se hizo muy visible en la corriente art&iacute;stica de esa &eacute;poca. Una cosa si se puede afirmar, siendo el artista vanidoso que era, consigui&oacute; muchos enemigos e incluso convirti&oacute; a sus amigos en enemigos cuando les prohibi&oacute; el ingreso a su museo.</p>',	'<p style=\"text-align: justify;\">Mexican painter, sculptor, engraver, writer and illustrator. Self-taught artist, he belonged to the Generation of <em>La Ruptura</em> and represented the neofigurativist movement. He was a very controversial artist not only for his work itself, but for his controversies with other artists. He was the artist who rebelled against the muralism that dominated the era and his work was very influenced by his personal problems, questioning humanity and distorting forms. He was called an extremely vain artist and was equally obsessed with death and illness. There are several stories that surround his personal and artistic life, like: he worked for the CIA in the 50s, because he did not become very visible in the artistic current of that time. One thing can be affirmed, being the vain artist that he was, he made many enemies and even turned his friends into enemies when he banned them from entering his museum.</p>',	'2018_03_13_14_01_39_joseluiscuevas.jpg'),
(17,	'2018-01-23 17:57:52',	'Julio Le Parc',	'1928-09-23',	NULL,	11,	'<p>Pintor y escultor argentino, nacido en Mendoza en 1928. Su principal corriente es la pintura Abstracta, influenciado por Vasarely. En 1958 recibe una beca del gobierno de Francia y se muda a Par&iacute;s, donde en 1960 funda en grupo GRAV (Groupe de Recherche d\'Arts Visuels) y durante la misma &eacute;poca fue un reconocido miembro del movimiento Nueva Tendencia. En 1966 obtuvo el Primer Premio en la Bienal de Venecia. En 1978, la BBC realiz&oacute; un documental sobre su vida y obra. En 1982, recibi&oacute; el premio Konex y en 1987, obtuvo el Primer Premio en la Bienal de Cuenca. Le Parc est&aacute; considerado dentro de las corrientes de arte cin&eacute;tico, Op-Art y conceptual creando obras que logran envolver a los expectadores.</p>',	'<p>Painter and sculptor, born in Mendoza, Argentina in 1928. His main current is the Abstract painting, influenced by Vasarely. In 1958 he received a scholarship from the government of France and moved to Paris, where in 1960 he founded the group GRAV (Groupe de Recherche d\'Arts Visuels) and during the same period was a recognized member of the New Tendency movement. In 1966 he won the First Prize at the Venice Biennale. In 1978, the BBC made a documentary about his life and work. In 1982, he received the Konex award and in 1987, he won the First Prize at the Cuenca Biennial. Le Parc is considered within the currents of kinetic art, Op-Art and conceptual art, creating works that manage to involve the audience.</p>',	'2018_03_13_14_02_14_leparc.jpg'),
(18,	'2018-01-23 18:03:38',	'Oswaldo Viteri',	'1931-10-08',	NULL,	1,	'<p style=\"text-align: justify;\"><span style=\"font-weight: 400;\">Artista ecuatoriano nacido en Ambato en 1931. En 1977 gan&oacute; el primer premio en el Sal&oacute;n del Banco Central y gan&oacute; reconocimiento nacional. En 2007 inaugur&oacute; en el MAAC de Guayaquil, una sala que contiene 77 obras. La muestra llamada &ldquo;Los Ensambles&rdquo; fue aclamada y con muy buenas cr&iacute;ticas. El mismo a&ntilde;o inaugura, en el mismo lugar, una muestra de 32 piezas de gran formato, llamada &ldquo;Los Desastres de las Guerras&rdquo;.</span></p>',	'<p style=\"text-align: justify;\">Ecuadorian artist born in Ambato, Ecuador in 1931. In 1977 he won the first prize in the Central Bank Hall and won national recognition. In 2007 he inaugurated at the MAAC in Guayaquil, a room containing 77 works. The show called \"The Ensembles\" was acclaimed and with very good reviews. The same year he inaugurates, in the same place, a sample of 32 large format pieces called \"The Disasters of the Wars\".</p>',	'2018_03_13_14_06_21_oswaldoviteri.jpg'),
(19,	'2018-01-23 18:11:31',	'Pierre Alechinsky',	'1927-10-19',	NULL,	22,	'<p style=\"text-align: justify;\">Pintor y grabador belga cuya obra re&uacute;ne caracter&iacute;sticas del expresionismo y el surrealismo. De 1944 a 1948, Alechinsky estudia en la &Eacute;cole Nationale Superieure d&acute;Architecture et des Arts D&eacute;coratifs de la Cambre en Bruselas, mostrando especial inter&eacute;s por las t&eacute;cnicas de ilustraci&oacute;n de libros y tipograf&iacute;a. Comienza a pintar en 1947 y en 1949 se une al grupo CoBrA. Vive en Par&iacute;s desde 1951, estudia t&eacute;cnicas de grabado y conoce a varios surrealistas como Alberto Giacometti, Bram van Velde, Victor Brauner y el caligrafista japon&eacute;s Shiryu Morita. En 1954 presenta su primera muestra en soitario en Par&iacute;s. Ha trabajado con Wallace Ting, Christian Dotremont y Andr&eacute; Breton. En 1983 entr&oacute; como profesor de pintura en la Escuela nacional superior de Bellas Artes de Par&iacute;s. En 1994 se le otorg&oacute; el t&iacute;tulo de Doctor honoris causa de la Universidad Libre de Bruselas y en 1995 uno de sus dise&ntilde;os fue impreso en los sellos de B&eacute;lgica. Actualmente, vive en Bougival, Francia, donde sigue pintando y haciendo grabados e ilustraciones para libros.</p>',	'<p style=\"text-align: justify;\">Belgian painter and engraver whose work combines characteristics of expressionism and surrealism. From 1944 to 1948, Alechinsky studied at the &Eacute;cole Nationale Superieure d\'Architecture et des Arts D&eacute;coratifs de la Cambre in Brussels, showing special interest in the techniques of book illustration and typography. He began painting in 1947 and in 1949 he joined the CoBrA group. He lived in Paris since 1951. He studied engraving techniques and met several surrealists such as Alberto Giacometti, Bram van Velde, Victor Brauner and the Japanese calligrapher Shiryu Morita. In 1954 he presented his first solo show in Paris. He worked with Wallace Ting, Christian Dotremont and Andr&eacute; Breton. In 1983 he entered as a professor of painting at the National School of Fine Arts in Paris. In 1994 he was awarded the title of Doctor honoris causa of the Free University of Brussels and in 1995 one of his designs was printed on Belgian stamps. Currently, he lives in Bougival, France, where he continues to paint and he makes illustrations for books.</p>',	'2018_03_13_14_07_28_pierrealechinsky.jpg'),
(20,	'2018-01-23 18:23:40',	'Roland Topor',	'1938-01-07',	'1997-04-16',	73,	'<p style=\"text-align: justify;\">Ilustrador, dibujante, pintor, escritor y cineasta franc&eacute;s conocido por el imprimir el surrealismo en sus obras. Perteneci&oacute; al Grupo P&aacute;nico, junto a Alejandro Jodorowsky y Fernando Arrabal. Sus obras se caracterizan por un marcado humor negro y una idiosincrasia surrealista. Su novela El quim&eacute;rico inquilino fue llevada al cine por Roman Polanski. Estudi&oacute; en la Escuela de las Bellas Artes de Par&iacute;s, colabor&oacute; en el peri&oacute;dico Hara-Kiri y comparti&oacute; su sentido del humor negro en la revista Elle. Trabaj&oacute; muchas veces con su amigo J&eacute;r&ocirc;me Savary en Las Aventuras de Zartan o De Mois&eacute;s a Mao. Fue un artista muy pol&eacute;mico por su a menudo, c&iacute;nica forma de ver la vida. Esto se puede apreciar en su adaptaci&oacute;n del Marqu&eacute;s de Sade, en la que representa a los personajes con m&aacute;scaras de animales. Hoy en d&iacute;a <em>Marqu&eacute;s</em> es una pel&iacute;cula de culto.</p>',	'<p style=\"text-align: justify;\">Illustrator, painter, writer and French filmmaker known for imprinting surrealism in his works. He belonged to the Panic Group, along with Alejandro Jodorowsky and Fernando Arrabal. His works are characterized by a marked black humor and a surreal idiosyncrasy. His novel The Quirky Tenant was taken to the cinema by Roman Polanski. He studied at the School of Fine Arts in Paris, collaborated in the Hara-Kiri newspaper and shared his sense of black humor in Elle magazine. He worked many times with his friend J&eacute;r&ocirc;me Savary in The Adventures of Zartan or <em>De Mois&eacute;s a Mao</em>. He was a very controversial artist for his often cynical way of seeing life. This can be seen in his adaptation of the Marquis de Sade, in which he represents the characters with animal masks. Today Marquis is a cult movie.</p>',	'2018_03_13_14_08_00_rolandtopor.jpg'),
(21,	'2018-01-23 18:54:45',	'Sara Sanches',	'1943-01-01',	NULL,	31,	'<p>Sara Sanches naci&oacute; en Dom Pedrito, Rio Grande, Brasil. Estudi&oacute; arquitectura en la Universidad de Rio Grande, Porto Alegre. Posteriormente estudi&oacute; grabado, escultura y pintura en la Academia de Bellas Artes San Fernando. Se radica en Quito en 1972 y se fascina por la abundante cultura ind&iacute;gena que existe. Pinta las costumbres y las poblaciones. Fue alumna de Nicol&aacute;s Svistoonoff. Siendo su primera etapa de dibujos planos y lineales, lo va dejando poco a poco y pone en pr&aacute;ctica sus conocimientos arquitect&oacute;nicos de profundidad, planos, perspectivas y composici&oacute;n. En cuanto al color, usa el claro oscuro, luminosidad difusa y varios grados de luz. Con estas car&aacute;cter&iacute;sticas nacen las pinturas de ni&ntilde;as que son tan conocidas de la artista.</p>',	'<p>Sara Sanches was born in Dom Pedrito, Rio Grande, Brazil. She studied architecture at the University of Rio Grande, Porto Alegre. Later she studied engraving, sculpture and painting at the San Fernando Academy of Fine Arts. She settled in Quito in 1972 and was fascinated by the abundant indigenous culture that existed, painting customs and populations. She was a student of Nicol&aacute;s Svistoonoff. Being her first stage of flat and lineal drawings, she leaves it little by little and puts into practice her architectural knowledge of depth, plans, perspectives and composition. As for the color, she uses the dark-clear technique, diffuse luminosity and several types of light. These characteristics dominate the artist\'s famous paintings of girls.</p>',	'2018_03_13_14_21_29_sarasanches.jpg'),
(22,	'2018-01-23 19:13:54',	'Voroshilov Bazante',	'1939-02-05',	NULL,	1,	'<p style=\"text-align: justify;\">Artista nacido en Ambato en 1939. Se instruye con el pintor y novelista Luis E. Mart&iacute;nez desde su ni&ntilde;ez. Estudi&oacute; Arquitectura en Canad&aacute; y aprende Suiboku, que se trata de una t&eacute;cnica de dibujo monocrom&aacute;tico en Kyoto, Jap&oacute;n. Con esta gestualidad capt&oacute; ciudades en su esencia abstracta, y termin&oacute; dando a sus trazos caracteres caligr&aacute;ficos.&nbsp;Actualmente es profesor de dibujo arquitect&oacute;nico en la UTE.</p>',	'<p style=\"text-align: justify;\">Artist born in Ambato, Ecuador in 1939. He was educated by the painter and novelist Luis E. Mart&iacute;nez during his childhood. He studied architecture in Canada and learned Suiboku, which is a monochromatic drawing technique in Kyoto, Japan. With this gesture he captured cities in their abstract essence, and ended up giving his strokes calligraphic characteristics. He is currently a professor of architectural drawing at UTE in Quito.</p>',	'2018_03_13_14_22_11_voroshilovbazante.jpg'),
(23,	'2018-01-23 20:01:04',	'Washington Iza',	'1947-01-01',	NULL,	1,	'<p style=\"text-align: justify;\">Despu&eacute;s de haber investigado dise&ntilde;os y colores precolombinos en el grupo <em>Piru,&nbsp;</em>dasarroll&oacute; una l&iacute;nea de producci&oacute;n geom&eacute;trica basada en nuestras culturas primitivas. Posteriormente se inclina por una neofiguraci&oacute;n muy propia de su estilo. Ingresa en la Escuela de Bellas Artes y decide trabajar la pintura al &oacute;leo. Se encontr&oacute; con problemas para realizar esto pero descubre el papel Kraft y se dedica al dibujo, usando el carboncillo como arma principal. En esta &eacute;poca de ardua formaci&oacute;n se junta con los artistas Rom&aacute;n, J&aacute;come y Unda; con quienes se hac&iacute;a llamar \"Los Mosqueteros\" y se dedican a impulsar la neofiguraci&oacute;n. Sus ideas se consolidan en la Primera Bienal de Quito.&nbsp;Los cuatro arman la resistencia a las grandes bienales internacionalistas y forman entonces el Antisal&oacute;n, frente al del Municipio de Guayaquil. Iza se separa del grupo para dedicarse a descifrar los dise&ntilde;os precolombinos. Expone en Cuba, Berl&iacute;n, Cali, Lima. Encara el grabado y gana el premio que le llevar&iacute;a a Par&iacute;s.</p>',	'<p style=\"text-align: justify;\">After having investigated pre-Columbian designs and colors in the Piru group, he developed a geometric production line based on our Latin American primitive cultures. Later, he becomes interested in a neofigurative style of his own. He entered the School of Fine Arts and decided to work with oil painting. He found problems to do this. Then he discovered Kraft paper and was engaged in drawing, using charcoal as his main weapon. In this time of arduous formation he is united with the artists Rom&aacute;n, J&aacute;come and Unda; with whom they became known as \"The Musketeers\" and dedicated themselves to promoting the neofiguration. His ideas are consolidated in the First Biennial of Quito. The four built resistance to the great internationalist biennials and then form the <em>Antisal&oacute;n</em>, in front of the Municipality of Guayaquil. Iza separates from the group to dedicate himself to deciphering pre-Columbian designs. He has exhibits in Cuba, Berlin, Cali, Lima. He faces engraving and wins the prize that would take him to Paris.</p>',	'2018_03_13_14_22_40_washingtoniza.jpg'),
(24,	'2018-01-23 20:14:49',	'Wilfredo Lam ',	'1902-12-08',	'1982-09-11',	54,	'<p style=\"text-align: justify;\">Wifredo &Oacute;scar de la Concepci&oacute;n Lam y Castilla era hijo de un padre chino y una madre con mestizaje africano, indio y europeo. En 1916, su familia se mud&oacute; a La Habana, donde realiz&oacute; estudios en la Escuela de Bellas Artes. En 1923, Lam se traslad&oacute; a Madrid donde estudi&oacute; en el taller de Fernando &Aacute;lvarez de Sotomayor, Director del Museo del Prado y reconocido por haber sido maestro de Salvador Dal&iacute;. A comienzos del 1930, la influencia surrealista era evidente en los trabajos de Lam. En 1936, al visitar una exposici&oacute;n de Pablo Picasso se sinti&oacute; fuertemente atra&iacute;do hacia &eacute;l, tanto art&iacute;stica como pol&iacute;ticamente. En 1938, se fue a vivir a Par&iacute;s, donde el propio Picasso lo tom&oacute; bajo su tutela y aliment&oacute; su inter&eacute;s por el arte africano y m&aacute;scaras primitivistas. En ese mismo a&ntilde;o, viaj&oacute; a M&eacute;xico donde permaneci&oacute; con Frida Kahlo y Diego Rivera. La variada herencia multicultural de Lam as&iacute; como su relaci&oacute;n con la Santer&iacute;a, se manifiesta extensamente en la obra del artista. Durante la Segunda Guerra Mundial, Lam vivi&oacute; la mayor parte del tiempo en el Caribe, junto con Claude L&eacute;vi-Strauss, Andr&eacute; Masson y Andr&eacute; Breton, cuyo poema Fata Morgana, Lam ilustr&oacute; en el 1940.&nbsp;</p>',	'<p style=\"text-align: justify;\">Wifredo &Oacute;scar de la Concepci&oacute;n Lam y Castilla was the son of a Chinese father and a mother with African, Indian and European heritage. In 1916, his family moved to Havana, where he studied at the School of Fine Arts. In 1923, Lam moved to Madrid where he studied in the workshop of Fernando &Aacute;lvarez de Sotomayor, Director of the Prado Museum and recognized for having been Salvador Dal&iacute;\'s teacher. In the early 1930s, surrealist influence was evident in Lam\'s work. In 1936, when visiting a Pablo Picasso exhibition, he felt strongly attracted to it, both artistically and politically. In 1938, he went to live in Paris, where Picasso himself took him under his wing and nurtured his interest in African art and primitivist masks. In that same year, he traveled to Mexico where he stayed with Frida Kahlo and Diego Rivera. The very multicultural heritage of Lam, as well as his relationship with Santer&iacute;a, is manifested extensively in his work. During the Second World War, Lam lived most of the time in the Caribbean, along with Claude L&eacute;vi-Strauss, Andr&eacute; Masson and Andr&eacute; Breton, whose poem Fata Morgana, Lam illustrated in 1940.</p>',	'2018_03_13_14_24_28_wilfredolam.jpg'),
(25,	'2018-01-24 13:46:15',	'Oswaldo Guayasamín',	'1919-07-06',	'1999-03-10',	1,	'<p style=\"text-align: justify;\">Es probablemente el artista ecuatoriano m&aacute;s famoso, con obras dentro y fuera del pa&iacute;s, exponiendo hasta la actualidad en el Museo de Arte Moderno en Nueva York, el Museo de Arte de San Francisco, el Instituto de Arte de Chicago, el Museo de la Universidad de Cincinatti, entre otros. Naci&oacute; en Quito en 1919. Culmin&oacute; sus estudios en la Escuela de Bellas Artes y siempre fue un hombre de criterios y pensamientos muy fuertes, rebelde y pol&eacute;mico; pero grande en sus obras.</p>',	'<p style=\"text-align: justify;\">He is probably the most famous Ecuadorian artist, with works inside and outside the country. Guayasam&iacute;n exhibits pieces to the present in the Museum of Modern Art in New York, the San Francisco Museum of Art, the Art Institute of Chicago, the University Museum of Cincinatti, among others. He was born in Quito in 1919. He finished his studies at the School of Fine Arts and was always a man of very strong criteria and thoughts, rebellious and controversial; but great in his works.</p>',	'2018_03_13_14_27_38_oswaldoguayasamin.jpg'),
(26,	'2018-01-24 13:52:29',	'Marcos Huerta',	'1939-01-01',	'2003-05-20',	143,	'<p style=\"text-align: justify;\">Estudi&oacute; en la Academia de San Carlos. En 1967 tuvo su primera exposici&oacute;n. De 1976 a 1979 vivi&oacute; en Europa, en donde expuso en distintas capitales. En 1980 se estableci&oacute; en Guadalajara, donde form&oacute; parte del Centro de Arte Moderno. &ldquo;Creo, porque mi trabajo as&iacute; me lo ha ense&ntilde;ado, que un dibujo puede ser una obra totalmente terminada en s&iacute; misma&rdquo;, afirm&oacute; este artista cuando present&oacute; una gran exposici&oacute;n retrospectiva de su obra en el Instituto Cultural Caba&ntilde;as, en diciembre de 2001. Huerta defin&iacute;a su obra como &ldquo;figurativa expresionista&rdquo;, aunque muchos cr&iacute;ticos la relacionaban con el realismo fant&aacute;stico. &ldquo;En mis cuadros el hombre aparece asociado con algunos animales como peces y p&aacute;jaros, y eso significa lo racional enfrentado a lo irracional&rdquo;. Cuando realiz&oacute; la exposici&oacute;n en el Caba&ntilde;as, Huerta afirm&oacute;: &ldquo;hoy en d&iacute;a un dibujo m&iacute;o, un cuadro m&iacute;o es reconocible, y eso me da miedo porque siempre me preocupa que mi propio estilo me aprisione y no me permita evolucionar, buscar otras formas de expresi&oacute;n&rdquo;.</p>',	'<p style=\"text-align: justify;\">He studied at the San Carlos Academy. In 1967 he had his first exhibition. From 1976 to 1979 he lived in Europe, where he exhibited in different capitals. In 1980 he settled in Guadalajara, where he was part of the Center for Modern Art. \"I think, because my work has taught me so, that a drawing can be a work completely finished in itself,\" said the artist when he presented a large retrospective exhibition of his work at the Caba&ntilde;as Cultural Institute, in December 2001. Huerta defined his work as \"figurative expressionist\", although many critics linked it to fantastic realism. \"In my paintings, man appears associated with some animals like fish and birds and that means: the rational mind confronted with the irrational one.\" When he had the exhibition in the Caba&ntilde;as, Huerta said: \"Today a drawing of mine or a painting of mine is recognizable and that scares me because I always worry that my own style will imprison me and not allow me to evolve or look for other forms of expression\".</p>',	'2018_03_13_14_30_10_marcoshuerta.jpg'),
(27,	'2018-01-24 14:50:06',	'Antonio Saura ',	'1930-09-22',	'1998-07-22',	203,	'<p style=\"text-align: justify;\">Empieza a pintar y a escribir en Madrid, en 1947, mientras se recupera de una tuberculosis. Su primera estancia en Par&iacute;s es en 1952. Su segundo per&iacute;odo en Par&iacute;s es entre 1954 y 1955 durante el cual conoce a Benjamin P&eacute;ret y frecuenta al grupo de los surrealistas. Emplea entonces la t&eacute;cnica del grattage, adopta un estilo gestual y una pintura radicalmente abstracta, colorista, de concepci&oacute;n org&aacute;nica y aleatoria. Empieza a pintar ocupando el espacio del lienzo de varias y muy diversas maneras, creando estructuras formales propias que no dejar&aacute; de desarrollar. En 1957 funda en Madrid el grupo El Paso, que dirigir&aacute; hasta su disoluci&oacute;n en 1960. A partir de 1959 se dedica a realizar una prol&iacute;fica obra gr&aacute;fica. En 1960 empieza a esculpir y realiza obras compuestas con elementos de metal soldado que representan la figura humana, personajes y crucifixiones. En 1967 se instala definitivamente en Par&iacute;s; se implica en la oposici&oacute;n a la dictadura franquista y participa en numerosos debates y pol&eacute;micas en los &aacute;mbitos de la pol&iacute;tica, la est&eacute;tica y la creaci&oacute;n art&iacute;stica. En 1971 abandona la pintura sobre lienzo para dedicarse a la escritura, el dibujo y la pintura sobre papel.</p>',	'<p style=\"text-align: justify;\">He began painting and writing in Madrid, in 1947, while recovering from tuberculosis. He first stays in Paris in 1952. His second period in Paris is between 1954 and 1955 during which he met Benjamin P&eacute;ret and frequented the group of surrealists. Then he experiments with the grattage technique, adopts a gestural style and a radically abstract, colorful, organic and random conceptual painting. He began to paint using the space of the canvas in several and very diverse ways, creating his own formal structures that he will not stop developing. In 1957 he founded the El Paso group in Madrid, which he directed until its dissolution in 1960. From 1959 onwards he dedicated himself to making a prolific graphic work. In 1960 he began to sculpt and his works were composed of elements of welded metal, that represented the human figure, characters and crucifixions. In 1967 he settled permanently in Paris; he got involved in the opposition to the Franco dictatorship and participated in numerous debates and controversies, in the fields of politics, aesthetics and artistic creation. In 1971 he left the painting on canvas to devote himself to writing, drawing and painting on paper.</p>',	'2018_03_13_14_31_27_antoniosaura.jpg'),
(28,	'2018-01-24 14:58:19',	'Alberto Guzmán',	'1927-09-27',	'2017-11-02',	174,	'<p style=\"text-align: justify;\">Escultor y artista pl&aacute;stico peruano, residente en Par&iacute;s desde 1959, utiliz&oacute; el bronce pulido, el acero soldado y el aluminio en la serie de esculturas Tensiones, para plasmar su preocupaci&oacute;n por el estado cr&iacute;tico del mundo en las d&eacute;cadas de los 60 y 70. Guzm&aacute;n se interes&oacute; en dar forma al m&aacute;rmol por la posibilidad de obtener la transparencia, como un intento de la integraci&oacute;n del espacio en la escultura. Cultiva la mise-en-sc&egrave;ne, la escenificaci&oacute;n, relacionada con el movimiento e invitando al espectador a participar en ese juego de la obra de arte con la realidad. Siempre vio en el m&aacute;rmol las soluciones a un volumen cerrado, a la manera del franc&eacute;s Jean Arp o a la del escultor franc&eacute;s de origen rumano, Constantin Brancusi, como un volumen cerrado que ten&iacute;a la cualidad de penetrar en el espacio. El cr&iacute;tico franc&eacute;s Patrick-Gilles Persin escribi&oacute;: \"Hoy, sus formas esculpidas adoptan aspectos monol&iacute;ticos que se juntan a ciertos resurgimientos arqueol&oacute;gicos, parecen ser bloques redondeados con huellas singulares que se abren hacia diversas b&uacute;squedas\"</p>',	'<p style=\"text-align: justify;\">Peruvian sculptor and &nbsp;plastic artist, resident in Paris since 1959. He used polished bronze, welded steel and aluminum in the series of sculptures Tensions, to express his concern for the critical state of the world during the 60\'s and 70\'s. Guzm&aacute;n was interested in shaping marble thinking about the possibility of obtaining transparency, as an attempt to integrate space into sculpture. He cultivates the mise-en-sc&egrave;ne related to the movement and inviting the viewer to participate in that interaction of the work of art with reality. He always saw in the marble the solutions to a closed volume, as Jean Arp or the French sculptor Constantin Brancusi did, as a closed volume that had the quality of penetrating into space. The French critic Patrick-Gilles Persin wrote: \"Today, their sculpted forms adopt monolithic aspects that join certain archaeological resurgences; they seem to be rounded blocks with unique traces that open up to diverse searches\"</p>',	'2018_03_13_14_34_20_albertoguzman.jpg'),
(29,	'2018-01-24 17:27:24',	'Antigüedades',	'2018-01-24',	NULL,	1,	'',	'',	''),
(30,	'2018-02-01 17:53:13',	'Antonio Carrasco',	'1947-11-22',	NULL,	1,	'<p style=\"text-align: justify;\">Antonio Carrasco, artesano nacido en Cuenca, Ecuador en 1947. Vive en la amazonia ecuatoria, provincia de Napo, ciudad de Archidona. En su finca, reforesta y recupera el bosque original sembrando cacao de fino aroma. En medio de este ambiente selv&aacute;tico es donde nace WIWA y es el lugar donde Antonio crea sus maravillosos cuchillos usando materiales reciclados de la zona. WIWA significa <em>animal</em>&nbsp;en el idioma Quichua amaz&oacute;nico y representa el estilo de vida, los entornos y todo lo que rodea el hogar del artista.&nbsp;</p>',	'<p style=\"text-align: justify;\">Antonio Carrasco was born in Cuenca, Ecuador in 1947. He lives in Archidona, a city in the province of Napo in the Ecuadorian Amazon. On his farm he reforests and recovers the original forest by sowing fine cocoa of aroma. Within this jungle environment, WIWA is born and it is the place where Antonio creates his wonderful knives, using recycled materials, found right there. WIWA translates to <em>animal</em>&nbsp;from the Amazonian Quichua language and it represents the lifestyle and environments that surround Antonio\'s home.&nbsp;</p>',	'2018_03_13_14_38_03_antoniocarrasco.jpg'),
(32,	'2018-03-12 10:22:19',	'Jorge Luna ',	'1989-08-31',	NULL,	1,	'<p style=\"text-align: justify;\">Jorge Luna es un artista quite&ntilde;o que lleva 5 a&ntilde;os trabajando la cer&aacute;mica de alta temperatura. Trabaj&oacute; en el taller Barroquema de Juana Llor&eacute; y fue alumno de Mar&iacute;a Teresa Freit-Mount.&nbsp;</p>\r\n<p style=\"text-align: justify;\">Su inspiraci&oacute;n por Gal&aacute;pagos nace al realizar varios viajes a las islas en un per&iacute;odo de 2 a&ntilde;os. Su principal objetivo es transmitir la belleza m&aacute;gica de la flora y la fauna end&eacute;mica de las Gal&aacute;pagos e inmortalizarla en delicadas cer&aacute;micas que logran los colores y las texturas propias del sitio.&nbsp;Su trabajo va evolucionando desde la pintura hasta la cer&aacute;mica creando objetos utilitarios que a su vez son verdaderas obras de arte. Todo es hecho a mano. Ninguna pieza es igual a la anterior y todo es exclusivo.&nbsp;Los animales, las aves, las texturas de los volcanes y el color del mar de las Islas Encantadas son las caracter&iacute;sticas que Jorge logra impregnar en cada una de sus hermosas piezas.</p>',	'<p>Jorge Luna is an Ecuadorian artist who has been working high temperature ceramics for 5 years. He has worked in Juana Llor&eacute;\'s Barroquema Ceramics Workshop and he was an excelent student of Mar&iacute;a Teresa Freit-Mount.</p>\r\n<p style=\"text-align: justify;\">His inspiration for Gal&aacute;pagos begins with a series of visits to the Islands in a period of 2 years. His main objective is to transmit the beauty of the magical and endemic flora and fauna found in the Gal&aacute;pagos Islands, immortalizing these characterictics in the delicate ceramics that recreate the colors and textures of the place. His work has evolved from paintings to ceramics, creating utility objects that are true pieces of art. Everything is hand made, none of his pieces are the same and everything is exclusive. The animals, the birds, the volcanic textures and the color of the sea in the Enchanted Islands are impregnated in each and everyone of Jorge\'s beautiful ceramics.</p>',	''),
(33,	'2018-03-12 11:19:10',	'Blanca Suárez',	'1955-12-05',	NULL,	48,	'<p style=\"text-align: justify;\">Blanca Su&aacute;rez, artista colombiana residente en Ecuador, lleva 32 trabajando la t&eacute;cnica de los vitrales. En la universidad, mientras estudiaba Qu&iacute;mica y Biolog&iacute;a, tuvo la oportunidad de conectarse con el arte de los vitrales y decidi&oacute; experimentar. Su mayor inspiraci&oacute;n fueron las l&aacute;mparas Tiffany y gracias a esto se dedica a aprender de manera autodidacta. Al empezar su carrera, el producto se iba formando seg&uacute;n lo que sus clientes le ped&iacute;an, pero despu&eacute;s su inspiraci&oacute;n nace desde la naturaleza y es as&iacute; como sus colibr&iacute;s empiezan a tomar forma.</p>\r\n<p style=\"text-align: justify;\">Ha participado en ferias en Colombia y Ecuador. Su trabajo es muy conocido en el &aacute;mbito art&iacute;stico y de dise&ntilde;o de interiores de Quito y su taller es uno de los m&aacute;s antiguos de la Ciudad.</p>\r\n<p>&nbsp;</p>',	'<p style=\"text-align: justify;\">Blanca Suarez, is a Colombian artist living in Ecuador who has been working on the stained glass technique for 32 years. In college, while studying Chemistry and Biology, she had the opportunity to connect with the art of stained glass and decided to experiment with it. Her biggest inspirations were the Tiffany lamps and thanks to them she dedicates herself to learning in a self-taught way. At the beginning of her career, the product was formed according to what her customers asked, but then her inspiration comes from nature and that is how her hummingbirds begin to take shape.<br />She has participated in fairs in Colombia and Ecuador. Her work is well known in the artistic and interior design areas of Quito and her workshop is one of the oldest in the City.</p>',	''),
(34,	'2018-03-12 11:29:28',	'Juana Lloré',	'1958-10-15',	NULL,	1,	'<p style=\"text-align: justify;\">Juana Llor&eacute; empez&oacute; a hacer cer&aacute;mica desde que ten&iacute;a 15 a&ntilde;os, pero su taller Barroquema empieza en el a&ntilde;o de 1982 y nace como una necesidad de trabajar la cer&aacute;mica como no se hac&iacute;a normalmente en esa &eacute;poca, pues eran pocos los lugares que ofrec&iacute;an el servicio de los hornos de alta temperatura y el espacio para experimentar.</p>\r\n<p style=\"text-align: justify;\">Juana ve a su taller como un servicio a quienes necesitan de las facilidades que otros talleres no pueden ofrecer. As&iacute;, el taller se ha convertido en un espacio de aprendizaje, de trabajo constante en un proceso de crecimiento y de ampliar sus conocimientos en el camino. Ha participado en muestras internacionales como la Exposici&oacute;n Mundial de Cer&aacute;mica en Korea de 2001 y en otras ferias, pero Juana recalca que han preferido siempre mantenerse independientes. Desde esta perspectiva y con una gran trayectoria, Barroquema es un taller &uacute;nico en el Ecuador que promueve la producci&oacute;n de cer&aacute;mica de alta temperatura con piezas que se definen por su belleza y calidad.</p>',	'<p>Juana Llor&eacute; started working with ceramics since she was 15 years old.&nbsp;Her workshop Barroquema, began in 1982 and it was born as a necesity to work ceramics as was not normally done at that time; since there were few places that offered the service of the high temperature ovens and the space to experiment.</p>\r\n<p style=\"text-align: justify;\">Juana sees her workshop as a service to those who need the facilities that other workshops cannot offer. Thus, the workshop has become a space for learning, of constant work in a process of growth and expanding their knowledge along the way. She has participated in international exhibitions such as the World Ceramics Exhibition in Korea in 2001 and other fairs, but Juana emphasizes that they have always preferred to remain independent. From this perspective and with a great career, Barroquema is a unique workshop in Ecuador that promotes the production of high temperature ceramics with pieces that are defined by their beauty and quality.</p>',	''),
(35,	'2018-03-12 12:56:59',	'María Eugenia Fiallo',	'1963-01-01',	NULL,	1,	'<p>25 a&ntilde;os de trabajo en cer&aacute;mica.&nbsp;Propietaria del Taller de cer&aacute;mica y&nbsp;alfarer&iacute;a Cielo de Barro (Desde 1995).</p>\r\n<p style=\"text-align: justify;\">Egresada de la Facultad de Arquitectura, Urbanismo y Artes de la Universidad de Cuenca&nbsp;(1989-1994). De manera autodidacta se ha especializado en diversas t&eacute;cnicas de cer&aacute;mica,&nbsp;incluido el empleo de torno y las quemas en horno. 2017 Septiembre 5, 6 y 7: Taller&nbsp;Modelado por Yoko Ueno instructora japonesa experta senior en esculturas en cer&aacute;mica. En&nbsp;2016 asisti&oacute;, en Arte en Cumbay&aacute;, Quito, a dos talleres: Taller de Grabado y Taller de&nbsp;Electro grabado. En Quito ha tomado cursos de aplicaci&oacute;n de esmalte sobre bizcocho en&nbsp;Carma Estudio de Cer&aacute;mica. 1994 Agosto 1-31: Curso alfarer&iacute;a, &ldquo;Convenci&oacute;n del &acute;45&rdquo;.</p>\r\n<p>&nbsp;</p>',	'<p>Mar&iacute;a Eugenia Fiallo has worked with ceramics for 25 years and she owns the workshop Cielo de Barro since 1995.</p>\r\n<p style=\"text-align: justify;\">She grduated from the Faculty of Achitecture, Urbanism and Arts from Universidad de Cuenca in 1994. She has specialized in different ceramics techniques and the use of the oven. In september 2017 she attended the Modeling Workshop by Yoko Ueno, japanese senior expert in cermic sculpting. In 2016 she attended two workshops, Engraving and Electro Engraving, in Art in Cumbay&aacute;. Also, she has specialized her studies in application of enamels on ceramics and poterry.</p>',	'2018_03_13_14_39_08_mariaeugeniafiallo.jpg');

DROP TABLE IF EXISTS `aux`;
CREATE TABLE `aux` (
  `code` varchar(255) DEFAULT NULL,
  `zone` varchar(255) DEFAULT NULL
) ENGINE=InnoDB DEFAULT CHARSET=utf8;

INSERT INTO `aux` (`code`, `zone`) VALUES
('AD',	'2'),
('AE',	'4'),
('AF',	'4'),
('AG',	'1'),
('AI',	'1'),
('AL',	'2'),
('AM',	'2'),
('AO',	'4'),
('AR',	'1'),
('AS',	'4'),
('AT',	'2'),
('AU',	'4'),
('AW',	'1'),
('AZ',	'4'),
('BA',	'2'),
('BB',	'1'),
('BD',	'3'),
('BE',	'2'),
('BF',	'4'),
('BG',	'2'),
('BH',	'4'),
('BI',	'4'),
('BJ',	'4'),
('BM',	'1'),
('BN',	'4'),
('BO',	'1'),
('BR',	'1'),
('BS',	'1'),
('BT',	'4'),
('BW',	'4'),
('BY',	'2'),
('BZ',	'1'),
('CA',	'1'),
('CD',	'4'),
('CF',	'4'),
('CG',	'4'),
('CH',	'2'),
('CI',	'4'),
('CK',	'4'),
('CL',	'1'),
('CM',	'4'),
('CN',	'3'),
('CO',	'1'),
('CR',	'1'),
('CU',	'1'),
('CV',	'4'),
('CY',	'2'),
('CZ',	'2'),
('DE',	'2'),
('DJ',	'4'),
('DK',	'2'),
('DM',	'1'),
('DO',	'1'),
('DZ',	'4'),
('EC',	'0'),
('EE',	'2'),
('EG',	'4'),
('ER',	'4'),
('ES',	'2'),
('ET',	'4'),
('FI',	'2'),
('FJ',	'4'),
('FK',	'1'),
('FM',	'4'),
('FO',	'4'),
('FR',	'2'),
('GA',	'4'),
('GB',	'2'),
('GD',	'1'),
('GE',	'2'),
('GF',	'1'),
('GG',	'4'),
('GH',	'4'),
('GI',	'4'),
('GL',	'2'),
('GM',	'4'),
('GN',	'4'),
('GP',	'1'),
('GQ',	'4'),
('GR',	'2'),
('GT',	'1'),
('GU',	'4'),
('GW',	'4'),
('GY',	'1'),
('HK',	'3'),
('HN',	'1'),
('HR',	'2'),
('HT',	'1'),
('HU',	'2'),
('IC',	'4'),
('ID',	'3'),
('IE',	'2'),
('IL',	'2'),
('IN',	'3'),
('IQ',	'4'),
('IR',	'4'),
('IS',	'2'),
('IT',	'2'),
('JE',	'4'),
('JM',	'1'),
('JO',	'4'),
('JP',	'3'),
('KE',	'4'),
('KG',	'4'),
('KH',	'3'),
('KI',	'4'),
('KM',	'4'),
('KN',	'1'),
('KP',	'3'),
('KR',	'3'),
('KV',	'2'),
('KW',	'4'),
('KY',	'1'),
('KZ',	'4'),
('LA',	'3'),
('LB',	'4'),
('LC',	'1'),
('LI',	'2'),
('LK',	'3'),
('LR',	'4'),
('LS',	'4'),
('LT',	'2'),
('LU',	'2'),
('LV',	'2'),
('LY',	'4'),
('MA',	'4'),
('MC',	'2'),
('MD',	'2'),
('ME',	'2'),
('MG',	'4'),
('MH',	'4'),
('MK',	'2'),
('ML',	'4'),
('MM',	'4'),
('MN',	'4'),
('MO',	'4'),
('MP',	'4'),
('MQ',	'1'),
('MR',	'4'),
('MS',	'1'),
('MT',	'2'),
('MU',	'4'),
('MV',	'4'),
('MW',	'4'),
('MX',	'1'),
('MY',	'4'),
('MZ',	'4'),
('NA',	'4'),
('NC',	'4'),
('NE',	'4'),
('NG',	'4'),
('NI',	'1'),
('NL',	'2'),
('NO',	'2'),
('NP',	'4'),
('NR',	'4'),
('NU',	'4'),
('NZ',	'4'),
('OM',	'4'),
('PA',	'1'),
('PE',	'1'),
('PF',	'4'),
('PG',	'4'),
('PH',	'3'),
('PK',	'4'),
('PL',	'2'),
('PR',	'1'),
('PT',	'2'),
('PW',	'4'),
('PY',	'1'),
('QA',	'4'),
('RE',	'4'),
('RO',	'2'),
('RS',	'2'),
('RU',	'2'),
('RW',	'4'),
('SA',	'4'),
('SB',	'4'),
('SC',	'4'),
('SD',	'4'),
('SE',	'2'),
('SG',	'3'),
('SH',	'4'),
('SI',	'2'),
('SK',	'2'),
('SL',	'4'),
('SM',	'2'),
('SN',	'4'),
('SO',	'4'),
('SR',	'1'),
('SS',	'4'),
('ST',	'4'),
('SV',	'1'),
('SY',	'4'),
('SZ',	'4'),
('TC',	'1'),
('TD',	'4'),
('TG',	'4'),
('TH',	'3'),
('TJ',	'4'),
('TL',	'4'),
('TN',	'4'),
('TO',	'4'),
('TR',	'2'),
('TT',	'1'),
('TV',	'4'),
('TW',	'3'),
('TZ',	'4'),
('UA',	'2'),
('UG',	'4'),
('US',	'1'),
('US',	'1'),
('US',	'1'),
('US',	'1'),
('US',	'1'),
('US',	'1'),
('US',	'1'),
('US',	'1'),
('US',	'1'),
('US',	'1'),
('US',	'1'),
('US',	'1'),
('UY',	'1'),
('UZ',	'4'),
('VA',	'2'),
('VC',	'1'),
('VE',	'1'),
('VG',	'1'),
('VI',	'1'),
('VN',	'3'),
('VU',	'4'),
('WS',	'4'),
('XB',	'1'),
('XC',	'1'),
('XE',	'1'),
('XM',	'1'),
('XN',	'1'),
('XS',	'4'),
('XY',	'1'),
('YE',	'4'),
('YT',	'4'),
('ZA',	'4'),
('ZM',	'4'),
('ZW',	'4');

DROP TABLE IF EXISTS `bill`;
CREATE TABLE `bill` (
  `id` int(11) NOT NULL AUTO_INCREMENT,
  `user_id` int(11) NOT NULL,
  `creation_date` datetime NOT NULL,
  `billing_id` int(11) NOT NULL,
  `delivery_id` int(11) NOT NULL,
  `status` enum('PAYED','FAILED','PENDING') NOT NULL DEFAULT 'PENDING',
  `observation` text,
  `subtotal` double(10,2) DEFAULT NULL,
  `pay_method` enum('PAYPAL') DEFAULT 'PAYPAL',
  PRIMARY KEY (`id`),
  KEY `fk_bill_user1_idx` (`user_id`),
  KEY `fk_bill_baddress` (`billing_id`),
  KEY `fk_bill_daddress` (`delivery_id`),
  CONSTRAINT `fk_bill_baddress` FOREIGN KEY (`billing_id`) REFERENCES `address` (`id`) ON DELETE NO ACTION ON UPDATE NO ACTION,
  CONSTRAINT `fk_bill_daddress` FOREIGN KEY (`delivery_id`) REFERENCES `address` (`id`) ON DELETE NO ACTION ON UPDATE NO ACTION,
  CONSTRAINT `fk_bill_user1` FOREIGN KEY (`user_id`) REFERENCES `user` (`id`) ON DELETE NO ACTION ON UPDATE NO ACTION
) ENGINE=InnoDB DEFAULT CHARSET=utf8;

INSERT INTO `bill` (`id`, `user_id`, `creation_date`, `billing_id`, `delivery_id`, `status`, `observation`, `subtotal`, `pay_method`) VALUES
(5,	3,	'2017-02-01 23:02:50',	1,	3,	'PENDING',	'',	150.00,	'PAYPAL'),
(6,	3,	'2017-02-01 23:04:39',	1,	3,	'PENDING',	'',	150.00,	'PAYPAL'),
(7,	3,	'2017-02-01 23:05:34',	1,	3,	'PAYED',	'',	150.00,	'PAYPAL'),
(8,	3,	'2017-02-01 23:08:01',	1,	3,	'PENDING',	'',	150.00,	'PAYPAL'),
(9,	3,	'2017-02-01 23:15:02',	1,	3,	'PENDING',	'',	273.00,	'PAYPAL'),
(10,	3,	'2017-02-01 23:26:10',	1,	3,	'PENDING',	'',	273.00,	'PAYPAL'),
(11,	3,	'2017-02-02 23:43:30',	1,	3,	'PENDING',	'',	273.00,	'PAYPAL'),
(12,	3,	'2017-02-02 23:43:57',	1,	3,	'PENDING',	'',	273.00,	'PAYPAL'),
(13,	3,	'2017-02-02 23:54:39',	1,	3,	'PENDING',	'',	423.00,	'PAYPAL'),
(14,	3,	'2017-02-02 23:54:39',	1,	3,	'PENDING',	'',	423.00,	'PAYPAL'),
(15,	3,	'2017-01-02 23:54:39',	1,	3,	'PENDING',	'',	423.00,	'PAYPAL'),
(16,	3,	'2017-01-02 23:54:39',	1,	3,	'PENDING',	'',	423.00,	'PAYPAL'),
(17,	3,	'2017-01-02 23:54:39',	1,	3,	'PENDING',	'',	423.00,	'PAYPAL'),
(18,	3,	'2017-03-02 23:54:39',	1,	3,	'PENDING',	'',	423.00,	'PAYPAL'),
(19,	3,	'2017-03-02 23:54:39',	1,	3,	'PENDING',	'',	423.00,	'PAYPAL'),
(20,	3,	'2017-03-02 23:54:39',	1,	3,	'PENDING',	'',	423.00,	'PAYPAL'),
(21,	3,	'2017-04-11 15:49:41',	1,	3,	'PENDING',	'',	900.00,	'PAYPAL'),
(22,	3,	'2017-04-11 15:51:46',	1,	3,	'PENDING',	'',	900.00,	'PAYPAL'),
(23,	3,	'2017-06-06 22:42:21',	1,	3,	'PENDING',	'',	150.00,	'PAYPAL'),
(24,	3,	'2017-06-21 12:33:56',	1,	3,	'PENDING',	'',	0.00,	'PAYPAL'),
(25,	3,	'2017-06-21 12:34:43',	1,	3,	'PENDING',	'',	0.00,	'PAYPAL'),
(26,	3,	'2017-06-21 12:35:54',	1,	3,	'PENDING',	'',	0.00,	'PAYPAL'),
(27,	3,	'2017-06-21 12:36:09',	1,	3,	'PENDING',	'',	0.00,	'PAYPAL'),
(28,	3,	'2017-06-21 12:36:12',	1,	3,	'PENDING',	'',	0.00,	'PAYPAL'),
(29,	3,	'2017-07-26 13:57:58',	1,	4,	'PENDING',	'',	125.00,	'PAYPAL'),
(30,	3,	'2017-07-26 13:59:08',	1,	5,	'PENDING',	'',	265.00,	'PAYPAL'),
(31,	3,	'2017-07-26 14:07:10',	1,	5,	'PENDING',	'',	265.00,	'PAYPAL'),
(32,	3,	'2017-08-14 19:21:31',	1,	3,	'PENDING',	'',	365.00,	'PAYPAL');

DROP TABLE IF EXISTS `category`;
CREATE TABLE `category` (
  `id` int(11) NOT NULL AUTO_INCREMENT,
  `category_id` int(11) DEFAULT NULL,
  `creation_date` datetime NOT NULL,
  `description` varchar(150) NOT NULL,
  `code` varchar(255) DEFAULT NULL,
  `sort` int(11) DEFAULT NULL,
  `description_en` varchar(150) DEFAULT NULL,
  PRIMARY KEY (`id`),
  KEY `fk_category_category_idx` (`category_id`),
  CONSTRAINT `fk_category_category` FOREIGN KEY (`category_id`) REFERENCES `category` (`id`) ON DELETE NO ACTION ON UPDATE NO ACTION
) ENGINE=InnoDB DEFAULT CHARSET=utf8;

INSERT INTO `category` (`id`, `category_id`, `creation_date`, `description`, `code`, `sort`, `description_en`) VALUES
(1,	NULL,	'2017-01-20 00:00:00',	'ARTE',	'01',	1,	'ART'),
(2,	NULL,	'2017-01-20 00:00:00',	'ARTESANÍA FINA',	'02',	2,	'FINE CRAFTS'),
(3,	NULL,	'2017-01-20 00:00:00',	'Antigüedades',	'03',	3,	'Antiques'),
(4,	1,	'2017-01-20 00:00:00',	'Pintura',	'10',	2,	'PAINTING'),
(5,	4,	'2017-01-20 00:00:00',	'Todos ',	'P',	3,	'All'),
(12,	1,	'2017-01-20 00:00:00',	'Dibujo',	'12',	2,	'DRAWING'),
(15,	1,	'2017-05-23 19:13:56',	'Grabado',	'13',	3,	'ENGRAVING'),
(24,	12,	'2017-05-23 19:21:14',	'Todos ',	'D',	1,	'All'),
(27,	15,	'2017-05-23 19:22:17',	'Todos ',	'G',	1,	'All'),
(39,	2,	'2017-05-23 19:27:21',	'CASA Y DECORACIÓN',	'19',	2,	'Home and Decor'),
(40,	39,	'2017-05-23 19:28:08',	'Accesorios Decorativos',	'CD',	1,	'Decorative Accessories'),
(44,	2,	'2017-05-23 19:30:01',	'Mesa',	'20',	1,	'Table'),
(48,	3,	'2017-05-23 19:51:13',	'Casa y Decoración',	'24',	1,	'Home and Decoration'),
(97,	44,	'2018-02-01 15:59:50',	'Cuchillos',	'M',	3,	'Knives'),
(99,	3,	'2018-02-01 16:15:14',	'Mesa',	'25',	2,	'Table'),
(100,	99,	'2018-02-01 16:16:22',	'Todos ',	'M',	1,	'All'),
(109,	48,	'2018-02-06 13:04:44',	'Todos ',	'CD',	1,	'All'),
(110,	39,	'2018-03-16 16:22:03',	'Colgantes',	'CD',	2,	'Pendants'),
(111,	44,	'2018-03-16 18:54:11',	'Jarrones',	'',	2,	'Jugs');

DROP TABLE IF EXISTS `content`;
CREATE TABLE `content` (
  `id` int(11) unsigned NOT NULL AUTO_INCREMENT,
  `title` varchar(255) NOT NULL DEFAULT '',
  `description` text,
  `sort` int(11) DEFAULT NULL,
  `section` enum('SIDEBAR','FOOTER') DEFAULT NULL,
  `type` enum('BUSINESS','POLITICS') DEFAULT NULL,
  `title_en` varchar(255) NOT NULL DEFAULT '',
  `description_en` text,
  PRIMARY KEY (`id`)
) ENGINE=InnoDB DEFAULT CHARSET=utf8;

INSERT INTO `content` (`id`, `title`, `description`, `sort`, `section`, `type`, `title_en`, `description_en`) VALUES
(2,	'CONTACTO',	'<div class=\"page\" style=\"margin: auto; width: 50%; padding: 10px;padding-bottom: 400px;\" title=\"Page 1\">\r\n<div class=\"section\">\r\n<div class=\"layoutArea\">\r\n<div class=\"column\">\r\n<p><strong>ATENCIÓN AL CLIENTE</strong></p>\r\n<p style=\"border-bottom: 1px solid; border-top: 1px solid;\">ONLINE</p>\r\n<p>\n<strong style=\"font-size: 13px;\">\n<i class=\"fab fa-whatsapp\"></i>\n<span style=\"margin-left:5px;\">WhatsApp:</span>\n</strong> + 593 99 548 3953\n</p>\r\n<p>\n<strong style=\"font-size: 13px;\">\n<i class=\"fas fa-comments\"></i>\n<span style=\"margin-left:5px;\">CHAT</span>\n</strong>\n</p>\r\n<p>\n<strong style=\"font-size: 13px;\">\n<i class=\"fas fa-envelope-open\"></i>\n<span style=\"margin-left:5px;\">MAIL:</span>\n</strong> info@layolanda.com\n</p>\r\n<p><strong style=\"font-size: 13px;\"><i class=\"fas fa-share-square\"></i><span style=\"margin-left:5px;\">Redes Sociales:</span></strong> Messenger de Facebook</p>\r\n</div>\r\n</div>\r\n</div>\r\n</div>',	3,	'SIDEBAR',	'POLITICS',	'',	''),
(5,	'Condiciones de Compra',	'<p>hkjaskjhdas</p>',	1,	'SIDEBAR',	'BUSINESS',	'',	''),
(7,	'POLÍTICAS DE PRIVACIDAD',	'<div style=\"padding-left: 50px; padding-right: 50px;padding-top:20px;text-align: justify;\">\r\n<div class=\"page\" title=\"Page 1\">\r\n<div class=\"section\">\r\n<div class=\"layoutArea\">\r\n<div class=\"column\">\r\n<p>Esta Política de Privacidad establece las bases sobre las que LAYOLANDA.COM, tienda on line que actualmente opera en Quito-Ecuador la venta de obras de artes, artesanía fina y antigüedades, conjuntamente &ldquo;Nosotros&rdquo; o &ldquo;los Responsables del Manejo Virtual&rdquo;, tratan sus datos personales cuando nos los facilite durante su experiencia a través de la página web www.layolanda.com (en adelante, &ldquo;la Web&rdquo;), u otros aplicativos, software, medios digitales, soportes o dispositivos habilitados para interactuar con la plataforma de venta on line de productos, servicios y funcionalidades relacionados con la marca LAYOLANDA en Ecuador (en su conjunto, &ldquo;la Plataforma&rdquo;).</p>\r\n<p>Cada vez que al usar la Plataforma nos facilite o sea necesario que accedamos a cualquier tipo de información que por sus características nos permita identificarle, como su nombre y apellidos, e-mail, direcciones de facturación o envío, número de teléfono, tipo de dispositivo o número de tarjeta de débito o crédito, etc. (en adelante, &ldquo;Datos Personales&rdquo;), ya sea para navegar por la misma, comprar nuestros productos o hacer uso de sus servicios o funcionalidades, estará bajo la aplicación de esta Política de Privacidad, junto con las Condiciones de Uso y Compra, las Políticas de Envío y otros documentos referenciados en las mismas (conjuntamente &ldquo;los Términos y Condiciones&rdquo;) vigentes en cada momento, debiendo revisar dichos textos para comprobar que está conforme con ellos.</p>\r\n<p><strong>1. RECOGIDA DE DATOS Y FINALIDADES PRINCIPALES DEL TRATAMIENTO</strong></p>\r\n<p>Recuerde que antes de empezar a utilizar cualquiera de nuestros servicios o funcionalidades, deberá leer en esta Política de Privacidad, así como en los Términos y Condiciones la sección específica sobre los mismos. En dicha sección podrá ver si hay alguna condición particular para su uso, o si requiere un tratamiento específico de sus Datos Personales.</p>\r\n<p>El hecho de no facilitar cierta información señalada como obligatoria, puede conllevar que no sea posible gestionar su registro como usuario o el uso de determinadas funcionalidades o servicios disponibles a través de la Plataforma.</p>\r\n<p>El usuario (usted) por la presente garantiza que los Datos Personales proporcionados son ciertos y exactos y se compromete a notificar cualquier cambio o modificación de los mismos. En el caso de que nos aporte Datos Personales de terceros, usted se responsabiliza de haber informado y haber obtenido el consentimiento de estos para ser aportados con las finalidades indicadas en los apartados correspondientes de la presente Política de Privacidad. Cualquier pérdida o daño causado a la Plataforma o al responsable de la Plataforma o a cualquier tercero mediante la comunicación de información errónea, inexacta o incompleta en los formularios de registro será responsabilidad exclusiva del usuario.</p>\r\n<p>LAYOLANDA.COM, como responsable, tratará sus Datos Personales con las siguientes finalidades:</p>\r\n<p>1.1 Gestionar su registro como usuario de la Plataforma: Los Datos Personales que nos aporte serán objeto de tratamiento para identificarle como usuario de la Plataforma y darle acceso a sus diferentes funcionalidades, productos y servicios que están a su disposición como usuario registrado.</p>\r\n</div>\r\n</div>\r\n</div>\r\n</div>\r\n<div class=\"page\" title=\"Page 2\">\r\n<div class=\"section\">\r\n<div class=\"layoutArea\">\r\n<div class=\"column\">\r\n<p>1.2 El desarrollo, cumplimiento y ejecución del contrato de compraventa de los productos o servicios que ha adquirido o de cualquier otro contrato con Nosotros a través de la Plataforma. En particular, deberá tener en cuenta lo siguiente:</p>\r\n<p>1.2.1 En caso de pagos con tarjeta de crédito o débito, la plataforma utiliza los servicios de PayPal (empresa intermediaria de cobro internacional). LAYOLANADA.COM solo remite la información del cliente con el tercero (en este caso PayPal y sus afiliados) para que procesado el pago y en su caso notifiquen a LAYOLANDA.COM la autorización de la transacción. La Plataforma estipula en sus Términos y Condiciones que el cliente acepta que la información será remitida a un tercero para su validación y autorización. En el caso de que utilice el servicio &ldquo;PayPal&rdquo; a través de nuestra plataforma Web, el tratamiento de sus Datos Personales se llevará a cabo, de conformidad con las Condiciones de PayPaL. El consentimiento para activar y guardar sus tarjetas para iniciar sus pagos a través de PayPal, permite que no sea necesario introducir los Datos Personales asociados a su tarjeta de nuevo en cada proceso, y que éstos se entiendan válidos y vigentes para iniciar los pagos de sus compras posteriores a través de PayPal.</p>\r\n<p>1.3 Contactar con usted a través de correo electrónico, llamadas telefónicas, envío de SMS u otros medios de comunicación electrónicos equivalentes, como las notificaciones push vía mail, etc. en relación a actualizaciones o comunicaciones informativas relacionadas con las funcionalidades, productos o servicios contratados, incluidas actualizaciones de seguridad de la Plataforma, siempre que sea necesario o razonable para su ejecución.</p>\r\n<p>1.4 Atender las solicitudes o peticiones que realice a través de los canales de Atención al Cliente disponibles sobre nuestra Plataforma.</p>\r\n<p><strong>2. DERECHOS DE PROTECCIÓN DE DATOS</strong></p>\r\n<p>Los Responsables del Tratamiento se comprometen a respetar la confidencialidad de sus Datos Personales y a garantizarle el ejercicio de sus derechos. En todo momento podrá ejercer sus derechos de acceso, rectificación, cancelación y oposición mediante el envío de un correo electrónico a: dataprotection@layolanda.com, indicándonos el motivo de su solicitud.</p>\r\n<p>En caso necesario, podremos solicitarle copia de su CI (Cédula de Identidad), pasaporte u otro documento válido que lo identifique. En el caso de que decidiese ejercer dichos derechos y que como parte de los datos personales que nos hubiera facilitado conste el correo electrónico le agradeceríamos que en la mencionada comunicación se hiciera constar específicamente esa circunstancia, indicando la dirección de correo electrónico respecto de la que desea ejercitar su derecho de acceso, rectificación, cancelación u oposición.</p>\r\n<p><strong>3. OTROS USOS NECESARIOS DE SUS DATOS PERSONALES</strong></p>\r\n<p>Para cumplir las finalidades indicadas en la presente Política de Privacidad, es necesario que tanto LAYOLANDA.COM como determinadas sociedades que colaboran con la plataforma traten sus Datos Personales en la medida en que estén directamente implicadas con cada finalidad.</p>\r\n</div>\r\n</div>\r\n</div>\r\n</div>\r\n<div class=\"page\" title=\"Page 3\">\r\n<div class=\"section\">\r\n<div class=\"layoutArea\">\r\n<div class=\"column\">\r\n<p>Asimismo, también podrá ser necesario facilitar sus Datos Personales a terceras partes que nos presten servicios de apoyo, tales como entidades financieras, entidades de lucha contra el fraude, proveedores de servicios tecnológicos, de logística, transporte y entrega, atención al cliente y/o de análisis de las transacciones que se realizan a través de la Plataforma de cara a ofrecer a los usuarios garantías suficientes en las operaciones comerciales, etc. Al aportarnos sus Datos Personales a través de esta Plataforma, usted nos autoriza a tratar y compartir su información con dichos colaboradores. Su autorización, incluye aquellos casos en que, por eficiencia del servicio, los prestadores puedan estar ubicados en Estados Unidos de América u otros países o territorios situados fuera del Espacio Económico del Ecuador que no proporcionen un nivel de protección de datos equiparable al de su país o, en su caso, al de la Ecuador.</p>\r\n<p><strong>4. SEGURIDAD DE LA INFORMACIÓN DEL USUARIO.</strong></p>\r\n<p>La información que el usuario proporciona a la plataforma es almacenada en nuestros servidores de manera segura. Las formas de captura de información están alojadas en sitios seguros con certificados SSL (Secure Socket Layer), lo que garantiza que la información que nos envían los usuarios, solo se comparte entre su computadora y nuestro servidor.</p>\r\n<p>Al momento de contratar un servicio o comprar un producto en la plataforma, se pedirán datos bancarios para los cuales se les direcciona a una página Web (PayPal) que ofrece seguridad y confidencialidad de los datos que proporciona, para ello, cuentan con un servidor seguro bajo el protocolo SSL (Secure Socket Layer) de tal menara que la información que envían, se transmite encriptada para asegurar su protección.</p>\r\n<p>Se debe aclarar que ninguna transmisión por Internet puede garantizar su seguridad al 100%, por lo tanto, aunque nos esforcemos en proteger su información personal, no se puede asegurar ni garantizar la seguridad de la transmisión de ninguna información. Una vez recibidos los datos con su autorización y aceptación, nos esforzaremos por salvaguardar la información en nuestro servidor.</p>\r\n</div>\r\n</div>\r\n</div>\r\n</div>\r\n</div>',	2,	'FOOTER',	'POLITICS',	'PRIVACY POLICIES',	'<p>HJKADSK</p>'),
(8,	'CONDICIONES DE COMPRA',	'<p>L</p>',	1,	'FOOTER',	'POLITICS',	'',	''),
(9,	'POLÍTICAS DE ENVIO',	'<div style=\"padding-left: 50px; padding-right: 50px;padding-top:20px;text-align: justify;\">\r\n<div class=\"page\" title=\"Page 1\">\r\n<div class=\"section\">\r\n<div class=\"layoutArea\">\r\n<div class=\"column\">\r\n<p><br /> Los siguientes términos aplican para todos los envíos realizados dentro del Área de reparto de la República del</p>\r\n<p>Ecuador y Área de Reparto Internacional .</p>\r\n<p><strong>1. ÁREA DE REPARTO EN LA REPÚBLICA DEL ECUADOR</strong></p>\r\n<p>Los siguientes términos aplican para todos los envíos realizados dentro de la República del Ecuador.</p>\r\n<p>Cuando el área de reparto de nuestros productos se limita a la República de Ecuador, entregamos en todas las localidades donde existe cobertura a través de las empresas de transporte con las que tenemos relación comercial. En las entregas por paquetes se depende totalmente de las condiciones de cada una de las empresas de transporte, así mismo de las condiciones climatológicas y zonas de riesgo.</p>\r\n<p>Los precios publicados en el sitio no incluyen costos de envío, salvo cuando expresamente lo indique alguna promoción en particular, los precios de los productos pueden cambiar en cualquier momento sin previo aviso, no se pueden combinar promociones de otros medios distintos a los presentados en este sitio.</p>\r\n<p>Puedes recibir tu producto en la dirección que elijas (domicilio, trabajo, hotel de hospedaje en el caso de turistas, etc.-nunca en apartado de correos). Una vez procesado tu pedido, te enviaremos un email en un plazo de 3 - 5 días que contiene una cotización de todos los costos de envío (empaque especializado, transporte, impuestos, seguro y tiempo de llegada); y un link para que procedas con el pago. Luego de liberado el pedido (una vez corroborado toda la información del pago y datos de envío), el tiempo de entrega dependerá de la zona nacional de destino y el tipo de obra comprada.</p>\r\n<p>No podemos procesar pedidos con la dirección de entrega incompleta, el cliente se compromete a proporcionar una dirección verídica, válida y localizable donde pueda entregarse el pedido con toda la información solicitada por LAYOLANDA.COM . En caso de que el cliente proporcione una dirección que no sea localizada por el departamento de paquetería, cualquier otro costo adicional será cubierto por el cliente.</p>\r\n<p>LAYOLANDA.COM no procesa órdenes de transporte bajo ningún convenio con proveedores diferentes a los designados por el área de envíos.</p>\r\n<p>Todos los envíos realizados por LAYOLANDA.COM y por nuestros proveedores cumplen estándares altos de empacado, en caso de que su pedido le sea entregado con daño físico, usted debe de agregar una nota al firmar el manifiesto al empleado del servicio de transporte indicando que el paquete presenta señales de maltrato (Caja abierta, golpeada, perforada, mojada, etc.) Sin este requerimiento queda entendido que usted acepta de conformidad el paquete. Si el empleado del servicio de transporte no le permite anotar en el manifiesto de entrega su queja, usted NO deberá recibir el paquete.</p>\r\n<p>Si usted sospecha que la caja que le está entregando el empleado del servicio de transporte no contiene lo que usted compró ya sea por el peso o tamaño del empaque NO deberá de recibirlo indicando al empleado del servicio de paquetería los motivos de la misma forma que en el punto anterior, y deberá de reportarlo con nosotros inmediatamente para hacer la aclaración de su pedido.</p>\r\n</div>\r\n</div>\r\n</div>\r\n</div>\r\n<div class=\"page\" title=\"Page 2\">\r\n<div class=\"section\">\r\n<div class=\"layoutArea\">\r\n<div class=\"column\">\r\n<p>Una vez recibido el paquete en la dirección de entrega, cuenta con 24 horas para reportar anomalías por daño físico o faltante en su pedido, después de este plazo no procede ningún cambio o reclamación, y se dará por aceptado.</p>\r\n<p><strong>2. ÁREA DE REPARTO INTERNACIONAL</strong></p>\r\n<p>Los siguientes términos aplican para todos los envíos internacionales realizados desde la República del Ecuador a zonas de cobertura (América, Europa, Asia, Oceanía, África). Exceptuando países que presenten conflictos armados.</p>\r\n<p>Entregamos en todas las localidades donde existe cobertura a través de las empresas de transporte con las que tenemos relación comercial. En las entregas internacionales dependemos totalmente de las condiciones de cada uno de nuestros proveedores de envíos, así mismo de las condiciones climatológicas, zonas de riesgo y restricciones de cada entidad.</p>\r\n<p>Los precios publicados en el sitio no incluyen costos de envío internacional. Salvo cuando expresamente lo indique alguna promoción en particular, los precios de los productos pueden cambiar en cualquier momento sin previo aviso, y no se pueden combinar promociones de otros medios distintos a los presentados en este sitio.</p>\r\n<p>Puedes recibir tu producto en la dirección que elijas (domicilio, trabajo. Nunca en apartado de correos). Una vez procesado tu pedido, te enviaremos un email en un plazo de 3 - 5 días que contiene una cotización de todos los costos de envío (empaque especializado, transporte, impuestos, seguro y tiempo de llegada); y un link para que procedas con el pago. Luego de liberado el pedido (una vez corroborada toda la información del pago y datos de envío), el tiempo de entrega dependerá del país de destino y el tipo de obra comprada.</p>\r\n<p>No podemos procesar pedidos con la dirección de entrega incompleta, el cliente se compromete a proporcionar una dirección verídica, válida y localizable, donde pueda entregarse el pedido con toda la información solicitada por LAYOLANDA.COM. En caso de que el cliente proporcione una dirección que no sea localizada por la empresa de transporte de paquetería, cualquier otro costo adicional será cubierto por el cliente.</p>\r\n<p>LAYOLANDA.COM no procesa órdenes de transporte bajo ningún convenio con proveedores diferentes a los designados por el área de envíos.</p>\r\n<p>Todos los envíos realizados por nosotros y por nuestros proveedores cumplen con estándares altos de empacado, etiquetado y documentación requerida para envíos internacionales del tipo de producto que comercializamos, en caso de que su pedido le sea entregado con daño físico por parte del proveedor de envíos, usted debe de agregar una nota al firmar el documento de entrega al empleado del servicio de transporte, indicando que el paquete presenta señales de maltrato (Caja abierta, golpeada, perforada, mojada, etc.) Sin esta anotación se entiende que usted recibe de conformidad el paquete. Si el empleado del servicio de transporte no le permite anotar en el manifiesto de entrega usted NO deberá de recibir el paquete.</p>\r\n<p>Una vez recibido el paquete por usted o alguna persona en la dirección de entrega, cuenta con 24 horas para reportar anomalías por daño físico o faltante en su pedido, después de este plazo no procede ningún cambio o reclamación y se dará por aceptado.</p>\r\n</div>\r\n</div>\r\n</div>\r\n</div>\r\n<div class=\"page\" title=\"Page 3\">\r\n<div class=\"section\">\r\n<div class=\"layoutArea\">\r\n<div class=\"column\">\r\n<p><strong>2.1. Importante</strong></p>\r\n<p>LAYOLANDA.COM no se responsabiliza por destrucción de mercadería debido a políticas antinarcóticos de cada país. Si se diera este caso, se le reportará y se le reembolsará el valor del pedido en un plazo de 15 días hábiles. Para la constatación se deberá aplicar un procedimiento por parte de quien recibe al hacer conocer de manera inmediata a LAYOLANDA.COM , para así constatar la destrucción del envío.</p>\r\n<p style=\"padding-left: 30px;\"><strong>3. TIPO DE ENVÍO </strong></p>\r\n<p><strong>3.1. ENVÍO TERRESTRE</strong></p>\r\n<p>El envío terrestre se realiza por las empresas de transporte homologadas por LAYOLANDA.COM que cubren el área de la República del Ecuador . El costo de envío se calcula de acuerdo al peso volumétrico de la obra o pieza, tipo de obra, empaque, seguro y lugar de destino. El valor se asigna como una tasa promedio para la región continental del Ecuador y de acuerdo a los convenios establecidos con los proveedores de LAYOLANDA.COM .</p>\r\n<p>Una vez procesado su pedido, le enviaremos un email de confirmación de envío (cuando su pedido vaya a salir del almacén), con un número de seguimiento que contiene un link de la página web de la empresa de transporte y, por último, el transportista se pondrá en contacto con usted mediante sms o e-mail para informarle de la entrega de su pedido.</p>\r\n<p>Los plazos de entrega una vez liberado el pedido dependen del tipo de la zona nacional de destino y tipo de obra comprada.</p>\r\n<p><strong>3.2. ENVÍO AÉREO</strong></p>\r\n<p>El envío aéreo generalmente se realiza por las empresas de transporte homologadas por LAYOLANDA.COM que cubren el área de la República del Ecuador incluida la provincia de Galápagos y el Área Internacional con una capacidad de 233 países a nivel mundial. El costo de envío se calcula de acuerdo al peso volumétrico de la obra o pieza, tipo de obra, seguro, tipo de empaque y lugar de destino.</p>\r\n<p>Una vez procesado su pedido, le enviaremos un email de confirmación de envío (cuando su pedido vaya a salir del almacén), con un número de seguimiento que contiene un link de la página web de la empresa de transporte y, por último, el transportista se pondrá en contacto con usted mediante sms o e-mail para informarle de la entrega de su pedido.</p>\r\n<p>Los tiempos de entrega una vez liberado el pedido tanto para envíos nacionales como internacionales dependen del lugar de destino y tipo de obra comprada.</p>\r\n<p><strong>3.3. IMPORTANTE</strong></p>\r\n<p>Si su pedido incluye obras que están en existencia y otros que están sobre pedido se le cobrará por cada uno de los envíos.</p>\r\n</div>\r\n</div>\r\n</div>\r\n</div>\r\n<div class=\"page\" title=\"Page 4\">\r\n<div class=\"section\">\r\n<div class=\"layoutArea\">\r\n<div class=\"column\">\r\n<p><strong>4. ENVÍO EN CASO DE PIEZAS FRÁGILES DE TRANSPORTACIÓN</strong></p>\r\n<p>Todos los envíos realizados por nosotros y por nuestros proveedores cumplen con estándares altos de empacado, etiquetado y documentación requerida para envíos de piezas frágiles de transportar (vidrio, cerámica, pedrería, se especificará el material).</p>\r\n<p>En caso de que su pedido le sea entregado con daño físico por parte del proveedor de envíos, usted debe de agregar una nota al firmar el manifiesto al empleado del servicio de transporte, indicando que el paquete presenta señales de maltrato (Caja abierta, golpeada, perforada, mojada, etc.) Sin este requerimiento se entiende que usted recibe de conformidad el paquete. Si el empleado del servicio de transporte no le permite anotar en el manifiesto de entrega usted NO deberá de recibir el paquete.</p>\r\n<p>Una vez recibido de conformidad el paquete, en caso de que el producto presente rajaduras, o si la pieza se encuentra destruida. Deberá reportarlo en un plazo máximo de 24 horas a través de nuestras vías de comunicación.</p>\r\n<p>LAYOLANDA.COM no se responsabiliza por la destrucción de mercadería debido a políticas antinarcóticos de cada país. Si se diera este caso, se le reportará y se le reembolsará el valor del pedido en un plazo máximo de 15 días hábiles. Para la constatación se deberá aplicar un procedimiento por parte de quien recibe al hacer conocer de manera inmediata a LAYOLANDA.COM , para así constatar la destrucción del envío.</p>\r\n<p style=\"padding-left: 30px;\"><strong>5. TIEMPO DE ENTREGA</strong></p>\r\n<p>El tiempo de entrega del producto comienza el momento de liberarse el pedido, es decir, una vez verificado el pago y toda la información de envío.</p>\r\n<p>El tiempo estimado de entrega le será proporcionado al concluir su pedido y será confirmado a través de correo electrónico.</p>\r\n<p><strong>5.1. Tiempo de Entrega de Productos en Existencia</strong><br /> El tiempo de entrega de los productos en existencia o &ldquo;listos para llevar&rdquo;, depende de la liberación de su pedido</p>\r\n<p>y confirmación de pago.</p>\r\n<p>Para envíos estándar nacionales y para envíos internacionales los plazos dependen del lugar de destino y tipo de obra comprada.</p>\r\n<p><strong>5.2. Tiempo de Entrega de Productos Hechos Bajo Pedido</strong></p>\r\n<p>Si usted elige un producto determinado en sus características como &ldquo;elaboración bajo pedido&rdquo;, o la impresión de una lámina; el tiempo aproximado de elaboración del pedido es de 1 a 6 semanas dependiendo la política del</p>\r\n</div>\r\n</div>\r\n</div>\r\n</div>\r\n<div class=\"page\" title=\"Page 5\">\r\n<div class=\"section\">\r\n<div class=\"layoutArea\">\r\n<div class=\"column\">\r\n<p>Artista o Artesano respecto de la elaboración de cada producto en particular, contemplando que los productos de venta en el sitio son elaborados totalmente a mano. LAYOLANDA.COM se mantiene en comunicación con el proveedor de los productos sobre pedido, sin embargo, por políticas de estos proveedores ellos pueden decidir:</p>\r\n<ul>\r\n<li>\r\n<p>➔ &nbsp;Si surge algún problema y no podemos suministrar algún producto por sus políticas comerciales o cualquier otra circunstancia ajena a nuestra empresa, en este caso se le notificará por correo electrónico para que usted decida cambiar su producto por otro modelo o cancelar su pedido y obtener un reembolso de su dinero.</p>\r\n</li>\r\n<li>\r\n<p>➔ &nbsp;Suministrar el pedido en un mayor tiempo al estimado, en este caso se le notificara por correo electrónico para que usted decida si desea seguir en espera o cancelar su pedido. Los pedidos pagados con más de 6 semanas cuentan con garantía de reembolso, lo que significa que usted podrá solicitar la devolución de lo pagado.</p>\r\n<p>Si su pedido incluye varios productos sobre pedido, se enviará al momento de estar todo su pedido completo, si usted necesita que se envíen por separado se le cobrará por cada uno de los envíos que se realicen, un envío cada vez que se libere algún producto de los almacenes o talleres de los proveedores.</p>\r\n</li>\r\n</ul>\r\n</div>\r\n</div>\r\n</div>\r\n</div>\r\n</div>',	3,	'FOOTER',	'POLITICS',	'DELIVERY POLITICS',	''),
(10,	'QUIÉNES SOMOS',	'<div style=\"padding-left: 50px; padding-right: 50px;text-align:center;padding-top:20px; padding-bottom: 200px;text-align: justify;\">\n<p style=\"text-align: justify;\"><span style=\"font-weight: 400;\">LAYOLANDA es una plataforma online de comercializaci&oacute;n de arte y artesan&iacute;a fina en Ecuador para el mundo, c</span><span style=\"font-weight: 400;\">uya finalidad principal</span><span style=\"font-weight: 400;\"> es exhibir y celebrar el m&eacute;rito art&iacute;stico presente en cada obra seleccionada. Tenemos el objetivo fundamental de reconocer el talento, la visi&oacute;n y la voluntad de innovar de los artistas que establecen, promueven (o promovieron) lenguajes innovadores, di&aacute;logos enriquecedores, y po&eacute;ticas &uacute;nicas, traducidas en exquisitas obras y un manejo sublime de los materiales de su tiempo, elevando el valor del oficio del arte y la artesan&iacute;a fina.</span></p>\r\n<p>&nbsp;</p>\r\n<p style=\"text-align: justify;\"><span style=\"font-weight: 400;\">Nuestra misi&oacute;n es promover la creatividad de los artistas que demuestran una capacidad excepcional para crear objetos de valor est&eacute;tico superior e identificar sus mejores trabajos, &nbsp;los cuales reinterpretan el conocimiento art&iacute;stico haci&eacute;ndolo relevante. LAYOLANDA tiene la intenci&oacute;n de destacar la contribuci&oacute;n continua del arte y de la artesan&iacute;a a la cultura, intenci&oacute;n que trasciende cualquier &eacute;poca y dota de sentidos lugares desapercibidos.</span></p>\r\n<p>&nbsp;</p>\r\n<p style=\"text-align: justify;\"><span style=\"font-weight: 400;\">Creemos en el reconocimiento econ&oacute;mico de las diferentes expresiones culturales y art&iacute;sticas a trav&eacute;s de una gesti&oacute;n de comercio colaborativo que reconoce el tiempo que toma a un ser humano realizar un trabajo a mano. Cuando compras una obra producida a mano no solo estas comprando un objeto, est&aacute;s comprando un trozo de coraz&oacute;n, un momento de la vida de un artista.</span></p>\r\n<p><br /><br /></p>\r\n<p style=\"text-align: center;\"><span style=\"font-weight: 400;\">&uml;Compra Arte A Un Solo Clic&uml;</span></p>\n</div>',	1,	'FOOTER',	'BUSINESS',	'',	''),
(11,	'TRABAJA CON NOSOTROS',	'<div class=\"page\" style=\"margin: auto; width: 50%; padding: 10px;padding-bottom: 400px;\" title=\"Page 1\">\r\n<div class=\"section\">\r\n<div class=\"layoutArea\">\r\n<div class=\"column\">\r\n<p><strong>EXPÓN Y VENDE TUS OBRAS</strong></p>\r\n<p style=\"border-bottom: 1px solid; border-top: 1px solid;\">ONLINE</p>\r\n<p>\n<strong style=\"font-size: 13px;\">\n<i class=\"fab fa-whatsapp\"></i>\n<span style=\"margin-left:5px;\">WhatsApp:</span>\n</strong> + 593 99 548 3953\n</p>\r\n<p>\n<strong style=\"font-size: 13px;\">\n<i class=\"fas fa-envelope-open\"></i>\n<span style=\"margin-left:5px;\">MAIL:</span>\n</strong>producto@layolanda.com\n</p>\r\n<p><strong style=\"font-size: 13px;\"><i class=\"fas fa-share-square\"></i><span style=\"margin-left:5px;\">Redes Sociales:</span></strong> Messenger de Facebook</p>\r\n</div>\r\n</div>\r\n</div>\r\n</div>',	2,	'FOOTER',	'BUSINESS',	'',	''),
(12,	'CONTACTO',	'<div class=\"page\" style=\"margin: auto; width: 50%; padding: 10px;padding-bottom: 400px;padding-top:20px;\" title=\"Page 1\">\r\n<div class=\"section\">\r\n<div class=\"layoutArea\">\r\n<div class=\"column\">\r\n<p><strong>ATENCIÓN AL CLIENTE</strong></p>\r\n<p style=\"border-bottom: 1px solid; border-top: 1px solid;\">ONLINE</p>\r\n<p>\n<strong style=\"font-size: 13px;\">\n<i class=\"fab fa-whatsapp\"></i>\n<span style=\"margin-left:5px;\">WhatsApp:</span>\n</strong> + 593 99 548 3953\n</p>\r\n<p>\n<strong style=\"font-size: 13px;\">\n<i class=\"fas fa-comments\"></i>\n<span style=\"margin-left:5px;\">CHAT</span>\n</strong>\n</p>\r\n<p>\n<strong style=\"font-size: 13px;\">\n<i class=\"fas fa-envelope-open\"></i>\n<span style=\"margin-left:5px;\">MAIL:</span>\n</strong> info@layolanda.com\n</p>\r\n<p><strong style=\"font-size: 13px;\"><i class=\"fas fa-share-square\"></i><span style=\"margin-left:5px;\">Redes Sociales:</span></strong> Messenger de Facebook</p>\r\n</div>\r\n</div>\r\n</div>\r\n</div>',	3,	'FOOTER',	'BUSINESS',	'',	''),
(13,	'Guía de Compra',	'<div style=\"padding-left: 50px; padding-right: 50px; padding-top: 20px; text-align: justify;\">\r\n<h3><span style=\"font-weight: 400;\">Comprar en </span><strong>LAYOLANDA.COM </strong><span style=\"font-weight: 400;\">es muy sencillo. S&oacute;lo has de seguir los siguientes pasos:</span></h3>\r\n<ol>\r\n<li style=\"font-weight: 400;\"><span style=\"font-weight: 400;\">Elige la secci&oacute;n de tu inter&eacute;s (Arte, Artesan&iacute;a Fina o </span><span style=\"font-weight: 400;\">Antig&uuml;edades</span><span style=\"font-weight: 400;\">), y la </span><span style=\"font-weight: 400;\">categor&iacute;a</span><span style=\"font-weight: 400;\"> (tipo de obra o pieza).</span></li>\r\n<li style=\"font-weight: 400;\"><span style=\"font-weight: 400;\">Visualiza la/s obra/s que te interesa/n. A trav&eacute;s de un clic conseguir&aacute;s una ampliaci&oacute;n de la fotograf&iacute;a para ver detalle, varias perspectivas y toda la informaci&oacute;n referente a la obra o pieza (autor, a&ntilde;o, disciplina, t&eacute;cnica, soporte, estilo, materiales, procedencia, tipo, disponibilidad, referencia y precio).</span></li>\r\n<li style=\"font-weight: 400;\"><span style=\"font-weight: 400;\">Selecciona una obra o pieza y a&ntilde;ade el art&iacute;culo a la cesta. A continuaci&oacute;n puedes elegir seguir comprando o tramitar pedido.</span></li>\r\n<li style=\"font-weight: 400;\"><span style=\"font-weight: 400;\">Si deseas tramitar tu pedido tienes la opci&oacute;n de hacerlo registr&aacute;ndote si aun no eres usuario en </span><strong>LAYOLANDA.COM</strong><span style=\"font-weight: 400;\">.</span></li>\r\n<li style=\"font-weight: 400;\"><span style=\"font-weight: 400;\">Selecciona el formato de pago a trav&eacute;s de PayPal.</span></li>\r\n<li style=\"font-weight: 400;\"><span style=\"font-weight: 400;\">Confirma el pedido.</span></li>\r\n<li style=\"font-weight: 400;\"><span style=\"font-weight: 400;\">Una vez confirmado el pago recibir&aacute;s un email de confirmaci&oacute;n de tu pedido, cod. de entrega y tiempo de entrega.</span></li>\r\n</ol>\r\n<ul>\r\n<li><strong>C&Oacute;MO COMPRAR ARTE</strong></li>\r\n</ul>\r\n<p>&nbsp;</p>\r\n<ul>\r\n<li><strong>OBRAS ORIGINALES</strong></li>\r\n</ul>\r\n<p><span style=\"font-weight: 400;\">Las obras originales se denominan al ejemplar &uacute;nico producido por un Artista. </span><strong>LAYOLANDA.COM</strong><span style=\"font-weight: 400;\"> expone varios artistas con sus obras originales en diversas categor&iacute;as. Todas las obras est&aacute;n clasificadas seg&uacute;n varios criterios para facilitar su localizaci&oacute;n.</span></p>\r\n<p><span style=\"font-weight: 400;\">Comprar obras originales en </span><strong>LAYOLANDA.COM</strong><span style=\"font-weight: 400;\"> es muy sencillo. Debes seguir los siguientes pasos:</span></p>\r\n<ol>\r\n<li style=\"font-weight: 400;\"><span style=\"font-weight: 400;\">Elige la secci&oacute;n Arte </span></li>\r\n<li style=\"font-weight: 400;\"><span style=\"font-weight: 400;\">Elige la </span><span style=\"font-weight: 400;\">categor&iacute;a</span><span style=\"font-weight: 400;\"> de tu inter&eacute;s (Pintura, Escultura, Dibujo, Grabado, Fotograf&iacute;a, Collage, Digital).</span></li>\r\n<li style=\"font-weight: 400;\"><span style=\"font-weight: 400;\">A Trav&eacute;s del bot&oacute;n de Filtro en Tipo puedes seleccionar todas las obras que se ofertan en Originales.</span></li>\r\n<li style=\"font-weight: 400;\"><span style=\"font-weight: 400;\">Visualiza la obra de tu inter&eacute;s. A trav&eacute;s de un clic conseguir&aacute;s una ampliaci&oacute;n de la fotograf&iacute;a para ver a detalle, varias perspectivas y toda la informaci&oacute;n referente a la obra o pieza (autor, a&ntilde;o, disciplina, t&eacute;cnica, soporte, estilo, materiales, procedencia, tipo, disponibilidad, referencia y precio).</span></li>\r\n<li style=\"font-weight: 400;\"><span style=\"font-weight: 400;\">Selecciona una obra y a&ntilde;ade el art&iacute;culo a la cesta. A continuaci&oacute;n puedes elegir seguir comprando o tramitar pedido.</span></li>\r\n<li style=\"font-weight: 400;\"><span style=\"font-weight: 400;\">Si deseas tramitar tu pedido tienes la opci&oacute;n de hacerlo registr&aacute;ndote como usuario en la </span><strong>LAYOLANDA.COM</strong></li>\r\n<li style=\"font-weight: 400;\"><span style=\"font-weight: 400;\">Realiza el pedido indicando el lugar de destino y todos los datos que se te solicita.</span></li>\r\n<li style=\"font-weight: 400;\"><span style=\"font-weight: 400;\">En un plazo de 3 - 5 d&iacute;as recibir&aacute;s un mail de oferta con el precio de la obra m&aacute;s el transporte, impuestos, seguros clavo a clavo, plazo de entrega, y un link de pago.</span></li>\r\n<li style=\"font-weight: 400;\"><span style=\"font-weight: 400;\">Una vez verificado el pago recibir&aacute;s un email confirmando tu pedido y codigo de env&iacute;o. &nbsp;</span></li>\r\n<li style=\"font-weight: 400;\"><span style=\"font-weight: 400;\">Una vez entregado el pedido tienes un plazo de 24 horas para notificar cualquier reclamo o discrepancia.</span></li>\r\n</ol>\r\n<ul>\r\n<li><strong>EDICIONES LIMITADAS</strong></li>\r\n</ul>\r\n<p><span style=\"font-weight: 400;\">Las ediciones limitadas se denominan los ejemplares de una serie de copias id&eacute;nticas reproducidas, &nbsp;numeradas y aut&egrave;ntificadas por el Artista.. </span></p>\r\n<p><span style=\"font-weight: 400;\">Comprar obras de Ediciones Limitadas en </span><strong>LAYOLANDA.COM</strong><span style=\"font-weight: 400;\"> es muy sencillo. Debes seguir los siguientes pasos:</span></p>\r\n<ol>\r\n<li style=\"font-weight: 400;\"><span style=\"font-weight: 400;\">Elige la secci&oacute;n Arte </span></li>\r\n<li style=\"font-weight: 400;\"><span style=\"font-weight: 400;\">Elige la </span><span style=\"font-weight: 400;\">categor&iacute;a</span><span style=\"font-weight: 400;\"> de tu inter&eacute;s (Pintura, Escultura, Dibujo, Grabado, Fotograf&iacute;a, Collage, Digital).</span></li>\r\n<li style=\"font-weight: 400;\"><span style=\"font-weight: 400;\">A Trav&eacute;s del bot&oacute;n de Filtro en Tipo puedes seleccionar todas las obras que se ofertan en Ediciones Limitadas.</span></li>\r\n<li style=\"font-weight: 400;\"><span style=\"font-weight: 400;\">Visualiza la obra de tu inter&eacute;s. A trav&eacute;s de un clic conseguir&aacute;s una ampliaci&oacute;n de la fotograf&iacute;a para ver a detalle, varias perspectivas y toda la informaci&oacute;n referente a la obra o pieza (autor, a&ntilde;o, disciplina, t&eacute;cnica, soporte, estilo, materiales, procedencia, tipo, disponibilidad, referencia y precio).</span></li>\r\n<li style=\"font-weight: 400;\"><span style=\"font-weight: 400;\">Selecciona una obra y a&ntilde;ade el art&iacute;culo a la cesta. A continuaci&oacute;n puedes elegir seguir comprando o tramitar pedido.</span></li>\r\n<li style=\"font-weight: 400;\"><span style=\"font-weight: 400;\">Si deseas tramitar tu pedido tienes la opci&oacute;n de hacerlo registr&aacute;ndote como usuario en la </span><strong>LAYOLANDA.COM</strong></li>\r\n<li style=\"font-weight: 400;\"><span style=\"font-weight: 400;\">Realiza el pedido indicando el lugar de destino y todos los datos que se te solicita.</span></li>\r\n<li style=\"font-weight: 400;\"><span style=\"font-weight: 400;\">En un plazo de 3 - 5 d&iacute;as recibir&aacute;s un mail de oferta con el precio de la obra m&aacute;s el transporte, impuestos, seguros clavo a clavo, plazo de entrega, y un link de pago.</span></li>\r\n<li style=\"font-weight: 400;\"><span style=\"font-weight: 400;\">Una vez verificado el pago recibir&aacute;s un email confirmando tu pedido y cod. de env&iacute;o. &nbsp;</span></li>\r\n<li style=\"font-weight: 400;\"><span style=\"font-weight: 400;\">Una vez entregado el pedido tienes un plazo de 24 horas para notificar cualquier reclamo o discrepancia.</span></li>\r\n</ol>\r\n<ul>\r\n<li><strong>L&Aacute;MINAS (Reproducciones Fotogr&aacute;ficas)</strong></li>\r\n</ul>\r\n<p><span style=\"font-weight: 400;\">Nuestras impresiones se producen con los m&aacute;s altos est&aacute;ndares de calidad y la garant&iacute;a de mayor durabilidad.</span></p>\r\n<p><span style=\"font-weight: 400;\">Comprar laminas en </span><strong>LAYOLANDA.COM</strong><span style=\"font-weight: 400;\"> es muy sencillo, se realiza mediante una forma directa y segura. Debes seguir los siguientes pasos:</span></p>\r\n<ol>\r\n<li style=\"font-weight: 400;\"><span style=\"font-weight: 400;\">Elige la secci&oacute;n Arte</span></li>\r\n<li style=\"font-weight: 400;\"><span style=\"font-weight: 400;\">Elige la </span><span style=\"font-weight: 400;\">categor&iacute;a</span><span style=\"font-weight: 400;\"> de tu inter&eacute;s (Pintura, &nbsp;Dibujo, Grabado, Fotograf&iacute;a, Collage, Digital).</span></li>\r\n<li style=\"font-weight: 400;\"><span style=\"font-weight: 400;\">A Trav&eacute;s del bot&oacute;n de Filtro en Tipo puedes seleccionar todas las obras que se ofertan en l&aacute;minas.</span></li>\r\n<li style=\"font-weight: 400;\"><span style=\"font-weight: 400;\">Visualiza la obra de tu inter&eacute;s. A trav&eacute;s de un clic conseguir&aacute;s una ampliaci&oacute;n de la fotograf&iacute;a para ver a detalle, varias perspectivas y toda la informaci&oacute;n referente a la obra o pieza (autor, a&ntilde;o, disciplina, t&eacute;cnica, soporte, estilo, materiales, procedencia, tipo, disponibilidad, referencia y precio).</span></li>\r\n<li style=\"font-weight: 400;\"><span style=\"font-weight: 400;\">Selecciona una obra, tipo de papel, acabado, tama&ntilde;o y a&ntilde;ade el art&iacute;culo a la cesta. A continuaci&oacute;n puedes elegir seguir comprando o tramitar pedido.</span></li>\r\n<li style=\"font-weight: 400;\"><span style=\"font-weight: 400;\">Si deseas tramitar tu pedido tienes la opci&oacute;n de hacerlo registr&aacute;ndote como usuario en la </span><strong>LAYOLANDA.COM</strong><span style=\"font-weight: 400;\">.</span></li>\r\n<li style=\"font-weight: 400;\"><span style=\"font-weight: 400;\">Realiza el pedido indicando el lugar de destino y todos los datos que se te solicita.</span></li>\r\n<li style=\"font-weight: 400;\"><span style=\"font-weight: 400;\">Completa el pedido y selecciona el formato de pago a trav&eacute;s de PayPal.</span></li>\r\n<li style=\"font-weight: 400;\"><span style=\"font-weight: 400;\">Una vez verificado el pago recibir&aacute;s un email confirmando tu pedido y cod. de env&iacute;o.&nbsp; &nbsp;</span></li>\r\n</ol>\r\n<p>&nbsp;</p>\r\n<ul>\r\n<li><strong>C&Oacute;MO COMPRAR ARTESAN&Iacute;A FINA</strong></li>\r\n</ul>\r\n<p><span style=\"font-weight: 400;\">En esta seccion encontraras una gran variedad de productos elaborados a mano por artesanos y artistas. Todos los productos est&aacute;n clasificadas seg&uacute;n varios criterios para facilitar tu experiencia de compra.</span></p>\r\n<ul>\r\n<li><strong>PIEZAS &Uacute;NICAS O EN EXISTENCIA</strong></li>\r\n</ul>\r\n<p><span style=\"font-weight: 400;\">Comprar piezas listas par llevar en </span><strong>LAYOLANDA.COM</strong><span style=\"font-weight: 400;\"> es muy sencillo. Debes seguir los siguientes pasos:</span></p>\r\n<ol>\r\n<li style=\"font-weight: 400;\"><span style=\"font-weight: 400;\">Elige la secci&oacute;n Artesania Fina </span></li>\r\n<li style=\"font-weight: 400;\"><span style=\"font-weight: 400;\">Selecciona la </span><span style=\"font-weight: 400;\">categor&iacute;a</span><span style=\"font-weight: 400;\"> de tu inter&eacute;s (Casa y Decoraci&oacute;n, Mesa, Textil, Accesorios o Joyer&iacute;a).</span></li>\r\n<li style=\"font-weight: 400;\"><span style=\"font-weight: 400;\">Visualiza el producto de tu inter&eacute;s. A trav&eacute;s de un clic conseguir&aacute;s una ampliaci&oacute;n de la fotograf&iacute;a para ver a detalle, varias perspectivas y toda la informaci&oacute;n referente al producto. </span></li>\r\n<li style=\"font-weight: 400;\"><span style=\"font-weight: 400;\">Selecciona un producto y a&ntilde;ade el art&iacute;culo a la cesta. A continuaci&oacute;n puedes elegir seguir comprando o tramitar pedido.</span></li>\r\n<li style=\"font-weight: 400;\"><span style=\"font-weight: 400;\">Si deseas tramitar tu pedido tienes la opci&oacute;n de hacerlo registr&aacute;ndote como usuario en la </span><strong>LAYOLANDA.COM</strong><span style=\"font-weight: 400;\">.</span></li>\r\n<li style=\"font-weight: 400;\"><span style=\"font-weight: 400;\">Realiza el pedido indicando el lugar de destino y todos los datos que se te solicita.</span></li>\r\n<li style=\"font-weight: 400;\"><span style=\"font-weight: 400;\">Completa el pedido y selecciona el formato de pago a trav&eacute;s de PayPal.</span></li>\r\n<li style=\"font-weight: 400;\"><span style=\"font-weight: 400;\">Una vez verificado el pago recibir&aacute;s un email confirmando tu pedido y cod. de env&iacute;o.</span></li>\r\n<li style=\"font-weight: 400;\"><span style=\"font-weight: 400;\">En el caso de piezas delicadas como (cer&aacute;mica y vidrio) que sobrepasen los $500, en un plazo de 3 - 5 d&iacute;as recibir&aacute;s un mail de oferta con el precio final de la obra m&aacute;s el transporte, impuestos, seguro clavo a clavo, plazo de entrega y un link de pago si estas de acuerdo con la oferta.</span></li>\r\n</ol>\r\n<ul>\r\n<li><strong>PIEZAS HECHAS BAJO PEDIDO</strong></li>\r\n</ul>\r\n<p><span style=\"font-weight: 400;\">Comprar piezas elaboradas bajo pedido en </span><strong>LAYOLANDA.COM</strong><span style=\"font-weight: 400;\"> es muy sencillo. Debes seguir los siguientes pasos:</span></p>\r\n<ol>\r\n<li style=\"font-weight: 400;\"><span style=\"font-weight: 400;\">Elige la secci&oacute;n Artesania Fina </span></li>\r\n<li style=\"font-weight: 400;\"><span style=\"font-weight: 400;\">Selecciona la </span><span style=\"font-weight: 400;\">categor&iacute;a</span><span style=\"font-weight: 400;\"> de tu inter&eacute;s (Casa y Decoraci&oacute;n, Mesa, Textil, Accesorios o Joyer&iacute;a).</span></li>\r\n<li style=\"font-weight: 400;\"><span style=\"font-weight: 400;\">Visualiza el producto de tu inter&eacute;s. A trav&eacute;s de un clic conseguir&aacute;s una ampliaci&oacute;n de la fotograf&iacute;a para ver a detalle, varias perspectivas y toda la informaci&oacute;n referente al producto. </span></li>\r\n<li style=\"font-weight: 400;\"><span style=\"font-weight: 400;\">Selecciona un producto y a&ntilde;ade el art&iacute;culo a la cesta. A continuaci&oacute;n puedes elegir seguir comprando o tramitar pedido.</span></li>\r\n<li style=\"font-weight: 400;\"><span style=\"font-weight: 400;\">Te recordamos que la piezas bajo pedido pueden demorar hasta 60 d&iacute;as en su entrega.</span></li>\r\n<li style=\"font-weight: 400;\"><span style=\"font-weight: 400;\">Si deseas tramitar tu pedido tienes la opci&oacute;n de hacerlo registr&aacute;ndote como usuario en la </span><strong>LAYOLANDA.COM.</strong></li>\r\n<li style=\"font-weight: 400;\"><span style=\"font-weight: 400;\">Realiza el pedido indicando el lugar de destino y todos los datos que se te solicita.</span></li>\r\n<li style=\"font-weight: 400;\"><span style=\"font-weight: 400;\">Si te encuentras conforme con con el tiempo de entrega y costo, completa el pedido y selecciona el formato de pago a trav&eacute;s de PayPal.</span></li>\r\n<li style=\"font-weight: 400;\"><span style=\"font-weight: 400;\">Una vez elaborada la pieza recibir&aacute;s un email confirmando tu pedido y cod. de env&iacute;o. </span></li>\r\n<li style=\"font-weight: 400;\"><span style=\"font-weight: 400;\">En el caso de piezas delicadas como (cer&aacute;mica y vidrio) que sobrepasen los $500, en un plazo de 3 - 5 d&iacute;as recibir&aacute;s un mail de oferta con el precio final de la obra m&aacute;s el transporte, impuestos, seguro clavo a clavo, plazo de entrega y un link de pago si estas de acuerdo con la oferta.</span>&nbsp;</li>\r\n</ol>\r\n<ul>\r\n<li><strong>INFORMACI&Oacute;N GENERAL</strong>&nbsp;</li>\r\n<li>\r\n<h3><strong>&iquest;En qu&eacute; pa&iacute;ses se puede comprar online?</strong></h3>\r\n</li>\r\n</ul>\r\n<h3><span style=\"font-weight: 400;\">Tenemos apertura a 233 pa&iacute;ses alrededor del mundo en las zonas de: </span><span style=\"font-weight: 400;\">Am&eacute;rica, Europa, Asia, Ocean&iacute;a, &Aacute;frica</span><span style=\"font-weight: 400;\">. </span><span style=\"font-weight: 400;\">Exceptuando pa&iacute;ses que presenten conflictos armados.</span></h3>\r\n<ul>\r\n<li>\r\n<h3><strong>&iquest;En cu&aacute;ntos idiomas se puede navegar?</strong></h3>\r\n</li>\r\n</ul>\r\n<p><span style=\"font-weight: 400;\">Los idiomas de navegaci&oacute;n de LAYOLANDA.COM son: Ingl&eacute;s y Espa&ntilde;ol.</span></p>\r\n<ul>\r\n<li>\r\n<h3><strong>&iquest;Cu&aacute;l es la pol&iacute;tica de ajuste de precios?</strong></h3>\r\n</li>\r\n</ul>\r\n<p><span style=\"font-weight: 400;\">No realizamos ajustes en art&iacute;culos cuyo precio original se haya rebajado.</span></p>\r\n<ul>\r\n<li>\r\n<h3><strong>&iquest;Reponen los art&iacute;culos con la indicaci&oacute;n &ldquo;agotado&rdquo;?</strong></h3>\r\n</li>\r\n</ul>\r\n<p><span style=\"font-weight: 400;\">Si un art&iacute;culo est&aacute; agotado, trataremos de reponerlo lo antes posible. Si no hubiese stock, lo retiraremos de la web. Te recordamos que </span><strong>LAYOLANDA.COM</strong><span style=\"font-weight: 400;\"> es una tienda on line especializada en art&iacute;culos hechos a mano y en su mayor&iacute;a son piezas &uacute;nicas.</span></p>\r\n<ul>\r\n<li>\r\n<h3><strong>&iquest;Recibir&eacute; el mismo producto que veo en la foto?</strong></h3>\r\n</li>\r\n</ul>\r\n<p><span style=\"font-weight: 400;\">S&iacute;, excepto en aquellos productos con procesos artesanales en los que podr&iacute;a haber una m&iacute;nima diferencia en el acabado. </span><span style=\"font-weight: 400;\">Los productos que vendemos de artesanía fina, a menudo pueden presentar las características de los materiales naturales que se utilizan en su elaboraci&oacute;n. Estas características, tales como variación en la textura, en las formas y en el color, etc... no tendrán la consideración de defectos o taras. Al contrario, debería contarse con su presencia y apreciarlas. Únicamente seleccionamos los productos de la máxima calidad, pero las características naturales son inevitables y deben ser aceptadas como parte de la apariencia individual del producto artesanal hecho a mano.</span></p>\r\n<ul>\r\n<li>\r\n<h3><strong>&iquest;Es posible recibir informaci&oacute;n peri&oacute;dica en mi email con las &uacute;ltimas novedades y ofertas de LAYOLANDA.COM?</strong></h3>\r\n</li>\r\n</ul>\r\n<p><span style=\"font-weight: 400;\">S&iacute;. Simplemente registrate y recibir&aacute;s informaci&oacute;n sobre las &uacute;ltimas novedades, y eventos de LAYOLANDA.COM v&iacute;a email.</span>&nbsp;</p>\r\n<ul>\r\n<li>\r\n<h3><strong>&iquest;C&oacute;mo recupero mi contrase&ntilde;a olvidada?</strong></h3>\r\n</li>\r\n</ul>\r\n<p><span style=\"font-weight: 400;\">Si has olvidado tu contrase&ntilde;a, puedes recuperarla en el apartado de Log-in. Recibir&aacute;s un email con tu nueva contrase&ntilde;a.</span></p>\r\n<ul>\r\n<li>\r\n<h3><strong>&iquest;C&oacute;mo puedo asegurarme de haber realizado bien mi compra?</strong></h3>\r\n</li>\r\n</ul>\r\n<p><span style=\"font-weight: 400;\">Una vez hecho tu pedido, recibir&aacute;s un email de confirmaci&oacute;n. Si no lo recibieras, ponte en contacto con nuestro </span><span style=\"font-weight: 400;\">departamento de </span><strong>Atenci&oacute;n al Cliente</strong><span style=\"font-weight: 400;\">. </span></p>\r\n<ul>\r\n<li>\r\n<h3><strong>&iquest;Puedo saber en qu&eacute; estado se encuentra mi pedido?</strong></h3>\r\n</li>\r\n</ul>\r\n<p><span style=\"font-weight: 400;\">No, despu&eacute;s de realizado el pedido y el pago te haremos llegar un cod. de env&iacute;o y un link del transportista donde puedes dar seguimiento a tu pedido.</span></p>\r\n<ul>\r\n<li><strong>&iquest;Puedo eliminar alg&uacute;n art&iacute;culo de mi pedido?</strong></li>\r\n</ul>\r\n<p><span style=\"font-weight: 400;\">S&iacute;. Desde la cesta de compra podr&aacute;s eliminar los art&iacute;culos que no deseas siempre y cuando no hayas tramitado el pedido y pago.</span></p>\r\n<ul>\r\n<li>\r\n<h3><strong>&iquest;Puedo cancelar mi pedido?</strong></h3>\r\n</li>\r\n</ul>\r\n<p><span style=\"font-weight: 400;\">S&iacute;. Podr&aacute;s cancelar tu pedido, siempre y cuando aun no se haya procesado el pago a trav&eacute;s de PayPal. De ser as&iacute; debes contactarte con </span><strong>Atenci&oacute;n al Cliente</strong><span style=\"font-weight: 400;\"> y un administrador para que aclare tus dudas.</span>&nbsp;</p>\r\n<ul>\r\n<li><strong>&iquest;Qu&eacute; debo hacer si recibo un art&iacute;culo defectuoso?</strong></li>\r\n</ul>\r\n<p><strong>LAYOLANDA.COM</strong><span style=\"font-weight: 400;\"> s&oacute;lo vende art&iacute;culos en perfecto estado, por lo que si, excepcionalmente te llega un producto con alguna tara ponte en contacto con nuestro departamento de </span><strong>Atenci&oacute;n al Cliente</strong><span style=\"font-weight: 400;\"> tienes 24 horas para realizar el reclamo.</span></p>\r\n<ul>\r\n<li>\r\n<h3><strong>&iquest;Qu&eacute; debo hacer si recibo un art&iacute;culo incorrecto?</strong></h3>\r\n</li>\r\n</ul>\r\n<p><span style=\"font-weight: 400;\">Si en alguna ocasi&oacute;n, por error, te llega un art&iacute;culo que no has pedido debes reportarlo en un plazo de 24 horas a nuestro</span> <span style=\"font-weight: 400;\">departamento de</span><strong> Atenci&oacute;n al Cliente.</strong></p>\r\n<p>&nbsp;</p>\r\n<ul>\r\n<li><strong>PAGO</strong>&nbsp;</li>\r\n<li>\r\n<h3><strong>&iquest;Qu&eacute; forma de pago puedo utilizar para realizar mi compra?</strong></h3>\r\n</li>\r\n</ul>\r\n<h3><span style=\"font-weight: 400;\">Disponemos de pagos con tarjetas de cr&eacute;dito por medio de la empresa de cobro PayPal.</span></h3>\r\n<ul>\r\n<li>\r\n<h3><strong>&iquest;Por qu&eacute; raz&oacute;n puede ser rechazada mi tarjeta de cr&eacute;dito?</strong></h3>\r\n</li>\r\n</ul>\r\n<h3><span style=\"font-weight: 400;\">Tu tarjeta puede ser rechazada por una de las siguientes razones:</span></h3>\r\n<ul>\r\n<li style=\"font-weight: 400;\">\r\n<h3><span style=\"font-weight: 400;\">La tarjeta puede estar caducada. Comprueba que tu tarjeta no exceda la fecha de validez.</span></h3>\r\n</li>\r\n<li style=\"font-weight: 400;\">\r\n<h3><span style=\"font-weight: 400;\">Puede que se haya alcanzado el l&iacute;mite de la tarjeta. Consulta con tu banco que la tarjeta no haya excedido el importe permitido para efectuar compras.</span></h3>\r\n</li>\r\n<li style=\"font-weight: 400;\"><span style=\"font-weight: 400;\">Puede que alg&uacute;n dato introducido est&eacute; incorrecto. Comprueba que hayas rellenado correctamente todos los campos necesarios en tu cuenta de PayPal.</span></li>\r\n<li>\r\n<h3><strong>&iquest;Puedo obtener una factura a nombre de mi empresa?</strong></h3>\r\n</li>\r\n</ul>\r\n<h3><span style=\"font-weight: 400;\">S&iacute;. Solamente tienes que ingresar los datos de facturaci&oacute;n en el apartado Direcci&oacute;n para Facturaci&oacute;n.</span></h3>\r\n<h3><strong>&iquest;Es seguro usar mi tarjeta de cr&eacute;dito en la web?</strong></h3>\r\n<p><span style=\"font-weight: 400;\">Si, al momento de contratar un servicio o comprar un producto en la plataforma, se pedir&aacute;n datos bancarios para los cuales se les direcciona a una p&aacute;gina Web (PayPal) que ofrece seguridad y confidencialidad de los datos que proporciona, para ello, cuentan con un servidor seguro bajo el protocolo SSL (Secure Socket Layer) de tal menara que la informaci&oacute;n que env&iacute;an, se transmite encriptada para asegurar su protecci&oacute;n.</span><br />&nbsp;</p>\r\n<ul>\r\n<li><strong>ENV&Iacute;O</strong>&nbsp;</li>\r\n<li>\r\n<h3><strong>&iquest;D&oacute;nde puedo recibir mi pedido?</strong></h3>\r\n</li>\r\n</ul>\r\n<h3><span style=\"font-weight: 400;\">Puedes recibirlo en la direcci&oacute;n que elijas (domicilio, trabajo, etc.-nunca en apartado de correos).</span>&nbsp;</h3>\r\n<ul>\r\n<li>\r\n<h3><strong>&iquest;El pa&iacute;s de entrega puede ser diferente al de compra?</strong></h3>\r\n</li>\r\n</ul>\r\n<h3><span style=\"font-weight: 400;\">El pa&iacute;s de entrega si puede ser diferente al pa&iacute;s de compra, tenemos apertura a 233 pa&iacute;ses alrededor del mundo en las zonas de: </span><span style=\"font-weight: 400;\">Am&eacute;rica, Europa, Asia, Ocean&iacute;a, &Aacute;frica</span><span style=\"font-weight: 400;\">. </span><span style=\"font-weight: 400;\">Exceptuando pa&iacute;ses que presenten conflictos armados.</span></h3>\r\n<ul>\r\n<li>\r\n<h3><strong>&iquest;Cu&aacute;nto tardar&aacute; en llegar mi pedido?</strong></h3>\r\n</li>\r\n</ul>\r\n<p><span style=\"font-weight: 400;\">Los plazos de entrega dependen del tipo de env&iacute;o seleccionado. Para env&iacute;os est&aacute;ndar nacionales son de 3 a 10 d&iacute;as h&aacute;biles. Para env&iacute;os a La Zona Insular de Gal&aacute;pagos de 5 a 15 d&iacute;as h&aacute;biles. Para envios internacionales los plazos se ampl&iacute;an dependiendo el lugar de destino.</span></p>\r\n<p><span style=\"font-weight: 400;\">En caso de que tu compra </span><span style=\"font-weight: 400;\">sea un producto bajo pedido, depender&aacute; de los tiempos de entrega asignados por el artista una vez liberado el pedido.</span></p>\r\n<ul>\r\n<li><strong>&iquest;Cu&aacute;nto he de pagar de gastos de env&iacute;o?</strong></li>\r\n<li style=\"font-weight: 400;\"><span style=\"font-weight: 400;\">Los gastos de env&iacute;o est&aacute;ndar dependen del peso volum&eacute;trico, lugar de destino y seguro.</span></li>\r\n<li style=\"font-weight: 400;\"><span style=\"font-weight: 400;\">Los gastos de env&iacute;o de obras de arte o piezas fr&aacute;giles &nbsp;se cotizan en un plazo de 3 - 5 d&iacute;as en el recibiras un mail con todos los costos de env&iacute;o (empaque especializado, transporte, impuestos, seguro clavo a clavo y tiempo de llegada).</span></li>\r\n</ul>\r\n<p>&nbsp;</p>\r\n<ul>\r\n<li>\r\n<h3><strong>&iquest;Puedo seguir el estado de mi pedido?</strong></h3>\r\n</li>\r\n</ul>\r\n<p><span style=\"font-weight: 400;\">S&iacute;, a trav&eacute;s de un n&uacute;mero de seguimiento (con link a la p&aacute;gina web de la empresa de transporte) en un email de confirmaci&oacute;n de env&iacute;o que te env&iacute;amos despu&eacute;s de la confirmaci&oacute;n de pago.</span></p>\r\n<ul>\r\n<li>\r\n<h3><strong>&iquest;Cu&aacute;l es el proceso de la entrega en domicilio?</strong></h3>\r\n</li>\r\n</ul>\r\n<p><span style=\"font-weight: 400;\">Si has elegido entrega en domicilio, te enviaremos un email de confirmaci&oacute;n de env&iacute;o (cuando tu pedido vaya a salir del almac&eacute;n), otro con un n&uacute;mero de seguimiento (con link a la p&aacute;gina web de la empresa de transporte) y por &uacute;ltimo el transportista se pondr&aacute; en contacto contigo mediante sms o e-mail para informarte de la entrega de tu pedido.</span></p>\r\n<ul>\r\n<li>\r\n<h3><strong>&iquest;Cu&aacute;l es el proceso de entrega en caso de obras Arte y piezas delicadas?</strong></h3>\r\n</li>\r\n</ul>\r\n<p><span style=\"font-weight: 400;\">Para este tipo de pedio </span><strong>LAYOLANDA.COM </strong><span style=\"font-weight: 400;\">trabaja con couriers especializado en transporte de Arte a nivel nacional e internacional. Si has elegido entrega en domicilio de una obra de Arte Original, Edici&oacute;n Limitada, o piezas delicadas de artesan&iacute;a o de antig&uuml;edades, despu&eacute;s de procesado tu pedido, te enviaremos un email de confirmaci&oacute;n de env&iacute;o en un plazo de 3 - 5 d&iacute;as en el que te cotizamos todos los costos de env&iacute;o (empaque especializado, transporte, impuestos, seguro clavo a clavo y tiempo de llegada) y te enviamos un link de pago en el caso de aceptar la oferta.</span></p>\r\n<p>&nbsp;</p>\r\n<ul>\r\n<li><strong>CAMBIOS Y DEVOLUCIONES</strong>&nbsp;</li>\r\n<li>\r\n<h3><strong>&iquest;Tengo que pagar algo por solicitar un cambio o devoluci&oacute;n?</strong></h3>\r\n</li>\r\n</ul>\r\n<h3><span style=\"font-weight: 400;\">Por ser obras y productos de caracter&iacute;sticas nobles no se aceptan cambios. Y devoluciones solo en casos excepcionales, lee nuestras </span><strong>Condiciones de Compra</strong><span style=\"font-weight: 400;\">.</span></h3>\r\n<ul>\r\n<li>\r\n<h3><strong>&iquest;En qu&eacute; caso se acepta devoluciones?</strong></h3>\r\n</li>\r\n</ul>\r\n<h3><span style=\"font-weight: 400;\">Se aceptar&aacute; devoluci&oacute;n de Obras Originales y Ediciones Limitadas exclusivamente en los siguientes supuestos y condiciones:</span></h3>\r\n<ol>\r\n<li style=\"font-weight: 400;\"><span style=\"font-weight: 400;\">Discrepancia: porque las caracter&iacute;sticas f&iacute;sicas anunciadas de la obra comprada no se corresponden con las de la obra que el comprador ha recibido.</span></li>\r\n<li style=\"font-weight: 400;\"><span style=\"font-weight: 400;\">Da&ntilde;os: porque la obra ha llegado da&ntilde;ada.</span></li>\r\n</ol>\r\n<p><span style=\"font-weight: 400;\">Lee el apartado </span><strong>15</strong> <strong>Política De Devoluciones </strong><span style=\"font-weight: 400;\">en las</span><strong> Condiciones Compra </strong><span style=\"font-weight: 400;\">del sitio.</span></p>\r\n<ul>\r\n<li><strong>TECNOLOG&Iacute;A </strong></li>\r\n</ul>\r\n<p>&nbsp;</p>\r\n<ul>\r\n<li>\r\n<h3><strong>&iquest;Qu&eacute; navegadores de Internet debo usar para ver la p&aacute;gina web de LAYOLANDA.COM correctamente?</strong></h3>\r\n</li>\r\n</ul>\r\n<p><span style=\"font-weight: 400;\">La p&aacute;gina de </span><strong>LAYOLANDA.COM</strong><span style=\"font-weight: 400;\"> est&aacute; optimizada para ser vista en Google Chrome 44 o superior, Safari 8 o superior, Mozilla Firefox 45 o superior y Microsoft Edge 12 o superior.</span></p>\r\n<p><span style=\"font-weight: 400;\">Puede instalar las &uacute;ltimas versiones de cada navegador en los siguientes links:</span></p>\r\n<ul>\r\n<ul>\r\n<li style=\"font-weight: 400;\"><a href=\"https://www.google.com/chrome/browser/desktop/index.html\"><span style=\"font-weight: 400;\">Google Chrome</span></a></li>\r\n<li style=\"font-weight: 400;\"><a href=\"http://www.apple.com/safari/\"><span style=\"font-weight: 400;\">Safari</span></a></li>\r\n<li style=\"font-weight: 400;\"><a href=\"https://www.mozilla.org/\"><span style=\"font-weight: 400;\">Mozilla Firefox</span></a></li>\r\n<li style=\"font-weight: 400;\"><a href=\"http://www.microsoft.com/windows/internet-explorer\"><span style=\"font-weight: 400;\">Microsoft Internet Explorer</span></a></li>\r\n<li style=\"font-weight: 400;\"><span style=\"font-weight: 400;\"><a href=\"https://www.microsoft.com/windows/microsoft-edge\">Microsoft Edge</a></span>&nbsp;</li>\r\n</ul>\r\n<li>\r\n<h3><strong>&iquest;Qu&eacute; resoluci&oacute;n de pantalla necesito?</strong></h3>\r\n</li>\r\n</ul>\r\n<p><span style=\"font-weight: 400;\">1.024 de anchura x 768 de altura y tama&ntilde;os superiores.</span></p>\r\n<ul>\r\n<li>\r\n<h3><strong>&iquest;Puedo navegar en dispositivos m&oacute;viles?</strong></h3>\r\n</li>\r\n</ul>\r\n<p><span style=\"font-weight: 400;\">Si, el sitio web es adaptable a:</span></p>\r\n<ul>\r\n<li style=\"font-weight: 400;\"><span style=\"font-weight: 400;\">Smartphones</span></li>\r\n<li style=\"font-weight: 400;\"><span style=\"font-weight: 400;\">De PDA a Tablets</span></li>\r\n<li style=\"font-weight: 400;\"><span style=\"font-weight: 400;\">Computadora port&aacute;til</span></li>\r\n</ul>\r\n<p>&nbsp;</p>\r\n<ul>\r\n<li>\r\n<h3><strong>&iquest;Es seguro comprar en LAYOLANDA.COM?</strong></h3>\r\n</li>\r\n</ul>\r\n<p><span style=\"font-weight: 400;\">S&iacute;. Puedes comprar con total tranquilidad pues dedicamos un gran esfuerzo en disponer de recursos con los que garantizar la seguridad de tus compras y de tus datos. </span><span style=\"font-weight: 400;\">La informaci&oacute;n que el usuario proporciona a la plataforma es almacenada en nuestros servidores de manera segura. Las formas de captura de informaci&oacute;n est&aacute;n alojadas en sitios seguros con certificados SSL (Secure Socket Layer), lo que garantiza que la informaci&oacute;n que nos env&iacute;an los usuarios, solo se comparte entre su computadora y nuestro servidor. </span></p>\r\n<p><span style=\"font-weight: 400;\">Para m&aacute;s seguridad puedes leer nuestras </span><strong>Pol&iacute;ticas de Privacidad.</strong></p>\r\n</div>',	2,	'SIDEBAR',	'',	'',	'');

DROP TABLE IF EXISTS `country`;
CREATE TABLE `country` (
  `id` int(11) NOT NULL AUTO_INCREMENT,
  `country_code` varchar(2) DEFAULT NULL,
  `country_name` varchar(100) NOT NULL DEFAULT '',
  `zone` varchar(1) DEFAULT NULL,
  PRIMARY KEY (`id`)
) ENGINE=InnoDB DEFAULT CHARSET=utf8;

INSERT INTO `country` (`id`, `country_code`, `country_name`, `zone`) VALUES
(1,	'EC',	'Ecuador',	'0'),
(2,	'AF',	'Afghanistan',	'4'),
(3,	'AL',	'Albania',	'2'),
(4,	'DZ',	'Algeria',	'4'),
(5,	'DS',	'American Samoa',	NULL),
(6,	'AD',	'Andorra',	'2'),
(7,	'AO',	'Angola',	'4'),
(8,	'AI',	'Anguilla',	'1'),
(9,	'AQ',	'Antarctica',	NULL),
(10,	'AG',	'Antigua and Barbuda',	'1'),
(11,	'AR',	'Argentina',	'1'),
(12,	'AM',	'Armenia',	'2'),
(13,	'AW',	'Aruba',	'1'),
(14,	'AU',	'Australia',	'4'),
(15,	'AT',	'Austria',	'2'),
(16,	'AZ',	'Azerbaijan',	'4'),
(17,	'BS',	'Bahamas',	'1'),
(18,	'BH',	'Bahrain',	'4'),
(19,	'BD',	'Bangladesh',	'3'),
(20,	'BB',	'Barbados',	'1'),
(21,	'BY',	'Belarus',	'2'),
(22,	'BE',	'Belgium',	'2'),
(23,	'BZ',	'Belize',	'1'),
(24,	'BJ',	'Benin',	'4'),
(25,	'BM',	'Bermuda',	'1'),
(26,	'BT',	'Bhutan',	'4'),
(27,	'BO',	'Bolivia',	'1'),
(28,	'BA',	'Bosnia and Herzegovina',	'2'),
(29,	'BW',	'Botswana',	'4'),
(30,	'BV',	'Bouvet Island',	NULL),
(31,	'BR',	'Brazil',	'1'),
(32,	'IO',	'British Indian Ocean Territory',	NULL),
(33,	'BN',	'Brunei Darussalam',	'4'),
(34,	'BG',	'Bulgaria',	'2'),
(35,	'BF',	'Burkina Faso',	'4'),
(36,	'BI',	'Burundi',	'4'),
(37,	'KH',	'Cambodia',	'3'),
(38,	'CM',	'Cameroon',	'4'),
(39,	'CA',	'Canada',	'1'),
(40,	'CV',	'Cape Verde',	'4'),
(41,	'KY',	'Cayman Islands',	'1'),
(42,	'CF',	'Central African Republic',	'4'),
(43,	'TD',	'Chad',	'4'),
(44,	'CL',	'Chile',	'1'),
(45,	'CN',	'China',	'3'),
(46,	'CX',	'Christmas Island',	NULL),
(47,	'CC',	'Cocos (Keeling) Islands',	NULL),
(48,	'CO',	'Colombia',	'1'),
(49,	'KM',	'Comoros',	'4'),
(50,	'CG',	'Congo',	'4'),
(51,	'CK',	'Cook Islands',	'4'),
(52,	'CR',	'Costa Rica',	'1'),
(53,	'HR',	'Croatia (Hrvatska)',	'2'),
(54,	'CU',	'Cuba',	'1'),
(55,	'CY',	'Cyprus',	'2'),
(56,	'CZ',	'Czech Republic',	'2'),
(57,	'DK',	'Denmark',	'2'),
(58,	'DJ',	'Djibouti',	'4'),
(59,	'DM',	'Dominica',	'1'),
(60,	'DO',	'Dominican Republic',	'1'),
(61,	'TP',	'East Timor',	NULL),
(63,	'EG',	'Egypt',	'4'),
(64,	'SV',	'El Salvador',	'1'),
(65,	'GQ',	'Equatorial Guinea',	'4'),
(66,	'ER',	'Eritrea',	'4'),
(67,	'EE',	'Estonia',	'2'),
(68,	'ET',	'Ethiopia',	'4'),
(69,	'FK',	'Falkland Islands (Malvinas)',	'1'),
(70,	'FO',	'Faroe Islands',	'4'),
(71,	'FJ',	'Fiji',	'4'),
(72,	'FI',	'Finland',	'2'),
(73,	'FR',	'France',	'2'),
(74,	'FX',	'France, Metropolitan',	NULL),
(75,	'GF',	'French Guiana',	'1'),
(76,	'PF',	'French Polynesia',	'4'),
(77,	'TF',	'French Southern Territories',	NULL),
(78,	'GA',	'Gabon',	'4'),
(79,	'GM',	'Gambia',	'4'),
(80,	'GE',	'Georgia',	'2'),
(81,	'DE',	'Germany',	'2'),
(82,	'GH',	'Ghana',	'4'),
(83,	'GI',	'Gibraltar',	'4'),
(84,	'GK',	'Guernsey',	NULL),
(85,	'GR',	'Greece',	'2'),
(86,	'GL',	'Greenland',	'2'),
(87,	'GD',	'Grenada',	'1'),
(88,	'GP',	'Guadeloupe',	'1'),
(89,	'GU',	'Guam',	'4'),
(90,	'GT',	'Guatemala',	'1'),
(91,	'GN',	'Guinea',	'4'),
(92,	'GW',	'Guinea-Bissau',	'4'),
(93,	'GY',	'Guyana',	'1'),
(94,	'HT',	'Haiti',	'1'),
(95,	'HM',	'Heard and Mc Donald Islands',	NULL),
(96,	'HN',	'Honduras',	'1'),
(97,	'HK',	'Hong Kong',	'3'),
(98,	'HU',	'Hungary',	'2'),
(99,	'IS',	'Iceland',	'2'),
(100,	'IN',	'India',	'3'),
(101,	'IM',	'Isle of Man',	NULL),
(102,	'ID',	'Indonesia',	'3'),
(103,	'IR',	'Iran (Islamic Republic of)',	'4'),
(104,	'IQ',	'Iraq',	'4'),
(105,	'IE',	'Ireland',	'2'),
(106,	'IL',	'Israel',	'2'),
(107,	'IT',	'Italy',	'2'),
(108,	'CI',	'Ivory Coast',	'4'),
(109,	'JE',	'Jersey',	'4'),
(110,	'JM',	'Jamaica',	'1'),
(111,	'JP',	'Japan',	'3'),
(112,	'JO',	'Jordan',	'4'),
(113,	'KZ',	'Kazakhstan',	'4'),
(114,	'KE',	'Kenya',	'4'),
(115,	'KI',	'Kiribati',	'4'),
(116,	'KP',	'Korea, Democratic People\'s Republic of',	'3'),
(117,	'KR',	'Korea, Republic of',	'3'),
(118,	'XK',	'Kosovo',	NULL),
(119,	'KW',	'Kuwait',	'4'),
(120,	'KG',	'Kyrgyzstan',	'4'),
(121,	'LA',	'Lao People\'s Democratic Republic',	'3'),
(122,	'LV',	'Latvia',	'2'),
(123,	'LB',	'Lebanon',	'4'),
(124,	'LS',	'Lesotho',	'4'),
(125,	'LR',	'Liberia',	'4'),
(126,	'LY',	'Libyan Arab Jamahiriya',	'4'),
(127,	'LI',	'Liechtenstein',	'2'),
(128,	'LT',	'Lithuania',	'2'),
(129,	'LU',	'Luxembourg',	'2'),
(130,	'MO',	'Macau',	'4'),
(131,	'MK',	'Macedonia',	'2'),
(132,	'MG',	'Madagascar',	'4'),
(133,	'MW',	'Malawi',	'4'),
(134,	'MY',	'Malaysia',	'4'),
(135,	'MV',	'Maldives',	'4'),
(136,	'ML',	'Mali',	'4'),
(137,	'MT',	'Malta',	'2'),
(138,	'MH',	'Marshall Islands',	'4'),
(139,	'MQ',	'Martinique',	'1'),
(140,	'MR',	'Mauritania',	'4'),
(141,	'MU',	'Mauritius',	'4'),
(142,	'TY',	'Mayotte',	NULL),
(143,	'MX',	'Mexico',	'1'),
(144,	'FM',	'Micronesia, Federated States of',	'4'),
(145,	'MD',	'Moldova, Republic of',	'2'),
(146,	'MC',	'Monaco',	'2'),
(147,	'MN',	'Mongolia',	'4'),
(148,	'ME',	'Montenegro',	'2'),
(149,	'MS',	'Montserrat',	'1'),
(150,	'MA',	'Morocco',	'4'),
(151,	'MZ',	'Mozambique',	'4'),
(152,	'MM',	'Myanmar',	'4'),
(153,	'NA',	'Namibia',	'4'),
(154,	'NR',	'Nauru',	'4'),
(155,	'NP',	'Nepal',	'4'),
(156,	'NL',	'Netherlands',	'2'),
(157,	'AN',	'Netherlands Antilles',	NULL),
(158,	'NC',	'New Caledonia',	'4'),
(159,	'NZ',	'New Zealand',	'4'),
(160,	'NI',	'Nicaragua',	'1'),
(161,	'NE',	'Niger',	'4'),
(162,	'NG',	'Nigeria',	'4'),
(163,	'NU',	'Niue',	'4'),
(164,	'NF',	'Norfolk Island',	NULL),
(165,	'MP',	'Northern Mariana Islands',	'4'),
(166,	'NO',	'Norway',	'2'),
(167,	'OM',	'Oman',	'4'),
(168,	'PK',	'Pakistan',	'4'),
(169,	'PW',	'Palau',	'4'),
(170,	'PS',	'Palestine',	NULL),
(171,	'PA',	'Panama',	'1'),
(172,	'PG',	'Papua New Guinea',	'4'),
(173,	'PY',	'Paraguay',	'1'),
(174,	'PE',	'Peru',	'1'),
(175,	'PH',	'Philippines',	'3'),
(176,	'PN',	'Pitcairn',	NULL),
(177,	'PL',	'Poland',	'2'),
(178,	'PT',	'Portugal',	'2'),
(179,	'PR',	'Puerto Rico',	'1'),
(180,	'QA',	'Qatar',	'4'),
(181,	'RE',	'Reunion',	'4'),
(182,	'RO',	'Romania',	'2'),
(183,	'RU',	'Russian Federation',	'2'),
(184,	'RW',	'Rwanda',	'4'),
(185,	'KN',	'Saint Kitts and Nevis',	'1'),
(186,	'LC',	'Saint Lucia',	'1'),
(187,	'VC',	'Saint Vincent and the Grenadines',	'1'),
(188,	'WS',	'Samoa',	'4'),
(189,	'SM',	'San Marino',	'2'),
(190,	'ST',	'Sao Tome and Principe',	'4'),
(191,	'SA',	'Saudi Arabia',	'4'),
(192,	'SN',	'Senegal',	'4'),
(193,	'RS',	'Serbia',	'2'),
(194,	'SC',	'Seychelles',	'4'),
(195,	'SL',	'Sierra Leone',	'4'),
(196,	'SG',	'Singapore',	'3'),
(197,	'SK',	'Slovakia',	'2'),
(198,	'SI',	'Slovenia',	'2'),
(199,	'SB',	'Solomon Islands',	'4'),
(200,	'SO',	'Somalia',	'4'),
(201,	'ZA',	'South Africa',	'4'),
(202,	'GS',	'South Georgia South Sandwich Islands',	NULL),
(203,	'ES',	'Spain',	'2'),
(204,	'LK',	'Sri Lanka',	'3'),
(205,	'SH',	'St. Helena',	'4'),
(206,	'PM',	'St. Pierre and Miquelon',	NULL),
(207,	'SD',	'Sudan',	'4'),
(208,	'SR',	'Suriname',	'1'),
(209,	'SJ',	'Svalbard and Jan Mayen Islands',	NULL),
(210,	'SZ',	'Swaziland',	'4'),
(211,	'SE',	'Sweden',	'2'),
(212,	'CH',	'Switzerland',	'2'),
(213,	'SY',	'Syrian Arab Republic',	'4'),
(214,	'TW',	'Taiwan',	'3'),
(215,	'TJ',	'Tajikistan',	'4'),
(216,	'TZ',	'Tanzania, United Republic of',	'4'),
(217,	'TH',	'Thailand',	'3'),
(218,	'TG',	'Togo',	'4'),
(219,	'TK',	'Tokelau',	NULL),
(220,	'TO',	'Tonga',	'4'),
(221,	'TT',	'Trinidad and Tobago',	'1'),
(222,	'TN',	'Tunisia',	'4'),
(223,	'TR',	'Turkey',	'2'),
(224,	'TM',	'Turkmenistan',	NULL),
(225,	'TC',	'Turks and Caicos Islands',	'1'),
(226,	'TV',	'Tuvalu',	'4'),
(227,	'UG',	'Uganda',	'4'),
(228,	'UA',	'Ukraine',	'2'),
(229,	'AE',	'United Arab Emirates',	'4'),
(230,	'GB',	'United Kingdom',	'2'),
(231,	'US',	'United States',	'1'),
(232,	'UM',	'United States minor outlying islands',	NULL),
(233,	'UY',	'Uruguay',	'1'),
(234,	'UZ',	'Uzbekistan',	'4'),
(235,	'VU',	'Vanuatu',	'4'),
(236,	'VA',	'Vatican City State',	'2'),
(237,	'VE',	'Venezuela',	'1'),
(238,	'VN',	'Vietnam',	'3'),
(239,	'VG',	'Virgin Islands (British)',	'1'),
(240,	'VI',	'Virgin Islands (U.S.)',	'1'),
(241,	'WF',	'Wallis and Futuna Islands',	NULL),
(242,	'EH',	'Western Sahara',	NULL),
(243,	'YE',	'Yemen',	'4'),
(244,	'ZR',	'Zaire',	NULL),
(245,	'ZM',	'Zambia',	'4'),
(246,	'ZW',	'Zimbabwe',	'4');

DROP TABLE IF EXISTS `detail`;
CREATE TABLE `detail` (
  `id` int(11) NOT NULL AUTO_INCREMENT,
  `bill_id` int(11) NOT NULL,
  `product_has_mesure_type_id` int(11) NOT NULL,
  `creation_date` datetime NOT NULL,
  `price` double(10,2) NOT NULL,
  `quantity` int(11) DEFAULT '1',
  PRIMARY KEY (`id`),
  KEY `fk_detail_bill1_idx` (`bill_id`),
  KEY `fk_detail_product_has_mesure_type1_idx` (`product_has_mesure_type_id`),
  CONSTRAINT `fk_detail_bill1` FOREIGN KEY (`bill_id`) REFERENCES `bill` (`id`) ON DELETE NO ACTION ON UPDATE NO ACTION,
  CONSTRAINT `fk_detail_product_has_mesure_type1` FOREIGN KEY (`product_has_mesure_type_id`) REFERENCES `product_has_mesure_type` (`id`) ON DELETE NO ACTION ON UPDATE NO ACTION
) ENGINE=InnoDB DEFAULT CHARSET=utf8;

INSERT INTO `detail` (`id`, `bill_id`, `product_has_mesure_type_id`, `creation_date`, `price`, `quantity`) VALUES
(1,	5,	1,	'2017-02-01 23:02:50',	150.00,	1),
(3,	7,	1,	'2017-02-01 23:05:34',	150.00,	1),
(4,	8,	1,	'2017-02-01 23:08:01',	150.00,	1),
(5,	9,	1,	'2017-02-01 23:15:02',	150.00,	1),
(6,	5,	6,	'2017-02-01 23:15:02',	123.00,	1),
(7,	10,	1,	'2017-02-01 23:26:10',	150.00,	1),
(8,	10,	6,	'2017-02-01 23:26:10',	123.00,	1),
(9,	11,	1,	'2017-02-02 23:43:30',	150.00,	1),
(10,	11,	6,	'2017-02-02 23:43:30',	123.00,	1),
(11,	12,	1,	'2017-02-02 23:43:57',	150.00,	1),
(12,	12,	6,	'2017-02-02 23:43:57',	123.00,	1),
(13,	13,	1,	'2017-02-02 23:54:39',	150.00,	1),
(14,	13,	6,	'2017-02-02 23:54:39',	123.00,	1),
(15,	21,	2,	'2017-04-11 15:49:41',	300.00,	1),
(16,	22,	2,	'2017-04-11 15:51:46',	300.00,	3),
(17,	23,	1,	'2017-06-06 22:42:21',	150.00,	1),
(18,	29,	1,	'2017-07-26 13:57:58',	100.00,	1),
(19,	30,	1,	'2017-07-26 13:59:08',	100.00,	1),
(20,	31,	1,	'2017-07-26 14:07:10',	100.00,	1),
(21,	32,	1,	'2017-08-14 19:21:31',	100.00,	2);

DROP TABLE IF EXISTS `dhl`;
CREATE TABLE `dhl` (
  `id` int(11) unsigned NOT NULL AUTO_INCREMENT,
  `zone` int(11) DEFAULT NULL,
  `kg` double(2,1) DEFAULT NULL,
  `value` int(11) DEFAULT NULL,
  PRIMARY KEY (`id`)
) ENGINE=InnoDB DEFAULT CHARSET=utf8;

INSERT INTO `dhl` (`id`, `zone`, `kg`, `value`) VALUES
(1,	1,	0.5,	23),
(2,	2,	0.5,	27),
(3,	3,	0.5,	29),
(4,	4,	0.5,	31),
(5,	1,	1.0,	23),
(6,	2,	1.0,	27),
(7,	3,	1.0,	29),
(8,	4,	1.0,	31),
(9,	1,	1.5,	23),
(10,	2,	1.5,	27),
(11,	3,	1.5,	29),
(12,	4,	1.5,	31),
(13,	1,	2.0,	25),
(14,	2,	2.0,	29),
(15,	3,	2.0,	31),
(16,	4,	2.0,	33),
(17,	1,	2.5,	27),
(18,	2,	2.5,	31),
(19,	3,	2.5,	33),
(20,	4,	2.5,	35),
(21,	1,	3.0,	29),
(22,	2,	3.0,	33),
(23,	3,	3.0,	35),
(24,	4,	3.0,	37),
(25,	1,	3.5,	31),
(26,	2,	3.5,	35),
(27,	3,	3.5,	37),
(28,	4,	3.5,	39),
(29,	1,	4.0,	33),
(30,	2,	4.0,	37),
(31,	3,	4.0,	39),
(32,	4,	4.0,	41),
(33,	1,	4.5,	35),
(34,	2,	4.5,	39),
(35,	3,	4.5,	41),
(36,	4,	4.5,	43),
(37,	1,	5.0,	37),
(38,	2,	5.0,	41),
(39,	3,	5.0,	43),
(40,	4,	5.0,	45),
(41,	1,	5.5,	41),
(42,	2,	5.5,	45),
(43,	3,	5.5,	47),
(44,	4,	5.5,	49),
(45,	1,	6.0,	45),
(46,	2,	6.0,	49),
(47,	3,	6.0,	51),
(48,	4,	6.0,	53),
(49,	1,	6.5,	49),
(50,	2,	6.5,	53),
(51,	3,	6.5,	55),
(52,	4,	6.5,	57),
(53,	1,	7.0,	53),
(54,	2,	7.0,	57),
(55,	3,	7.0,	59),
(56,	4,	7.0,	61),
(57,	1,	7.5,	57),
(58,	2,	7.5,	61),
(59,	3,	7.5,	63),
(60,	4,	7.5,	65),
(61,	1,	8.0,	61),
(62,	2,	8.0,	65),
(63,	3,	8.0,	67),
(64,	4,	8.0,	69),
(65,	1,	8.5,	65),
(66,	2,	8.5,	69),
(67,	3,	8.5,	71),
(68,	4,	8.5,	73),
(69,	1,	9.0,	69),
(70,	2,	9.0,	73),
(71,	3,	9.0,	75),
(72,	4,	9.0,	77),
(73,	1,	9.5,	73),
(74,	2,	9.5,	77),
(75,	3,	9.5,	79),
(76,	4,	9.5,	81),
(77,	1,	9.9,	77),
(78,	2,	9.9,	81),
(79,	3,	9.9,	83),
(80,	4,	9.9,	85),
(81,	1,	9.9,	81),
(82,	2,	9.9,	85),
(83,	3,	9.9,	87),
(84,	4,	9.9,	89),
(85,	1,	9.9,	85),
(86,	2,	9.9,	89),
(87,	3,	9.9,	91),
(88,	4,	9.9,	93),
(89,	1,	9.9,	89),
(90,	2,	9.9,	93),
(91,	3,	9.9,	95),
(92,	4,	9.9,	97),
(93,	1,	9.9,	93),
(94,	2,	9.9,	97),
(95,	3,	9.9,	99),
(96,	4,	9.9,	101),
(97,	1,	9.9,	97),
(98,	2,	9.9,	101),
(99,	3,	9.9,	103),
(100,	4,	9.9,	105),
(101,	1,	9.9,	101),
(102,	2,	9.9,	105),
(103,	3,	9.9,	107),
(104,	4,	9.9,	109),
(105,	1,	9.9,	105),
(106,	2,	9.9,	109),
(107,	3,	9.9,	111),
(108,	4,	9.9,	113),
(109,	1,	9.9,	109),
(110,	2,	9.9,	113),
(111,	3,	9.9,	115),
(112,	4,	9.9,	117),
(113,	1,	9.9,	113),
(114,	2,	9.9,	117),
(115,	3,	9.9,	119),
(116,	4,	9.9,	121),
(117,	1,	9.9,	117),
(118,	2,	9.9,	121),
(119,	3,	9.9,	123),
(120,	4,	9.9,	125),
(121,	1,	9.9,	121),
(122,	2,	9.9,	125),
(123,	3,	9.9,	127),
(124,	4,	9.9,	129),
(125,	1,	9.9,	125),
(126,	2,	9.9,	129),
(127,	3,	9.9,	131),
(128,	4,	9.9,	133),
(129,	1,	9.9,	129),
(130,	2,	9.9,	133),
(131,	3,	9.9,	135),
(132,	4,	9.9,	137),
(133,	1,	9.9,	133),
(134,	2,	9.9,	137),
(135,	3,	9.9,	139),
(136,	4,	9.9,	141),
(137,	1,	9.9,	137),
(138,	2,	9.9,	141),
(139,	3,	9.9,	143),
(140,	4,	9.9,	145),
(141,	1,	9.9,	141),
(142,	2,	9.9,	145),
(143,	3,	9.9,	147),
(144,	4,	9.9,	149),
(145,	1,	9.9,	145),
(146,	2,	9.9,	149),
(147,	3,	9.9,	151),
(148,	4,	9.9,	153),
(149,	1,	9.9,	149),
(150,	2,	9.9,	153),
(151,	3,	9.9,	155),
(152,	4,	9.9,	157),
(153,	1,	9.9,	153),
(154,	2,	9.9,	157),
(155,	3,	9.9,	159),
(156,	4,	9.9,	161),
(157,	1,	9.9,	157),
(158,	2,	9.9,	161),
(159,	3,	9.9,	163),
(160,	4,	9.9,	165);

DROP TABLE IF EXISTS `flowing`;
CREATE TABLE `flowing` (
  `id` int(11) NOT NULL AUTO_INCREMENT,
  `creation_date` datetime NOT NULL,
  `description` varchar(150) NOT NULL,
  `description_en` varchar(150) DEFAULT NULL,
  PRIMARY KEY (`id`)
) ENGINE=InnoDB DEFAULT CHARSET=utf8;

INSERT INTO `flowing` (`id`, `creation_date`, `description`, `description_en`) VALUES
(1,	'2017-01-20 00:00:00',	'Figurativo',	'Figurative'),
(2,	'2018-01-18 16:22:45',	'Abstracto',	'Abstract'),
(3,	'2018-01-18 16:23:40',	'Conceptual',	'Concept'),
(4,	'2018-01-18 16:24:51',	'Moderno',	'Modern'),
(5,	'2018-01-18 16:25:13',	'Pop Art',	'Pop Art'),
(6,	'2018-01-18 16:26:01',	'Contemporáneo',	'Contemporary '),
(7,	'2018-01-24 15:09:31',	'Expresionismo',	'Expressionism'),
(8,	'2018-01-24 15:10:07',	'Surrealismo',	'Surrealism'),
(9,	'2018-01-24 17:33:57',	'Varios',	'Various');

DROP TABLE IF EXISTS `language`;
CREATE TABLE `language` (
  `language_id` varchar(5) COLLATE utf8_unicode_ci NOT NULL,
  `language` varchar(3) COLLATE utf8_unicode_ci NOT NULL,
  `country` varchar(3) COLLATE utf8_unicode_ci NOT NULL,
  `name` varchar(32) COLLATE utf8_unicode_ci NOT NULL,
  `name_ascii` varchar(32) COLLATE utf8_unicode_ci NOT NULL,
  `status` smallint(6) NOT NULL,
  PRIMARY KEY (`language_id`)
) ENGINE=InnoDB DEFAULT CHARSET=utf8 COLLATE=utf8_unicode_ci;

INSERT INTO `language` (`language_id`, `language`, `country`, `name`, `name_ascii`, `status`) VALUES
('af-ZA',	'af',	'za',	'Afrikaans',	'Afrikaans',	0),
('ar-AR',	'ar',	'ar',	'‏العربية‏',	'Arabic',	0),
('az-AZ',	'az',	'az',	'Azərbaycan dili',	'Azerbaijani',	0),
('be-BY',	'be',	'by',	'Беларуская',	'Belarusian',	0),
('bg-BG',	'bg',	'bg',	'Български',	'Bulgarian',	0),
('bn-IN',	'bn',	'in',	'বাংলা',	'Bengali',	0),
('bs-BA',	'bs',	'ba',	'Bosanski',	'Bosnian',	0),
('ca-ES',	'ca',	'es',	'Català',	'Catalan',	0),
('cs-CZ',	'cs',	'cz',	'Čeština',	'Czech',	0),
('cy-GB',	'cy',	'gb',	'Cymraeg',	'Welsh',	0),
('da-DK',	'da',	'dk',	'Dansk',	'Danish',	0),
('de-DE',	'de',	'de',	'Deutsch',	'German',	0),
('el-GR',	'el',	'gr',	'Ελληνικά',	'Greek',	0),
('en_EN',	'en',	'us',	'English (US)',	'English (US)',	1),
('en-GB',	'en',	'gb',	'English (UK)',	'English (UK)',	0),
('en-PI',	'en',	'pi',	'English (Pirate)',	'English (Pirate)',	0),
('en-UD',	'en',	'ud',	'English (Upside Down)',	'English (Upside Down)',	0),
('eo-EO',	'eo',	'eo',	'Esperanto',	'Esperanto',	0),
('es',	'es',	'es',	'Español (España)',	'Spanish (Spain)',	1),
('es-LA',	'es',	'la',	'Español',	'Spanish',	0),
('et-EE',	'et',	'ee',	'Eesti',	'Estonian',	0),
('eu-ES',	'eu',	'es',	'Euskara',	'Basque',	0),
('fa-IR',	'fa',	'ir',	'‏فارسی‏',	'Persian',	0),
('fb-LT',	'fb',	'lt',	'Leet Speak',	'Leet Speak',	0),
('fi-FI',	'fi',	'fi',	'Suomi',	'Finnish',	0),
('fo-FO',	'fo',	'fo',	'Føroyskt',	'Faroese',	0),
('fr-CA',	'fr',	'ca',	'Français (Canada)',	'French (Canada)',	0),
('fr-FR',	'fr',	'fr',	'Français (France)',	'French (France)',	0),
('fy-NL',	'fy',	'nl',	'Frysk',	'Frisian',	0),
('ga-IE',	'ga',	'ie',	'Gaeilge',	'Irish',	0),
('gl-ES',	'gl',	'es',	'Galego',	'Galician',	0),
('he-IL',	'he',	'il',	'‏עברית‏',	'Hebrew',	0),
('hi-IN',	'hi',	'in',	'हिन्दी',	'Hindi',	0),
('hr-HR',	'hr',	'hr',	'Hrvatski',	'Croatian',	0),
('hu-HU',	'hu',	'hu',	'Magyar',	'Hungarian',	0),
('hy-AM',	'hy',	'am',	'Հայերեն',	'Armenian',	0),
('id-ID',	'id',	'id',	'Bahasa Indonesia',	'Indonesian',	0),
('is-IS',	'is',	'is',	'Íslenska',	'Icelandic',	0),
('it-IT',	'it',	'it',	'Italiano',	'Italian',	0),
('ja-JP',	'ja',	'jp',	'日本語',	'Japanese',	0),
('ka-GE',	'ka',	'ge',	'ქართული',	'Georgian',	0),
('km-KH',	'km',	'kh',	'ភាសាខ្មែរ',	'Khmer',	0),
('ko-KR',	'ko',	'kr',	'한국어',	'Korean',	0),
('ku-TR',	'ku',	'tr',	'Kurdî',	'Kurdish',	0),
('la-VA',	'la',	'va',	'lingua latina',	'Latin',	0),
('lt-LT',	'lt',	'lt',	'Lietuvių',	'Lithuanian',	0),
('lv-LV',	'lv',	'lv',	'Latviešu',	'Latvian',	0),
('mk-MK',	'mk',	'mk',	'Македонски',	'Macedonian',	0),
('ml-IN',	'ml',	'in',	'മലയാളം',	'Malayalam',	0),
('ms-MY',	'ms',	'my',	'Bahasa Melayu',	'Malay',	0),
('nb-NO',	'nb',	'no',	'Norsk (bokmål)',	'Norwegian (bokmal)',	0),
('ne-NP',	'ne',	'np',	'नेपाली',	'Nepali',	0),
('nl-NL',	'nl',	'nl',	'Nederlands',	'Dutch',	0),
('nn-NO',	'nn',	'no',	'Norsk (nynorsk)',	'Norwegian (nynorsk)',	0),
('pa-IN',	'pa',	'in',	'ਪੰਜਾਬੀ',	'Punjabi',	0),
('pl-PL',	'pl',	'pl',	'Polski',	'Polish',	0),
('ps-AF',	'ps',	'af',	'‏پښتو‏',	'Pashto',	0),
('pt-BR',	'pt',	'br',	'Português (Brasil)',	'Portuguese (Brazil)',	0),
('pt-PT',	'pt',	'pt',	'Português (Portugal)',	'Portuguese (Portugal)',	0),
('ro-RO',	'ro',	'ro',	'Română',	'Romanian',	0),
('ru-RU',	'ru',	'ru',	'Русский',	'Russian',	0),
('sk-SK',	'sk',	'sk',	'Slovenčina',	'Slovak',	0),
('sl-SI',	'sl',	'si',	'Slovenščina',	'Slovenian',	0),
('sq-AL',	'sq',	'al',	'Shqip',	'Albanian',	0),
('sr-RS',	'sr',	'rs',	'Српски',	'Serbian',	0),
('sv-SE',	'sv',	'se',	'Svenska',	'Swedish',	0),
('sw-KE',	'sw',	'ke',	'Kiswahili',	'Swahili',	0),
('ta-IN',	'ta',	'in',	'தமிழ்',	'Tamil',	0),
('te-IN',	'te',	'in',	'తెలుగు',	'Telugu',	0),
('th-TH',	'th',	'th',	'ภาษาไทย',	'Thai',	0),
('tl-PH',	'tl',	'ph',	'Filipino',	'Filipino',	0),
('tr-TR',	'tr',	'tr',	'Türkçe',	'Turkish',	0),
('uk-UA',	'uk',	'ua',	'Українська',	'Ukrainian',	0),
('vi-VN',	'vi',	'vn',	'Tiếng Việt',	'Vietnamese',	0),
('xx-XX',	'xx',	'xx',	'Fejlesztő',	'Developer',	0),
('zh-CN',	'zh',	'cn',	'中文(简体)',	'Simplified Chinese (China)',	0),
('zh-HK',	'zh',	'hk',	'中文(香港)',	'Traditional Chinese (Hong Kong)',	0),
('zh-TW',	'zh',	'tw',	'中文(台灣)',	'Traditional Chinese (Taiwan)',	0);

DROP TABLE IF EXISTS `language_source`;
CREATE TABLE `language_source` (
  `id` int(11) NOT NULL AUTO_INCREMENT,
  `category` varchar(32) COLLATE utf8_unicode_ci DEFAULT NULL,
  `message` text COLLATE utf8_unicode_ci,
  PRIMARY KEY (`id`)
) ENGINE=InnoDB DEFAULT CHARSET=utf8 COLLATE=utf8_unicode_ci;

INSERT INTO `language_source` (`id`, `category`, `message`) VALUES
(2,	'kvdialog',	'Ok'),
(3,	'kvdialog',	'Cancel'),
(4,	'kvdialog',	'Information'),
(5,	'kvdialog',	'Confirmation'),
(6,	'kvdynagrid',	'Apply'),
(7,	'kvdynagrid',	'Save grid settings'),
(8,	'kvdynagrid',	'Reset'),
(9,	'kvdynagrid',	'Abort any changes and reset settings'),
(10,	'kvdynagrid',	'Trash'),
(11,	'kvdynagrid',	'Remove saved grid settings'),
(12,	'kvdynagrid',	'Personalize grid settings'),
(13,	'kvdynagrid',	'Save / edit grid {category}'),
(14,	'kvdynagrid',	'Save / Edit Grid {title}'),
(15,	'kvdynagrid',	'grid'),
(16,	'kvdynagrid',	'sort'),
(17,	'kvdynagrid',	'filter'),
(18,	'kvdynagrid',	'Hidden / Fixed Columns'),
(19,	'kvdynagrid',	'Visible Columns'),
(20,	'kvdynagrid',	'Page Size'),
(21,	'kvdynagrid',	'Default Filter'),
(22,	'kvdynagrid',	'Default Sort'),
(23,	'kvdynagrid',	'Grid Theme'),
(24,	'kvdynagrid',	'Filter Name'),
(25,	'kvdynagrid',	'Saved Filters'),
(26,	'kvdynagrid',	'Filter Configuration'),
(27,	'kvdynagrid',	'Sort Name'),
(28,	'kvdynagrid',	'Saved Sorts'),
(29,	'kvdynagrid',	'Sort Configuration'),
(30,	'kvdynagrid',	'descending'),
(31,	'kvdynagrid',	'ascending'),
(32,	'kvdynagrid',	'Saving and applying configuration'),
(33,	'kvdynagrid',	'Trashing all personalizations'),
(34,	'kvdynagrid',	'Are you sure you want to delete the setting?'),
(35,	'kvdynagrid',	'Personalize Grid Configuration'),
(36,	'kvdynagrid',	'rows per page'),
(37,	'kvdynagrid',	'Integer between {min} to {max}'),
(38,	'kvdynagrid',	'Select a theme...'),
(39,	'kvdynagrid',	'Select theme to style grid'),
(40,	'kvdynagrid',	'Select a filter...'),
(41,	'kvdynagrid',	'Set default grid filter criteria'),
(42,	'kvdynagrid',	'Select a sort...'),
(43,	'kvdynagrid',	'Set default grid sort criteria'),
(44,	'kvdynagrid',	'Configure Order and Display of Grid Columns'),
(45,	'kvdynagrid',	'Select...'),
(46,	'kvdynagrid',	'Save'),
(47,	'kvdynagrid',	'Delete'),
(48,	'kvdynagrid',	'Set a name to save the state of your current grid {category}. You can alternatively select a saved {category} from the list below to edit or delete.'),
(49,	'kveditable',	'Close'),
(50,	'kveditable',	'(not set)'),
(51,	'kveditable',	'Edit'),
(52,	'kveditable',	'Apply'),
(53,	'kveditable',	'Reset'),
(54,	'kvexport',	'Select Columns'),
(55,	'kvexport',	'Select columns to export'),
(56,	'kvexport',	'Column'),
(57,	'kvexport',	'grid-export'),
(58,	'kvexport',	'HTML'),
(59,	'kvexport',	'Hyper Text Markup Language'),
(60,	'kvexport',	'The HTML export file will be generated for download.'),
(61,	'kvexport',	'CSV'),
(62,	'kvexport',	'Comma Separated Values'),
(63,	'kvexport',	'The CSV export file will be generated for download.'),
(64,	'kvexport',	'Text'),
(65,	'kvexport',	'Tab Delimited Text'),
(66,	'kvexport',	'The TEXT export file will be generated for download.'),
(67,	'kvexport',	'PDF'),
(68,	'kvexport',	'Portable Document Format'),
(69,	'kvexport',	'The PDF export file will be generated for download.'),
(70,	'kvexport',	'Excel 95 +'),
(71,	'kvexport',	'Microsoft Excel 95+ (xls)'),
(72,	'kvexport',	'The EXCEL 95+ (xls) export file will be generated for download.'),
(73,	'kvexport',	'Excel 2007+'),
(74,	'kvexport',	'Microsoft Excel 2007+ (xlsx)'),
(75,	'kvexport',	'The EXCEL 2007+ (xlsx) export file will be generated for download.'),
(76,	'kvexport',	'Disable any popup blockers in your browser to ensure proper download.'),
(77,	'kvexport',	'Ok to proceed?'),
(78,	'kvexport',	'Generating the export file. Please wait...'),
(79,	'kvexport',	'Request submitted! You may safely close this dialog after saving your downloaded file.'),
(80,	'kvexport',	'Export data in selected format'),
(81,	'kvexport',	'Grid export generated by Krajee ExportMenu widget (yii2-export)'),
(82,	'kvexport',	'Toggle All'),
(83,	'kvexport',	'Exported File'),
(84,	'kvexport',	'Download exported file'),
(85,	'kvgrid',	'Actions'),
(86,	'kvgrid',	'View'),
(87,	'kvgrid',	'Update'),
(88,	'kvgrid',	'Delete'),
(89,	'kvgrid',	'Are you sure to delete this item?'),
(90,	'kvgrid',	'Active'),
(91,	'kvgrid',	'Inactive'),
(92,	'kvgrid',	'export'),
(93,	'kvgrid',	'No data found'),
(94,	'kvgrid',	'Invalid or bad editable data'),
(95,	'kvgrid',	'No valid editable model found'),
(96,	'kvgrid',	'Invalid editable index or model form name'),
(97,	'kvgrid',	'Failed to update editable data due to an unknown server error'),
(98,	'kvgrid',	'Expand'),
(99,	'kvgrid',	'Collapse'),
(100,	'kvgrid',	'Expand All'),
(101,	'kvgrid',	'Collapse All'),
(102,	'kvgrid',	'Disable any popup blockers in your browser to ensure proper download.'),
(103,	'kvgrid',	'Ok to proceed?'),
(104,	'kvgrid',	'Generating the export file. Please wait...'),
(105,	'kvgrid',	'Request submitted! You may safely close this dialog after saving your downloaded file.'),
(106,	'kvgrid',	'Export'),
(107,	'kvgrid',	'Export Page Data'),
(108,	'kvgrid',	'Export All Data'),
(109,	'kvgrid',	'Grid Export'),
(110,	'kvgrid',	'Yii2 Grid Export (PDF)'),
(111,	'kvgrid',	'Generated'),
(112,	'kvgrid',	'© Krajee Yii2 Extensions'),
(113,	'kvgrid',	'HTML'),
(114,	'kvgrid',	'grid-export'),
(115,	'kvgrid',	'The HTML export file will be generated for download.'),
(116,	'kvgrid',	'Hyper Text Markup Language'),
(117,	'kvgrid',	'CSV'),
(118,	'kvgrid',	'The CSV export file will be generated for download.'),
(119,	'kvgrid',	'Comma Separated Values'),
(120,	'kvgrid',	'Text'),
(121,	'kvgrid',	'The TEXT export file will be generated for download.'),
(122,	'kvgrid',	'Tab Delimited Text'),
(123,	'kvgrid',	'Excel'),
(124,	'kvgrid',	'The EXCEL export file will be generated for download.'),
(125,	'kvgrid',	'Microsoft Excel 95+'),
(126,	'kvgrid',	'ExportWorksheet'),
(127,	'kvgrid',	'PDF'),
(128,	'kvgrid',	'The PDF export file will be generated for download.'),
(129,	'kvgrid',	'Portable Document Format'),
(130,	'kvgrid',	'PDF export generated by kartik-v/yii2-grid extension'),
(131,	'kvgrid',	'krajee, grid, export, yii2-grid, pdf'),
(132,	'kvgrid',	'JSON'),
(133,	'kvgrid',	'The JSON export file will be generated for download.'),
(134,	'kvgrid',	'JavaScript Object Notation'),
(135,	'kvgrid',	'There are {totalCount} records. Are you sure you want to display them all?'),
(136,	'kvgrid',	'All'),
(137,	'kvgrid',	'Show all data'),
(138,	'kvgrid',	'Page'),
(139,	'kvgrid',	'Show first page data'),
(140,	'kvgrid',	'Add Book'),
(141,	'kvgrid',	'Book Listing'),
(142,	'kvgrid',	'Download Selected'),
(143,	'kvgrid',	'Library'),
(144,	'kvgrid',	'Reset Grid'),
(145,	'kvgrid',	'The page summary displays SUM for first 3 amount columns and AVG for the last.'),
(146,	'kvgrid',	'The table header sticks to the top in this demo as you scroll'),
(147,	'kvgrid',	'Resize table columns just like a spreadsheet by dragging the column edges.'),
(148,	'kvgrid',	'Clear selection'),
(149,	'kvbase',	'It is recommended you use an upgraded browser to display the {type} control properly.'),
(150,	'kvpwdstrength',	'{attribute} must be a string'),
(151,	'kvpwdstrength',	'{attribute} should contain at least {n, plural, one{one character} other{# characters}} ({found} found)!'),
(152,	'kvpwdstrength',	'{attribute} should contain at most {n, plural, one{one character} other{# characters}} ({found} found)!'),
(153,	'kvpwdstrength',	'{attribute} should contain exactly {n, plural, one{one character} other{# characters}} ({found} found)!'),
(154,	'kvpwdstrength',	'{attribute} cannot contain any spaces'),
(155,	'kvpwdstrength',	'{attribute} cannot contain the username'),
(156,	'kvpwdstrength',	'{attribute} cannot contain an email address'),
(157,	'kvpwdstrength',	'{attribute} should contain at least {n, plural, one{one lower case character} other{# lower case characters}} ({found} found)!'),
(158,	'kvpwdstrength',	'{attribute} should contain at least {n, plural, one{one upper case character} other{# upper case characters}} ({found} found)!'),
(159,	'kvpwdstrength',	'{attribute} should contain at least {n, plural, one{one numeric / digit character} other{# numeric / digit characters}} ({found} found)!'),
(160,	'kvpwdstrength',	'{attribute} should contain at least {n, plural, one{one special character} other{# special characters}} ({found} found)!'),
(161,	'kvcolor',	'cancel'),
(162,	'kvcolor',	'choose'),
(163,	'kvcolor',	'Clear Color Selection'),
(164,	'kvcolor',	'No Color Selected'),
(165,	'kvcolor',	'more'),
(166,	'kvcolor',	'less'),
(167,	'kvdate',	'Select date'),
(168,	'kvdate',	'Clear field'),
(169,	'kvdtime',	'Select date & time'),
(170,	'kvdtime',	'Clear field'),
(171,	'fileinput',	'file preview and multiple file upload'),
(172,	'fileinput',	'multiple file upload'),
(173,	'fileinput',	'Note:'),
(174,	'fileinput',	'Your browser does not support {validation}. Try an alternative or more recent browser to access these features.'),
(175,	'kvselect',	'Select all'),
(176,	'kvselect',	'Unselect all'),
(177,	'language',	'Text not found in database! Please run project scan before translating!'),
(178,	'language',	'translations'),
(179,	'language',	'Successfully imported {fileName}'),
(180,	'language',	'{type}: {new} new, {updated} updated'),
(181,	'language',	'Invalid model \"{model}\":'),
(182,	'language',	'Translation'),
(183,	'language',	'Select all'),
(184,	'language',	'Delete selected'),
(185,	'language',	'Action'),
(186,	'language',	'Delete'),
(187,	'language',	'Create'),
(188,	'language',	'Update'),
(189,	'language',	'Create {modelClass}'),
(190,	'language',	'Languages'),
(191,	'language',	'Source'),
(192,	'language',	'Choosing the language of translation'),
(193,	'language',	'Text to be translated'),
(194,	'language',	'Export'),
(195,	'language',	'Import'),
(196,	'language',	'List of languages'),
(197,	'language',	'Status'),
(198,	'language',	'Statistic'),
(199,	'language',	'Translate'),
(200,	'language',	'Optimise database'),
(201,	'language',	'{n, plural, =0{No entries} =1{One entry} other{# entries}} were removed!'),
(202,	'language',	'Scanning project'),
(203,	'language',	'{n, plural, =0{No new entries} =1{One new entry} other{# new entries}} were added!'),
(204,	'language',	'{n, plural, =0{No entries} =1{One entry} other{# entries}} remove!'),
(205,	'language',	'Translation into {language_id}'),
(206,	'language',	'Original'),
(207,	'language',	'Source language'),
(208,	'language',	'Enter \"{command}\" to search for empty translations.'),
(209,	'language',	'Save'),
(210,	'language',	'Update {modelClass}: '),
(211,	'language',	'Are you sure you want to delete this item?'),
(212,	'language',	'Translation status'),
(213,	'language',	'Home'),
(214,	'language',	'Language'),
(215,	'language',	'Scan'),
(216,	'language',	'Optimize'),
(217,	'language',	'Im-/Export'),
(218,	'language',	'Toggle translate'),
(219,	'model',	'Language ID'),
(220,	'model',	'Language'),
(221,	'model',	'Country'),
(222,	'model',	'Name'),
(223,	'model',	'Name Ascii'),
(224,	'model',	'Status'),
(225,	'model',	'ID'),
(226,	'model',	'Category'),
(227,	'model',	'Message'),
(228,	'model',	'Translation'),
(229,	'app',	'ID'),
(230,	'app',	'Page'),
(231,	'app',	'Name'),
(232,	'app',	'Content'),
(233,	'app',	'Date Modified'),
(234,	'app',	'View'),
(235,	'app',	'Query Params'),
(236,	'app',	'Create'),
(237,	'app',	'Update'),
(238,	'app',	'Search'),
(239,	'app',	'Reset'),
(240,	'app',	'Create {modelClass}'),
(241,	'app',	'Seo Metas'),
(242,	'app',	'Seo Meta'),
(243,	'app',	'Update {modelClass}: '),
(244,	'app',	'Delete'),
(245,	'app',	'Are you sure you want to delete this item?'),
(246,	'app',	'Seo Pages'),
(247,	'yii',	'Powered by {yii}'),
(248,	'yii',	'Yii Framework'),
(249,	'yii',	'The verification code is incorrect.'),
(250,	'yii',	'Unknown alias: -{name}'),
(251,	'yii',	'Unknown option: --{name}'),
(252,	'yii',	'Missing required arguments: {params}'),
(253,	'yii',	'You are not allowed to perform this action.'),
(254,	'yii',	'Page not found.'),
(255,	'yii',	'Are you sure you want to delete this item?'),
(256,	'yii',	'View'),
(257,	'yii',	'Update'),
(258,	'yii',	'Delete'),
(259,	'yii',	'Please fix the following errors:'),
(260,	'yii',	' and '),
(261,	'yii',	'No'),
(262,	'yii',	'Yes'),
(263,	'yii',	'(not set)'),
(264,	'yii',	'in {delta, plural, =1{a year} other{# years}}'),
(265,	'yii',	'in {delta, plural, =1{a month} other{# months}}'),
(266,	'yii',	'in {delta, plural, =1{a day} other{# days}}'),
(267,	'yii',	'in {delta, plural, =1{an hour} other{# hours}}'),
(268,	'yii',	'in {delta, plural, =1{a minute} other{# minutes}}'),
(269,	'yii',	'just now'),
(270,	'yii',	'in {delta, plural, =1{a second} other{# seconds}}'),
(271,	'yii',	'{delta, plural, =1{a year} other{# years}} ago'),
(272,	'yii',	'{delta, plural, =1{a month} other{# months}} ago'),
(273,	'yii',	'{delta, plural, =1{a day} other{# days}} ago'),
(274,	'yii',	'{delta, plural, =1{an hour} other{# hours}} ago'),
(275,	'yii',	'{delta, plural, =1{a minute} other{# minutes}} ago'),
(276,	'yii',	'{delta, plural, =1{a second} other{# seconds}} ago'),
(277,	'yii',	'{delta, plural, =1{1 year} other{# years}}'),
(278,	'yii',	'{delta, plural, =1{1 month} other{# months}}'),
(279,	'yii',	'{delta, plural, =1{1 day} other{# days}}'),
(280,	'yii',	'{delta, plural, =1{1 hour} other{# hours}}'),
(281,	'yii',	'{delta, plural, =1{1 minute} other{# minutes}}'),
(282,	'yii',	'{delta, plural, =1{1 second} other{# seconds}}'),
(283,	'yii',	'{nFormatted} B'),
(284,	'yii',	'{nFormatted} KiB'),
(285,	'yii',	'{nFormatted} MiB'),
(286,	'yii',	'{nFormatted} GiB'),
(287,	'yii',	'{nFormatted} TiB'),
(288,	'yii',	'{nFormatted} PiB'),
(289,	'yii',	'{nFormatted} KB'),
(290,	'yii',	'{nFormatted} MB'),
(291,	'yii',	'{nFormatted} GB'),
(292,	'yii',	'{nFormatted} TB'),
(293,	'yii',	'{nFormatted} PB'),
(294,	'yii',	'{nFormatted} {n, plural, =1{byte} other{bytes}}'),
(295,	'yii',	'{nFormatted} {n, plural, =1{kibibyte} other{kibibytes}}'),
(296,	'yii',	'{nFormatted} {n, plural, =1{mebibyte} other{mebibytes}}'),
(297,	'yii',	'{nFormatted} {n, plural, =1{gibibyte} other{gibibytes}}'),
(298,	'yii',	'{nFormatted} {n, plural, =1{tebibyte} other{tebibytes}}'),
(299,	'yii',	'{nFormatted} {n, plural, =1{pebibyte} other{pebibytes}}'),
(300,	'yii',	'{nFormatted} {n, plural, =1{kilobyte} other{kilobytes}}'),
(301,	'yii',	'{nFormatted} {n, plural, =1{megabyte} other{megabytes}}'),
(302,	'yii',	'{nFormatted} {n, plural, =1{gigabyte} other{gigabytes}}'),
(303,	'yii',	'{nFormatted} {n, plural, =1{terabyte} other{terabytes}}'),
(304,	'yii',	'{nFormatted} {n, plural, =1{petabyte} other{petabytes}}'),
(305,	'yii',	'{attribute} must be either \"{true}\" or \"{false}\".'),
(306,	'yii',	'{attribute} must be equal to \"{compareValueOrAttribute}\".'),
(307,	'yii',	'{attribute} must not be equal to \"{compareValueOrAttribute}\".'),
(308,	'yii',	'{attribute} must be greater than \"{compareValueOrAttribute}\".'),
(309,	'yii',	'{attribute} must be greater than or equal to \"{compareValueOrAttribute}\".'),
(310,	'yii',	'{attribute} must be less than \"{compareValueOrAttribute}\".'),
(311,	'yii',	'{attribute} must be less than or equal to \"{compareValueOrAttribute}\".'),
(312,	'yii',	'{attribute} is invalid.'),
(313,	'yii',	'The format of {attribute} is invalid.'),
(314,	'yii',	'{attribute} must be no less than {min}.'),
(315,	'yii',	'{attribute} must be no greater than {max}.'),
(316,	'yii',	'{attribute} is not a valid email address.'),
(317,	'yii',	'File upload failed.'),
(318,	'yii',	'Please upload a file.'),
(319,	'yii',	'You can upload at most {limit, number} {limit, plural, one{file} other{files}}.'),
(320,	'yii',	'Only files with these extensions are allowed: {extensions}.'),
(321,	'yii',	'The file \"{file}\" is too big. Its size cannot exceed {formattedLimit}.'),
(322,	'yii',	'The file \"{file}\" is too small. Its size cannot be smaller than {formattedLimit}.'),
(323,	'yii',	'Only files with these MIME types are allowed: {mimeTypes}.'),
(324,	'yii',	'The file \"{file}\" is not an image.'),
(325,	'yii',	'The image \"{file}\" is too small. The width cannot be smaller than {limit, number} {limit, plural, one{pixel} other{pixels}}.'),
(326,	'yii',	'The image \"{file}\" is too small. The height cannot be smaller than {limit, number} {limit, plural, one{pixel} other{pixels}}.'),
(327,	'yii',	'The image \"{file}\" is too large. The width cannot be larger than {limit, number} {limit, plural, one{pixel} other{pixels}}.'),
(328,	'yii',	'The image \"{file}\" is too large. The height cannot be larger than {limit, number} {limit, plural, one{pixel} other{pixels}}.'),
(329,	'yii',	'{attribute} must be a valid IP address.'),
(330,	'yii',	'{attribute} must not be an IPv6 address.'),
(331,	'yii',	'{attribute} must not be an IPv4 address.'),
(332,	'yii',	'{attribute} contains wrong subnet mask.'),
(333,	'yii',	'{attribute} must be an IP address with specified subnet.'),
(334,	'yii',	'{attribute} must not be a subnet.'),
(335,	'yii',	'{attribute} is not in the allowed range.'),
(336,	'yii',	'{attribute} must be an integer.'),
(337,	'yii',	'{attribute} must be a number.'),
(338,	'yii',	'{attribute} cannot be blank.'),
(339,	'yii',	'{attribute} must be \"{requiredValue}\".'),
(340,	'yii',	'{attribute} must be a string.'),
(341,	'yii',	'{attribute} should contain at least {min, number} {min, plural, one{character} other{characters}}.'),
(342,	'yii',	'{attribute} should contain at most {max, number} {max, plural, one{character} other{characters}}.'),
(343,	'yii',	'{attribute} should contain {length, number} {length, plural, one{character} other{characters}}.'),
(344,	'yii',	'The combination {values} of {attributes} has already been taken.'),
(345,	'yii',	'{attribute} \"{value}\" has already been taken.'),
(346,	'yii',	'{attribute} is not a valid URL.'),
(347,	'yii',	'the input value'),
(348,	'yii',	'Invalid data received for parameter \"{param}\".'),
(349,	'yii',	'Missing required parameters: {params}'),
(350,	'yii',	'Unable to verify your data submission.'),
(351,	'yii',	'An internal server error occurred.'),
(352,	'yii',	'Error'),
(353,	'yii',	'Login Required'),
(354,	'yii',	'The requested view \"{name}\" was not found.'),
(355,	'yii',	'No results found.'),
(356,	'yii',	'Showing <b>{begin, number}-{end, number}</b> of <b>{totalCount, number}</b> {totalCount, plural, one{item} other{items}}.'),
(357,	'yii',	'Total <b>{count, number}</b> {count, plural, one{item} other{items}}.'),
(358,	'yii',	'Home'),
(359,	'yii',	'{percent}% Complete'),
(360,	'array',	'Inactive'),
(361,	'array',	'Active'),
(362,	'array',	'Beta'),
(363,	'javascript',	'Translation Language: {name}'),
(364,	'javascript',	'Save'),
(365,	'javascript',	'Close'),
(366,	'javascript',	'Are you sure you want to delete these items?'),
(367,	'javascript',	'Are you sure you want to delete this item?'),
(368,	'user',	'Names'),
(369,	'user',	'email'),
(370,	'user',	'LastNames'),
(371,	'user',	'Birthday'),
(372,	'user',	'Sex'),
(373,	'user',	'Type'),
(374,	'user',	'Password'),
(375,	'user',	'Confirm Password'),
(376,	'user',	'Register'),
(377,	'category',	'Artist'),
(379,	'label',	'Bag'),
(381,	'label',	'Log Out'),
(382,	'address',	'Address Line 2'),
(383,	'address',	'Type'),
(384,	'address',	'Creation Date'),
(385,	'address',	'City'),
(386,	'address',	'Province'),
(387,	'address',	'Zip'),
(388,	'address',	'Phone'),
(389,	'address',	'Address Line 1'),
(390,	'artist',	'Creation Date'),
(391,	'artist',	'Name'),
(392,	'artist',	'birthday'),
(393,	'artist',	'Death Date'),
(394,	'artist',	'description'),
(395,	'artist',	'Pay Method'),
(396,	'artist',	'Status'),
(397,	'bill',	'Observation'),
(398,	'category',	'Description'),
(399,	'footer',	'Follow Us'),
(400,	'footer',	'Politics'),
(401,	'footer',	'Business'),
(402,	'footer',	'Al Rights Reserved'),
(403,	'detail',	'Price'),
(404,	'detail',	'Quantity'),
(405,	'flowing',	'Description'),
(406,	'prices',	'All'),
(407,	'sort',	'Sort and Filter'),
(408,	'sort',	'From'),
(409,	'sort',	'To'),
(410,	'sort',	'Type'),
(411,	'sort',	'Size'),
(412,	'sort',	'Search'),
(413,	'size',	'All'),
(414,	'size',	'Small'),
(415,	'size',	'Medium'),
(416,	'size',	'Large'),
(417,	'product',	'Technique'),
(418,	'product',	'Materials'),
(419,	'product',	'Flowing'),
(420,	'product',	'Support'),
(421,	'product',	'Replicas'),
(422,	'product',	'Other Works'),
(423,	'bag',	'Shopping Cart'),
(424,	'bag',	'Product'),
(425,	'bag',	'Description'),
(426,	'bag',	'Quantity'),
(427,	'bag',	'Unit Price'),
(428,	'bag',	'Value'),
(429,	'bag',	'Delete'),
(430,	'bag',	'Shipping'),
(431,	'bag',	'Choose billing information'),
(432,	'bag',	'Select Option'),
(433,	'bag',	'Address'),
(434,	'bag',	'Zip Code'),
(435,	'bag',	'City'),
(436,	'bag',	'Country'),
(437,	'bag',	'If you do not have Billing address'),
(438,	'bag',	'Come Here'),
(439,	'bag',	'Choose delivery information'),
(440,	'bag',	'If you do not have Delivery address'),
(441,	'bag',	'Observation'),
(442,	'bag',	'Any extra explanation or requirements you may need can be written here.'),
(443,	'bag',	'By continuing you are accepting shipping and privacy policies.'),
(444,	'bag',	'Pay With'),
(445,	'warning',	'You need to create billing and delivery addresses first'),
(446,	'error',	'An error happened, please try again later.'),
(447,	'artist',	'Artist'),
(448,	'artist',	'Last Works'),
(449,	'user',	'Update your info'),
(450,	'user',	'Update'),
(451,	'user',	'Address'),
(452,	'user',	'Purchases'),
(453,	'user',	'Order'),
(454,	'user',	'See Details'),
(455,	'shop',	'Your order have been placed'),
(456,	'shop',	'You will recive an email with all the details about the products that you just bought.'),
(457,	'register',	'Congrats '),
(458,	'register',	'Register'),
(459,	'register',	'THANKS FOR REGISTERING'),
(460,	'register',	'Weve sent you an email so you can activate your account'),
(461,	'forgot',	'Recover your password'),
(462,	'forgot',	'We will send you an email to recover your password'),
(463,	'forgot',	'Sign Up'),
(464,	'login',	'Login'),
(465,	'login',	'If you dont have an account'),
(466,	'login',	'Forgot your password'),
(467,	'reset',	'Reset your password'),
(468,	'user_address',	'Address'),
(469,	'user_addresses',	'Addresses'),
(470,	'user_button',	'My Profile'),
(471,	'user_button',	'Addresses'),
(472,	'user_button',	'Purchases'),
(473,	'user_button',	'Create Address'),
(474,	'user_button',	'Edit'),
(475,	'user_detail',	'Order'),
(476,	'user_detail',	'Shipping Address'),
(477,	'user_detail',	'Street'),
(478,	'user_detail',	'City'),
(479,	'user_detail',	'Province'),
(480,	'user_detail',	'Country'),
(481,	'user_detail',	'ZipCode'),
(482,	'user_detail',	'Phone'),
(483,	'user_detail',	'Billing Address'),
(484,	'user_detail',	'Purchase Detail'),
(485,	'user_detail',	'Product'),
(486,	'user_detail',	'Mesure'),
(487,	'user_detail',	'Type'),
(488,	'user_detail',	'Price'),
(489,	'user_detail',	'Quantity'),
(490,	'user_purchase',	'Status'),
(491,	'user_purchase',	'Pay Method'),
(492,	'product',	'Share'),
(493,	'label',	'Log In'),
(494,	'database',	'FigurativO'),
(495,	'database',	'ABSTRACTO'),
(496,	'database',	'CONCEPTUAL'),
(497,	'database',	'FIGURATIVO '),
(498,	'database',	'Cestas'),
(499,	'database',	'Espejos'),
(500,	'database',	'CAJAS '),
(501,	'database',	'JARRONES'),
(502,	'database',	'PORTA VELAS '),
(503,	'database',	'CANDELABROS '),
(504,	'database',	'ACCESORIOS DECORATIVOS '),
(505,	'database',	'CENICEROS Y PORTA INSIENSOS'),
(506,	'database',	'COLGANTES'),
(507,	'database',	'MANTELES'),
(508,	'database',	'CAMINOS DE MESA'),
(509,	'database',	'INDIVIDUALES'),
(510,	'database',	'VAJILLAS'),
(511,	'database',	'VAJILLA'),
(512,	'database',	'bajo plato'),
(513,	'database',	'BOWLS'),
(514,	'database',	'MUGS'),
(515,	'database',	'CAFÉ Y TÉ'),
(516,	'database',	'FUENTES'),
(517,	'database',	'CRISTALERÍA'),
(518,	'database',	'BANDEJAS'),
(519,	'database',	'CESTAS DE PAN'),
(520,	'database',	'ACCESORIOS DE MESA '),
(521,	'database',	'POSAVASOS'),
(522,	'database',	'POrtaVASOS'),
(523,	'database',	'SERVILLETEROS'),
(524,	'database',	'ALFOBRAS'),
(525,	'database',	'COJINES'),
(526,	'database',	'MANTAS'),
(527,	'database',	'TAPICES'),
(528,	'database',	'SOMBREROS'),
(529,	'database',	'SHIGRAS'),
(530,	'database',	'CLUTCHES'),
(531,	'database',	'ANILLOS'),
(532,	'database',	'COLLARES'),
(533,	'database',	'PULSERAS'),
(534,	'database',	'PENDIENTES'),
(535,	'database',	'conjuntos'),
(536,	'database',	'PRENDEDORES'),
(537,	'product',	'Category'),
(538,	'product',	'Code'),
(539,	'product',	'Origin'),
(540,	'product',	'Style'),
(541,	'product',	'Color'),
(542,	'address',	'Country'),
(543,	'database',	'Antigüedades'),
(544,	'database',	'Figurativo'),
(545,	'database',	'Litografía'),
(546,	'database',	'Serigrafía'),
(547,	'database',	'Xilografía'),
(548,	'database',	'Plata 925'),
(549,	'database',	'Juegos de Té'),
(550,	'database',	'Todos '),
(551,	'database',	'Plata y Metales'),
(552,	'database',	'Casa y Decoración'),
(553,	'database',	'Mesa'),
(554,	'database',	'Textil'),
(555,	'database',	'Accesorios'),
(556,	'database',	'Joyería'),
(557,	'database',	'Cuchillos'),
(558,	'database',	'Antiguedades'),
(559,	'database',	'Cerámica'),
(560,	'database',	'Vitrales'),
(561,	'database',	'Colgantes'),
(562,	'database',	'Accesorios Decorativos'),
(563,	'database',	'Jarrones');

DROP TABLE IF EXISTS `language_translate`;
CREATE TABLE `language_translate` (
  `id` int(11) NOT NULL,
  `language` varchar(5) COLLATE utf8_unicode_ci NOT NULL,
  `translation` text COLLATE utf8_unicode_ci,
  PRIMARY KEY (`id`,`language`),
  KEY `language_translate_idx_language` (`language`),
  CONSTRAINT `language_translate_ibfk_1` FOREIGN KEY (`language`) REFERENCES `language` (`language_id`) ON DELETE CASCADE ON UPDATE CASCADE,
  CONSTRAINT `language_translate_ibfk_2` FOREIGN KEY (`id`) REFERENCES `language_source` (`id`) ON DELETE CASCADE ON UPDATE CASCADE
) ENGINE=InnoDB DEFAULT CHARSET=utf8 COLLATE=utf8_unicode_ci;

INSERT INTO `language_translate` (`id`, `language`, `translation`) VALUES
(2,	'en_EN',	'Ok'),
(2,	'es',	'Ok'),
(3,	'en_EN',	'Cancel'),
(3,	'es',	'Cancelar'),
(4,	'en_EN',	'Information'),
(4,	'es',	'Información'),
(5,	'en_EN',	'Confirmation'),
(5,	'es',	'Confirmación'),
(6,	'en_EN',	'Apply'),
(6,	'es',	'Aplicar'),
(7,	'en_EN',	'Save grid settings'),
(7,	'es',	'Guardar configuración de cuadro'),
(8,	'en_EN',	'Reset'),
(8,	'es',	'Reiniciar'),
(9,	'en_EN',	'Abort any changes and reset settings'),
(9,	'es',	'Cancelar cambios y configuraciones de reinicio'),
(10,	'en_EN',	'Trash'),
(10,	'es',	'Basurero'),
(11,	'en_EN',	'Remove saved grid settings'),
(48,	'en_EN',	'Set a name to save the state of your current grid {category}. You can alternatively select a saved {category} from the list below to edit or delete.'),
(49,	'en_EN',	''),
(149,	'es',	'Se recomienda el uso de un navegador actualizado para mostrar el {type} control de manera adecuada.'),
(154,	'es',	'No puede contener espacios.'),
(155,	'es',	'No puede contener el nombre de usuario.'),
(156,	'es',	'No puede contener la dirección de correo electrónico.'),
(161,	'es',	'Cancelar'),
(162,	'es',	'Escoger'),
(163,	'es',	'Limpiar selección de color'),
(164,	'es',	'Color no seleccionado'),
(165,	'es',	'Más'),
(166,	'es',	'Menos'),
(167,	'es',	'Seleccionar fecha'),
(168,	'es',	'Limpiar este campo'),
(169,	'es',	'Seleccionar fecha y hora'),
(170,	'es',	'Limpiar este campo'),
(172,	'es',	'Subir archivos múltiples'),
(173,	'es',	'Aviso:'),
(174,	'es',	'Tu navegador no soporta {validation}. Intenta otro navegador o uno más reciente para acceder.'),
(175,	'es',	'Seleccionar todo'),
(176,	'es',	'Deseleccionar todo'),
(177,	'es',	'Este texto no está en la base de datos! Por favor, ejecute project scan antes de traducir!'),
(178,	'es',	'Traducciones'),
(179,	'es',	'Importado exitosamente {fileName}'),
(182,	'es',	'Traducción'),
(183,	'es',	'Seleccionar todo'),
(184,	'es',	'Eliminar selección'),
(185,	'es',	'Acción'),
(186,	'es',	'Eliminar'),
(187,	'es',	'Crear'),
(188,	'es',	'Actualizar'),
(189,	'es',	'Crear {modelClass}'),
(190,	'es',	'Idiomas'),
(191,	'es',	'Fuente'),
(192,	'es',	'Escoger idioma de traducción'),
(193,	'es',	'Texto para traducir'),
(194,	'es',	'Exportar'),
(195,	'es',	'Importar'),
(196,	'es',	'Lista de idiomas'),
(197,	'es',	'Estado'),
(198,	'es',	'Estadística'),
(199,	'es',	'Traducir'),
(200,	'es',	'Optimizar base de datos'),
(202,	'es',	'Escaneando proyecto'),
(205,	'es',	'Traducción a {language_id}'),
(206,	'es',	'Original'),
(207,	'es',	'Fuente de idiomas'),
(209,	'es',	'Guardar'),
(210,	'es',	'Actualizar {modelClass}:'),
(211,	'es',	'Estás seguro de eliminar este ítem?'),
(212,	'es',	'Estado de la traducción'),
(213,	'es',	'Inicio'),
(214,	'es',	'Idioma'),
(215,	'es',	'Escanear'),
(216,	'es',	'Optimizar'),
(219,	'es',	'Idioma ID'),
(220,	'es',	'Idioma'),
(221,	'es',	'País'),
(222,	'es',	'Nombre'),
(223,	'es',	'Nombre Ascii'),
(224,	'es',	'Estado'),
(225,	'es',	'ID'),
(226,	'es',	'Categoría'),
(227,	'es',	'Mensaje'),
(228,	'es',	'Traducción'),
(229,	'es',	'ID'),
(230,	'es',	'Página'),
(231,	'es',	'Nombre'),
(232,	'es',	'Contenido'),
(233,	'es',	'Fecha de modificación'),
(234,	'es',	'Ver'),
(236,	'es',	'Crear'),
(237,	'es',	'Actualizar'),
(238,	'es',	'Buscar'),
(239,	'es',	'Reiniciar'),
(240,	'es',	'Crear {modelClass}'),
(243,	'es',	'Actualizar {modelClass}'),
(244,	'es',	'Eliminar'),
(245,	'es',	'Estás seguro de eliminar este ítem?'),
(254,	'es',	'No se encontró la página'),
(255,	'es',	'Estás seguro de eliminar este ítem?'),
(256,	'es',	'Ver'),
(257,	'es',	'Actualizar'),
(258,	'es',	'Eliminar'),
(259,	'es',	'Por favor, arreglar los siguientes errores:'),
(260,	'es',	'y'),
(261,	'es',	'No'),
(262,	'es',	'Si'),
(263,	'es',	'(no configurado)'),
(358,	'es',	'Inicio'),
(359,	'es',	'{percent}% Completo'),
(360,	'es',	'Inactivo'),
(361,	'es',	'Activo'),
(362,	'es',	'Beta'),
(363,	'es',	'Traducción de Idioma'),
(364,	'es',	'Guardar'),
(365,	'es',	'Cerrar'),
(366,	'es',	'Estás seguro de eliminar estos ítems?'),
(367,	'es',	'Estás seguro de eliminar este ítem?'),
(368,	'es',	'Nombres'),
(369,	'es',	'Correo Electrónico'),
(370,	'es',	'Apellidos'),
(371,	'es',	'Cumpleaños'),
(372,	'es',	'Sexo'),
(373,	'es',	'Tipo'),
(374,	'es',	'Contraseña'),
(375,	'es',	'Confirmar Contraseña'),
(376,	'es',	'Regístro'),
(377,	'es',	'Artista'),
(379,	'es',	'Cesta'),
(381,	'es',	'Cerrar Sesión'),
(382,	'es',	'Calle Secundaria'),
(383,	'es',	'Tipo'),
(384,	'es',	'Fecha de Creación'),
(385,	'es',	'Ciudad'),
(386,	'es',	'Provincia / Estado'),
(387,	'es',	'Código Postal'),
(388,	'es',	'Teléfono'),
(389,	'es',	'Calle Principal'),
(390,	'es',	'Fecha de Creación'),
(391,	'es',	'Nombre'),
(392,	'es',	'Nacimiento'),
(393,	'en_EN',	'Death'),
(393,	'es',	'Muerte'),
(394,	'es',	'Descripción'),
(395,	'es',	'Método de Pago'),
(396,	'es',	'Estado'),
(397,	'es',	'Observaciones'),
(398,	'es',	'Descripción'),
(399,	'es',	'Síguenos'),
(400,	'en_EN',	'politics'),
(400,	'es',	'Políticas'),
(401,	'es',	'Empresa'),
(402,	'es',	'Todos los Derechos Reservados'),
(403,	'es',	'Precio'),
(404,	'es',	'Cantidad'),
(405,	'es',	'Descripción'),
(406,	'es',	'Todos'),
(407,	'es',	'Filtrar y Ordenar'),
(408,	'es',	'Desde'),
(409,	'es',	'Hasta'),
(410,	'es',	'Tipo'),
(411,	'es',	'Tamaño'),
(412,	'es',	'Buscar'),
(413,	'es',	'Todos'),
(414,	'es',	'Pequeño'),
(415,	'es',	'Mediano'),
(416,	'es',	'Grande'),
(417,	'es',	'Técnica'),
(418,	'es',	'Materiales'),
(419,	'es',	'Corriente'),
(420,	'es',	'Soporte'),
(421,	'en_EN',	''),
(421,	'es',	'Láminas'),
(422,	'es',	'Te Puede Interesar'),
(423,	'es',	'Carrito de Compras'),
(424,	'es',	'Producto'),
(425,	'es',	'Descripción'),
(426,	'es',	'Cantidad'),
(427,	'es',	'Precio Unitario'),
(428,	'es',	'Valor'),
(429,	'es',	'Borrar'),
(430,	'es',	'Tasa de Envío'),
(431,	'es',	'Elegir la Información de Facturación'),
(432,	'es',	'Elija una opción'),
(433,	'es',	'Dirección'),
(434,	'es',	'Código Postal'),
(435,	'es',	'Ciudad'),
(436,	'es',	'País'),
(437,	'es',	'Si no ha proporcionado una dirección de facturación'),
(438,	'es',	'Click aquí.'),
(439,	'es',	'Elija la información de Envío'),
(440,	'es',	'Modifique la dirección para la entrega de su pedido'),
(441,	'es',	'Observaciones'),
(442,	'es',	'Algún requerimiento o explicación extra que necesitase puede escribirlo aquí.'),
(443,	'es',	'Continuando usted está aceptando nuestras políticas de envío y privacidad.'),
(444,	'es',	'Pagar con'),
(445,	'es',	'Necesitas crear una dirección de entrega de facturación y de entrega del pedido.'),
(446,	'es',	'Un error ha ocurrido, por favor intenta de nuevo más tarde.'),
(447,	'es',	'Artista'),
(448,	'es',	'Te Puede Interesar'),
(449,	'es',	'Actualizar tu información'),
(450,	'es',	'Actualizar'),
(451,	'es',	'Dirección'),
(452,	'es',	'Compras'),
(453,	'es',	'Orden'),
(454,	'es',	'Ver Detalles'),
(455,	'es',	'Tu pedido ha sido receptado'),
(456,	'es',	'Recibirás un email con todos los detalles sobre los productos que acabas de comprar.'),
(457,	'es',	'Felicitaciones'),
(458,	'es',	'Regístrate'),
(459,	'es',	'Gracias por registrarte'),
(460,	'es',	'Te hemos enviado un e-mail de activación de cuenta'),
(461,	'es',	'Recuperar tu contraseña'),
(462,	'es',	'Te enviaremos un email para que puedas recuperar tu contraseña'),
(463,	'es',	'Regístrate'),
(464,	'es',	'iniciar Sesión'),
(465,	'es',	'Si no tienes una cuenta'),
(466,	'es',	'Olvidaste tu contraseña'),
(467,	'es',	'Resetea tu contraseña'),
(468,	'es',	'Dirección'),
(469,	'es',	'Direcciones'),
(470,	'es',	'Mi Perfil'),
(471,	'es',	'Direcciones'),
(472,	'es',	'Compras'),
(473,	'es',	'Crea tus Direcciones'),
(474,	'es',	'Editar'),
(475,	'es',	'Orden'),
(476,	'es',	'Dirección de Envío'),
(477,	'es',	'Calle'),
(478,	'es',	'Ciudad'),
(479,	'es',	'Provincia'),
(480,	'es',	'País'),
(481,	'es',	'Código Postal'),
(482,	'es',	'Teléfono'),
(483,	'es',	'Dirección de Facturación'),
(484,	'es',	'Detalle de Compras'),
(485,	'es',	'Producto'),
(486,	'es',	'Medida'),
(487,	'es',	'Tipo'),
(488,	'es',	'Precio'),
(489,	'es',	'Cantidad'),
(490,	'es',	'Estado'),
(491,	'es',	'Método de Pago'),
(492,	'es',	'Compartir'),
(493,	'en_EN',	'Log In / Register'),
(493,	'es',	'Acceso / Registro'),
(494,	'es',	'Figurative'),
(495,	'es',	'Abstract'),
(496,	'es',	'Conceptual'),
(497,	'es',	'Figurative'),
(498,	'es',	'Baskets'),
(499,	'es',	'Mirrors'),
(500,	'es',	'Boxes'),
(501,	'es',	'Vases'),
(502,	'es',	'Candleholders'),
(503,	'es',	'Chandeliers'),
(504,	'es',	'Decorative Accessories'),
(505,	'es',	'Ashtrays and Incense Holders'),
(506,	'es',	'Mobiles'),
(507,	'es',	'Tablecloths'),
(508,	'es',	'Table Runner'),
(509,	'es',	'Place Mats'),
(510,	'es',	'Tableware'),
(511,	'es',	'Tableware'),
(512,	'es',	'Base plate'),
(513,	'es',	'Bowls'),
(514,	'es',	'Mugs'),
(515,	'es',	'Coffee and Tea'),
(516,	'es',	'Fountains'),
(517,	'es',	'Glassware'),
(518,	'es',	'Trays'),
(519,	'es',	'Bread Baskets'),
(520,	'es',	'Table Accessories'),
(521,	'es',	'Coasters'),
(522,	'es',	'Cup holders'),
(523,	'es',	'Napkin holders'),
(524,	'es',	'Rugs'),
(525,	'es',	'Cushions'),
(526,	'es',	'Blankets'),
(527,	'es',	'Tapestries'),
(528,	'es',	'Hats'),
(529,	'es',	'Shigras'),
(530,	'es',	'Clutches'),
(531,	'es',	'Rings'),
(532,	'es',	'Necklaces'),
(533,	'es',	'Bracelets'),
(534,	'es',	'Pendants'),
(535,	'es',	'Combinations'),
(536,	'es',	'Pins'),
(537,	'es',	'Categoría'),
(538,	'es',	'Código'),
(539,	'es',	'Origen'),
(540,	'es',	'Estilo'),
(541,	'es',	'Color'),
(542,	'es',	'País'),
(543,	'es',	'Antigüedades'),
(544,	'es',	'Figurativo'),
(545,	'es',	'Lithography'),
(546,	'es',	'Serigrafía'),
(547,	'es',	'Xilografía'),
(548,	'es',	'Plata 925'),
(549,	'es',	'Juegos de té'),
(550,	'es',	'Todos'),
(551,	'es',	'Plata y Metales'),
(552,	'es',	'Casa y Decoración'),
(553,	'es',	'Mesa'),
(554,	'es',	'Textil'),
(555,	'es',	'Accesorios'),
(556,	'es',	'Joyería'),
(557,	'es',	'Cuchillos'),
(558,	'es',	'Antigüedades');

DROP TABLE IF EXISTS `material`;
CREATE TABLE `material` (
  `id` int(11) NOT NULL AUTO_INCREMENT,
  `creation_date` datetime NOT NULL,
  `description` varchar(150) NOT NULL,
  `description_en` varchar(150) DEFAULT NULL,
  PRIMARY KEY (`id`)
) ENGINE=InnoDB DEFAULT CHARSET=utf8;

INSERT INTO `material` (`id`, `creation_date`, `description`, `description_en`) VALUES
(1,	'2917-01-20 00:00:00',	'Cerámica, madera y hierro forjado',	'Ceramics, wood and metal'),
(2,	'2018-01-18 14:53:18',	'Óleo sobre Tela',	'Oil on Canvas'),
(3,	'2018-01-18 14:55:02',	'Madera y Hierro Forjado',	'Metal and Wood'),
(4,	'2018-01-18 14:56:21',	'Vidrio',	'Glass'),
(5,	'2018-01-18 14:57:59',	'Cerámica - vitrofusión',	'Ceramics - vitrofusion'),
(6,	'2018-01-18 15:13:26',	'Impresión sobre papel',	'Print on paper'),
(7,	'2018-01-18 21:15:20',	'Acuarela ',	'Watercolor'),
(8,	'2018-01-18 21:27:20',	'Pastel',	'Pastel colors'),
(9,	'2018-01-18 22:03:11',	'Acrílico sobre Tela',	'Acrylic on canvas'),
(10,	'2018-01-24 13:34:32',	'Carboncillo sobre papel ',	'Charcoal pencil on paper'),
(11,	'2018-01-24 13:59:16',	'Tinta sobre papel',	'Ink on paper'),
(12,	'2018-01-24 17:22:50',	'Baño de Plata',	'Silver Bath'),
(13,	'2018-02-01 16:53:16',	'Plata 925',	'925 Silver'),
(14,	'2018-02-01 19:06:10',	'Madera y Acero Inoxidable ',	'Wood and Stainless Steel'),
(15,	'2018-02-06 16:18:34',	'Acrílicos',	'Acrylics'),
(16,	'2018-02-06 16:19:01',	'Óleo ',	'Oils'),
(17,	'2018-02-09 17:24:26',	'Fotografía',	'Photography'),
(18,	'2018-02-19 15:57:27',	'Hierro Forjado Esmaltado',	'Forged Steel '),
(19,	'2018-02-19 16:41:30',	'Gres ',	'Stoneware ceramic'),
(20,	'2018-02-19 17:00:38',	'Porcelana',	'Porcelain'),
(21,	'2018-02-19 17:21:05',	'Madera',	'Wood'),
(22,	'2018-03-15 13:00:19',	'Cerámica y Hierro Forjado',	'Ceramics and Forged Steel');

DROP TABLE IF EXISTS `mesure`;
CREATE TABLE `mesure` (
  `id` int(11) NOT NULL AUTO_INCREMENT,
  `creation_date` datetime NOT NULL,
  `description` varchar(150) NOT NULL,
  PRIMARY KEY (`id`)
) ENGINE=InnoDB DEFAULT CHARSET=utf8;

INSERT INTO `mesure` (`id`, `creation_date`, `description`) VALUES
(1,	'2017-01-26 00:00:00',	'76 x 54 cm'),
(2,	'2018-01-18 17:46:51',	'77 x 53 cm'),
(3,	'2018-01-18 20:54:27',	'60 x 90 cm'),
(4,	'2018-01-18 20:56:04',	'52 x 34 cm'),
(5,	'2018-01-18 20:58:40',	'74 x 67 cm'),
(6,	'2018-01-18 20:59:13',	'76,5 x 58 cm'),
(7,	'2018-01-18 21:00:42',	'98 x 66 cm'),
(8,	'2018-01-18 21:01:10',	'120 x 120 cm'),
(9,	'2018-01-18 21:01:26',	'48 x 48 cm'),
(10,	'2018-01-18 21:14:07',	'89 x 69 cm'),
(11,	'2018-01-23 21:18:55',	'18x14 cm'),
(12,	'2018-01-24 13:26:16',	'74  x 54 cm'),
(13,	'2018-01-24 13:37:56',	'23 x 21 cm'),
(14,	'2018-01-24 13:44:14',	'52 x 72 cm'),
(15,	'2018-01-24 14:01:10',	'60 x 47 cm'),
(16,	'2018-01-24 14:08:14',	'75 x 54 cm'),
(17,	'2018-01-24 14:08:44',	'66 x 49 cm'),
(18,	'2018-01-24 14:08:56',	'19 x 29 cm'),
(19,	'2018-01-24 14:16:23',	'65 x 48 cm'),
(20,	'2018-01-24 15:06:08',	'64 x 48 cm'),
(21,	'2018-01-24 15:14:20',	'65 x 48 cm'),
(22,	'2018-01-24 15:29:02',	'65 x 54 cm'),
(23,	'2018-01-24 15:31:39',	'90 x 63 cm'),
(24,	'2018-01-24 15:35:09',	'65 x 74 cm'),
(25,	'2018-01-24 15:44:59',	'81 x 65,5 cm'),
(26,	'2018-01-24 15:51:36',	'46 x 35 cm'),
(27,	'2018-01-24 15:51:58',	'45 x 43 cm'),
(28,	'2018-01-24 15:52:20',	'39 x 36 cm'),
(29,	'2018-01-24 15:57:44',	'105 x 75 cm'),
(30,	'2018-01-24 16:03:20',	'54 x 37 cm'),
(31,	'2018-01-24 16:11:50',	'84 x 58,5 cm'),
(34,	'2018-01-29 18:28:08',	'Varias'),
(35,	'2018-01-30 13:55:48',	'120 x 90 cm'),
(36,	'2018-01-30 13:56:24',	'58 x 77 cm'),
(37,	'2018-01-30 13:56:50',	'56 x 72 cm'),
(38,	'2018-01-30 13:59:00',	'80 x 69 cm'),
(39,	'2018-01-30 13:59:26',	'70 x 100 cm'),
(40,	'2018-01-30 13:59:55',	'29 x 79 cm'),
(41,	'2018-01-30 14:01:22',	'23 x 29 cm'),
(42,	'2018-01-30 14:01:50',	'35 x 26 cm'),
(43,	'2018-01-30 14:02:26',	'54 x 39 cm'),
(44,	'2018-01-30 14:15:32',	'51,2 x 74 cm'),
(45,	'2018-02-07 14:20:48',	'15 x 3 cm '),
(46,	'2018-02-07 14:33:22',	'45 x 35 cm'),
(47,	'2018-02-07 14:41:53',	'35.6 cm diámetro'),
(48,	'2018-02-07 14:42:17',	'37.2 cm diámetro'),
(49,	'2018-02-07 14:42:45',	'42 cm diámetro'),
(51,	'2018-02-19 16:23:08',	'20x10 cm '),
(52,	'2018-02-19 16:25:09',	'10 x 4 cm'),
(53,	'2018-02-19 16:27:30',	'20 cm diámetro'),
(54,	'2018-02-19 16:43:50',	'20 x 6 cm'),
(55,	'2018-02-19 17:02:13',	'20 x 20 cm'),
(56,	'2018-03-14 16:34:54',	'70 x 40 cm'),
(57,	'2018-03-14 17:25:37',	'70 x 70 cm'),
(58,	'2018-03-14 17:26:17',	'45 x 55 cm'),
(59,	'2018-03-15 12:25:20',	'17 x 10 cm '),
(60,	'2018-03-15 12:39:10',	'32 x 25 x 14 cm'),
(61,	'2018-03-15 13:01:25',	'90 x 14 cm'),
(62,	'2018-03-15 16:35:00',	'50 x 50 x 15 cm'),
(63,	'2018-03-15 16:42:38',	'46 x 15 cm'),
(64,	'2018-03-15 17:31:53',	'120 x 16 cm'),
(65,	'2018-03-16 16:34:50',	'15 x 12 cm'),
(66,	'2018-03-16 16:35:26',	'18 x 13.5 cm '),
(67,	'2018-03-16 16:35:56',	'17.5 x 17.5 cm'),
(68,	'2018-03-16 16:36:48',	'12 x 11.5 cm '),
(69,	'2018-03-16 16:37:19',	'15.5 x 16.5 cm '),
(70,	'2018-03-16 16:38:06',	'13.5 x 15.5'),
(71,	'2018-03-16 18:33:36',	'23 x 13 x 7.5 cm '),
(72,	'2018-03-16 18:50:09',	'15.5 x 8 cm '),
(73,	'2018-03-16 19:09:45',	'17 x 1.5 x 15 cm '),
(74,	'2018-03-16 19:15:59',	'14.5 x 37 x 17 cm '),
(75,	'2018-03-16 19:26:35',	'6.5 x 14 x 13 cm'),
(76,	'2018-03-16 19:38:23',	'8 x 11 x 5.9 cm'),
(77,	'2018-03-20 11:19:41',	'9 x 3 x 0.3 cm '),
(78,	'2018-03-20 11:20:07',	'9 x 1.3 x 0.3 cm '),
(79,	'2018-03-20 11:20:27',	'5 cm diámetro'),
(80,	'2018-03-20 11:20:52',	'12 cm diámetro'),
(81,	'2018-03-20 11:21:11',	'11 cm diámetro'),
(82,	'2018-03-20 11:21:40',	'15 x 1.3 x 0.3 cm '),
(83,	'2018-03-20 11:21:56',	'20 x 4 x 0.3 cm '),
(84,	'2018-03-20 11:22:33',	'17 x 7 x 0.3 cm '),
(85,	'2018-03-20 11:23:03',	'19 x 1.8 x 0.3 cm ');

DROP TABLE IF EXISTS `migration`;
CREATE TABLE `migration` (
  `version` varchar(180) NOT NULL,
  `apply_time` int(11) DEFAULT NULL,
  PRIMARY KEY (`version`)
) ENGINE=InnoDB DEFAULT CHARSET=utf8;

INSERT INTO `migration` (`version`, `apply_time`) VALUES
('m000000_000000_base',	1491929708),
('m141002_030233_translate_manager',	1497322287),
('m141210_005652_init',	1491929710);

DROP TABLE IF EXISTS `params`;
CREATE TABLE `params` (
  `id` int(11) unsigned NOT NULL AUTO_INCREMENT,
  `value` varchar(255) DEFAULT NULL,
  `description` varchar(255) DEFAULT NULL,
  PRIMARY KEY (`id`)
) ENGINE=InnoDB DEFAULT CHARSET=utf8;

INSERT INTO `params` (`id`, `value`, `description`) VALUES
(10,	'parallax2.jpg',	'IMG-HOME'),
(12,	'portada.jpg',	'WELCOME');

DROP TABLE IF EXISTS `picture`;
CREATE TABLE `picture` (
  `id` int(11) NOT NULL AUTO_INCREMENT,
  `product_id` int(11) NOT NULL,
  `creation_date` datetime NOT NULL,
  `description` varchar(150) NOT NULL,
  `sort` varchar(2) DEFAULT '0',
  PRIMARY KEY (`id`),
  KEY `fk_picture_product1_idx` (`product_id`),
  CONSTRAINT `fk_picture_product1` FOREIGN KEY (`product_id`) REFERENCES `product` (`id`) ON DELETE NO ACTION ON UPDATE NO ACTION
) ENGINE=InnoDB DEFAULT CHARSET=utf8;

INSERT INTO `picture` (`id`, `product_id`, `creation_date`, `description`, `sort`) VALUES
(49,	2,	'2018-01-18 18:01:37',	'2018_01_18_18_01_37_Alfonso Bonifacio _ Patatas _ Layolanda _ PD4.jpg',	'0'),
(50,	2,	'2018-01-18 18:01:37',	'2018_01_18_18_01_37_Alfonso Bonifacio _ Patatas _ Layolanda _ PD1.jpg',	'2'),
(51,	2,	'2018-01-18 18:01:37',	'2018_01_18_18_01_37_Alfonso Bonifacio _ Patatas _ Layolanda _ PD3.jpg',	'1'),
(52,	2,	'2018-01-18 18:01:37',	'2018_01_18_18_01_37_Alfonso_Bonifacio_Patatas_Layolanda_PD2.jpg',	'4'),
(53,	2,	'2018-01-18 18:01:37',	'2018_01_18_18_01_37_Alfonso Bonifacio _ Patatas _ Layolanda _ PG.jpg',	'3'),
(54,	1,	'2018-01-18 18:08:40',	'2018_01_18_18_08_40_Alberto Gironella _ ST _ Layolanda _ PD3.jpg',	'0'),
(55,	1,	'2018-01-18 18:08:40',	'2018_01_18_18_08_40_Alberto Gironella _ ST _ Layolanda _ PD4.jpg',	'1'),
(56,	1,	'2018-01-18 18:08:41',	'2018_01_18_18_08_40_Alberto Gironella _ ST _ Layolanda _ PD2.jpg',	'4'),
(57,	1,	'2018-01-18 18:08:41',	'2018_01_18_18_08_40_Alberto Gironella _ ST _ Layolanda _ PG _ 72dpi.jpg',	'3'),
(58,	1,	'2018-01-18 18:08:41',	'2018_01_18_18_08_40_Alberto_Gironella_ST_Layolanda_PD1.jpg',	'2'),
(59,	3,	'2018-01-18 21:10:57',	'2018_01_18_21_10_57_Casimir Laurent _ ST _ Layolanda _ PD4.jpg',	'0'),
(60,	3,	'2018-01-18 21:10:57',	'2018_01_18_21_10_57_Casimir Laurent _ ST _ Layolanda _ PG.jpg',	'3'),
(61,	3,	'2018-01-18 21:10:57',	'2018_01_18_21_10_57_Casimir Laurent _ ST _ Layolanda _ PD3.jpg',	'1'),
(62,	3,	'2018-01-18 21:10:57',	'2018_01_18_21_10_57_Casimir Laurent _ ST _ Layolanda _ PD2.jpg',	'2'),
(63,	3,	'2018-01-18 21:10:58',	'2018_01_18_21_10_58_Casimir_Laurent_ST_Layolanda_PD1.jpg',	'4'),
(64,	4,	'2018-01-18 21:19:20',	'2018_01_18_21_19_20_Layolanda _ Eduardo Kingman _ Sin Título _ PG.jpg',	'0'),
(65,	4,	'2018-01-18 21:19:20',	'2018_01_18_21_19_20_Layolanda_Eduardo_Kingman_Sin_Título_PD.jpg',	'1'),
(66,	5,	'2018-01-18 21:25:39',	'2018_01_18_21_25_39_Layolanda _ Enrique Tábara _ Nocturno _ PD4.jpg',	'0'),
(67,	5,	'2018-01-18 21:25:39',	'2018_01_18_21_25_39_Layolanda_Enrique_Tábara_Nocturno_PD3.jpg',	'5'),
(68,	5,	'2018-01-18 21:25:39',	'2018_01_18_21_25_39_Layolanda _ Enrique Tábara _ Nocturno _ PD2.jpg',	'2'),
(69,	5,	'2018-01-18 21:25:39',	'2018_01_18_21_25_39_Layolanda _ Enrique Tábara _ Nocturno _ PD1.jpg',	'3'),
(70,	5,	'2018-01-18 21:25:39',	'2018_01_18_21_25_39_Layolanda _ Enrique Tábara _ Nocturno _ PG.jpg',	'4'),
(71,	6,	'2018-01-18 21:53:26',	'2018_01_18_21_53_26_Layolanda _ Gonzalo Endara Crow _ Nacimiento _ PG.jpg',	'3'),
(72,	6,	'2018-01-18 21:53:26',	'2018_01_18_21_53_26_Layolanda _ Gonzalo Endara Crow _ Nacimiento _ PD2.jpg',	'0'),
(73,	6,	'2018-01-18 21:53:26',	'2018_01_18_21_53_26_Layolanda_Gonzalo_Endara_Crow_Nacimiento_PD1.jpg',	'4'),
(74,	6,	'2018-01-18 21:53:26',	'2018_01_18_21_53_26_Layolanda _ Gonzalo Endara Crow _ Nacimiento _ PD4.jpg',	'2'),
(75,	6,	'2018-01-18 21:53:26',	'2018_01_18_21_53_26_Layolanda _ Gonzalo Endara Crow _ Nacimiento _ PD3.jpg',	'1'),
(76,	7,	'2018-01-18 22:00:49',	'2018_01_18_22_00_49_Layolanda_ Enrique Tábara _ Verticalidad en blanco y verde  _ PD2.jpg',	'0'),
(77,	7,	'2018-01-18 22:00:49',	'2018_01_18_22_00_49_Layolanda_Enrique_Tábara_Verticalidad_en_blanco_y_verde_D1.jpg',	'2'),
(78,	7,	'2018-01-18 22:00:49',	'2018_01_18_22_00_49_Layolanda_ Enrique Tábara _ Verticalidad en blanco y verde  _ PG.jpg',	'1'),
(79,	8,	'2018-01-18 22:04:25',	'2018_01_18_22_04_25_Enrique Tábara _ ST _ Layolanda _ PD3.jpg',	'1'),
(80,	8,	'2018-01-18 22:04:25',	'2018_01_18_22_04_25_Enrique Tábara _ ST _ Layolanda _ PD4.jpg',	'0'),
(81,	8,	'2018-01-18 22:04:25',	'2018_01_18_22_04_25_Enrique Tábara _ ST _ Layolanda _ PD2.jpg',	'4'),
(82,	8,	'2018-01-18 22:04:25',	'2018_01_18_22_04_25_Enrique Tábara _ ST _ Layolanda _ PG.jpg',	'3'),
(83,	8,	'2018-01-18 22:04:25',	'2018_01_18_22_04_25_Enrique Tábara _ ST _ Layolanda _ PD1.jpg',	'2'),
(84,	9,	'2018-01-18 22:06:30',	'2018_01_18_22_06_30_Layolanda_GilbertoAlmeida_Vieja_PG.jpg',	'0'),
(85,	9,	'2018-01-18 22:06:30',	'2018_01_18_22_06_30_Layolanda_GilbertoAlmeida_Vieja_PD.jpg',	'1'),
(86,	10,	'2018-01-18 22:09:54',	'2018_01_18_22_09_54_Layolanda _ Luis Molinari _ Multiple Percepcion Vectorial _  PD2 _ 72dpi.jpg',	'0'),
(87,	10,	'2018-01-18 22:09:54',	'2018_01_18_22_09_54_Layolanda_LuisMolinari_MultiplePercepcionVectorial_PD1_72dpi.jpg',	'2'),
(88,	10,	'2018-01-18 22:09:54',	'2018_01_18_22_09_54_Layolanda_ Luis Molinri _ Multiple percepcion Vectorial _  PG _ 72dpi.jpg',	'1'),
(89,	11,	'2018-01-18 22:14:18',	'2018_01_18_22_14_18_Layolanda_LuisMolinari_ST_Litografía_PD1.jpg',	'3'),
(90,	11,	'2018-01-18 22:14:18',	'2018_01_18_22_14_18_Layolanda _ Luis Molinari _ ST _ Litografía _ PD3.jpg',	'0'),
(91,	11,	'2018-01-18 22:14:18',	'2018_01_18_22_14_18_Layolanda _ Luis Molinari _ ST _ Litografía _ PD2.jpg',	'1'),
(92,	11,	'2018-01-18 22:14:18',	'2018_01_18_22_14_18_Layolanda _ Luis Molinari _ ST _ Litografía _ PG.jpg',	'2'),
(94,	12,	'2018-01-24 13:19:32',	'2018_01_24_13_19_32_Lam1.jpg',	'0'),
(95,	14,	'2018-01-24 13:38:26',	'2018_01_24_13_38_26_Layolanda _ Washington Iza _ St _ PD2.jpg',	'0'),
(97,	14,	'2018-01-24 13:38:44',	'2018_01_24_13_38_44_Layolanda_WashingtonIza_St_PD1.jpg',	'2'),
(98,	14,	'2018-01-24 13:38:44',	'2018_01_24_13_38_44_Layolanda _ Washington Iza _ St _ PG.jpg',	'1'),
(99,	15,	'2018-01-24 13:51:12',	'2018_01_24_13_51_12_Layolanda _ Varoshilov Bazante _ Ciudad PD3.jpg',	'2'),
(100,	15,	'2018-01-24 13:51:12',	'2018_01_24_13_51_12_Layolanda_VaroshilovBazante_CiudadPD2.jpg',	'4'),
(101,	15,	'2018-01-24 13:51:13',	'2018_01_24_13_51_12_Layolanda _ Varoshilov Bazante _ Ciudad PD4.jpg',	'1'),
(102,	15,	'2018-01-24 13:51:13',	'2018_01_24_13_51_12_Layolanda _ Varoshilov Bazante _ Ciudad PD5.jpg',	'0'),
(103,	15,	'2018-01-24 13:51:13',	'2018_01_24_13_51_13_Layolanda _ Varoshilov Bazante _ Ciudad PG.jpg',	'3'),
(104,	13,	'2018-01-24 13:56:53',	'2018_01_24_13_56_53_Layolanda _ Gina Pellón _ ST _PD2.jpg',	'0'),
(105,	13,	'2018-01-24 13:56:54',	'2018_01_24_13_56_53_Layolanda_Gina_Pellón_ST_PD4.jpg',	'2'),
(106,	13,	'2018-01-24 13:56:54',	'2018_01_24_13_56_54_Layolanda_Gina_Pellón_ST_PD1.jpg',	'4'),
(107,	13,	'2018-01-24 13:56:54',	'2018_01_24_13_56_54_Layolanda _ Gina Pellón _ ST _PG.jpg',	'3'),
(108,	13,	'2018-01-24 13:56:54',	'2018_01_24_13_56_54_Layolanda _ Gina Pellón _ ST _PD3.jpg',	'1'),
(109,	16,	'2018-01-24 14:03:35',	'2018_01_24_14_03_35_Topor3.jpg',	'0'),
(110,	17,	'2018-01-24 14:04:12',	'2018_01_24_14_04_12_Layolanda_Oswaldo_Guayasamín_Cabeza_de_Judío.jpg',	'0'),
(111,	18,	'2018-01-24 14:10:40',	'2018_01_24_14_10_40_Layolanda_Marcos_Huerta.jpg',	'0'),
(122,	20,	'2018-01-24 14:18:40',	'2018_01_24_14_18_40_Layolanda Jose Carreño ST Cueva Detalle 1 72dpi.jpg',	'1'),
(123,	20,	'2018-01-24 14:18:41',	'2018_01_24_14_18_41_Layolanda_Jose_Carreño_ST_General.jpg',	'4'),
(124,	20,	'2018-01-24 14:18:41',	'2018_01_24_14_18_41_Layolanda Jose Carreño ST Cueva Detalle 3 72dpi.jpg',	'2'),
(125,	20,	'2018-01-24 14:18:42',	'2018_01_24_14_18_42_Layolanda Jose Carreño ST Cueva General 72 dpi.jpg',	'3'),
(126,	20,	'2018-01-24 14:18:44',	'2018_01_24_14_18_44_Layolanda Layolanda Jose Carreño ST Cueva detalle firma 300dpi.jpg',	'0'),
(127,	22,	'2018-01-24 14:20:36',	'2018_01_24_14_20_36_Layolanda_Jose_Carreño_ST_G.jpg',	'0'),
(128,	21,	'2018-01-24 14:22:03',	'2018_01_24_14_22_03_Layolanda_Roland_Topor_2_PD2.jpg',	'5'),
(129,	21,	'2018-01-24 14:22:03',	'2018_01_24_14_22_03_Layolanda_Roland_Topor_2_PG.jpg',	'6'),
(130,	21,	'2018-01-24 14:22:03',	'2018_01_24_14_22_03_Layolanda_Roland_Topor_2_PD4.jpg',	'1'),
(131,	21,	'2018-01-24 14:22:03',	'2018_01_24_14_22_03_Layolanda_Roland_Topor_2_PD3.jpg',	'0'),
(132,	21,	'2018-01-24 14:22:03',	'2018_01_24_14_22_03_Layolanda_Roland_Topor_2_PD1.jpg',	'7'),
(133,	23,	'2018-01-24 14:23:24',	'2018_01_24_14_23_24_Layolanda_JanSchreuder_DesnudoFemenino.jpg',	'0'),
(134,	24,	'2018-01-24 14:27:39',	'2018_01_24_14_27_39_Layolanda_Jan_Scheuder_ST_PD_firma_72dpi.jpg',	'0'),
(135,	24,	'2018-01-24 14:27:44',	'2018_01_24_14_27_44_Layolanda_Jan_Scheuder_ST_PD2_72dpi.jpg',	'1'),
(136,	24,	'2018-01-24 14:27:45',	'2018_01_24_14_27_45_Layolanda_Jan_Scheuder_ST_PG2.jpg',	'5'),
(137,	24,	'2018-01-24 14:27:48',	'2018_01_24_14_27_48_Layolanda _ Jan Scheuder _ ST _ PD1 _ 72dpi.jpg',	'2'),
(138,	24,	'2018-01-24 14:27:48',	'2018_01_24_14_27_48_Layolanda _Jan Scheuder _ ST _ PG _ 72dpi.jpg',	'4'),
(139,	25,	'2018-01-24 14:33:51',	'2018_01_24_14_33_51_Layolanda _ José Luis Cuevas _ La renardière _ PD2.jpg',	'1'),
(140,	25,	'2018-01-24 14:33:52',	'2018_01_24_14_33_52_Layolanda _ José Luis Cuevas _ La renardière _ PD4.jpg',	'3'),
(141,	25,	'2018-01-24 14:33:54',	'2018_01_24_14_33_54_Layolanda _ José Luis Cuevas _ La renardière _ PD6.jpg',	'5'),
(142,	25,	'2018-01-24 14:33:54',	'2018_01_24_14_33_54_Layolanda _ José Luis Cuevas _ La renardière _ PD3.jpg',	'2'),
(143,	25,	'2018-01-24 14:33:55',	'2018_01_24_14_33_55_Layolanda _ José Luis Cuevas _ La renardière _ PD1.jpg',	'0'),
(144,	25,	'2018-01-24 14:33:55',	'2018_01_24_14_33_55_Layolanda _ José Luis Cuevas _ La renardière _ PD7.jpg',	'6'),
(145,	25,	'2018-01-24 14:33:56',	'2018_01_24_14_33_56_Layolanda _ José Luis Cuevas _ La renardière _ PG.jpg',	'7'),
(146,	25,	'2018-01-24 14:33:57',	'2018_01_24_14_33_57_Layolanda_Jose_Luis_Cuevas_La_renardiere_PG2.jpg',	'8'),
(147,	25,	'2018-01-24 14:33:57',	'2018_01_24_14_33_57_Layolanda _ José Luis Cuevas _ La renardière _ PD5.jpg',	'4'),
(148,	26,	'2018-01-24 14:35:02',	'2018_01_24_14_35_02_Layolanda _ Sara Sánchez 2 PD3.jpg',	'0'),
(149,	26,	'2018-01-24 14:35:02',	'2018_01_24_14_35_02_Layolanda _ Sara Sánchez 2 PD2.jpg',	'1'),
(150,	26,	'2018-01-24 14:35:02',	'2018_01_24_14_35_02_Layolanda _ Sara Sánchez 2 PG.jpg',	'2'),
(151,	26,	'2018-01-24 14:35:02',	'2018_01_24_14_35_02_Layolanda_Sara_Sánchez_2_PD1.jpg',	'3'),
(152,	27,	'2018-01-24 14:38:18',	'2018_01_24_14_38_18_Julio LePark PD2.jpg',	'2'),
(153,	27,	'2018-01-24 14:38:19',	'2018_01_24_14_38_19_Julio LePark PD4.jpg',	'1'),
(154,	27,	'2018-01-24 14:38:19',	'2018_01_24_14_38_19_Julio LePark General.jpg',	'3'),
(155,	27,	'2018-01-24 14:38:19',	'2018_01_24_14_38_19_Julio_LePark_PD1.jpg',	'4'),
(156,	27,	'2018-01-24 14:38:19',	'2018_01_24_14_38_19_Julio LePark PD3.jpg',	'0'),
(157,	28,	'2018-01-24 14:43:00',	'2018_01_24_14_43_00_Kingman_2.jpg',	'0'),
(158,	30,	'2018-01-24 14:47:12',	'2018_01_24_14_47_12_Layolanda _ Sara Sánchez PD3.jpg',	'1'),
(159,	30,	'2018-01-24 14:47:12',	'2018_01_24_14_47_12_Layolanda _ Sara Sánchez PD4.jpg',	'0'),
(160,	30,	'2018-01-24 14:47:12',	'2018_01_24_14_47_12_Layolanda _ Sara Sánchez PG.jpg',	'3'),
(161,	30,	'2018-01-24 14:47:12',	'2018_01_24_14_47_12_Layolanda _ Sara Sánchez PD2.jpg',	'2'),
(162,	30,	'2018-01-24 14:47:12',	'2018_01_24_14_47_12_Layolanda_Sara_Sanchez_PD1.jpg',	'4'),
(163,	31,	'2018-01-24 15:03:35',	'2018_01_24_15_03_35_Layolanda_Antonio_Saura.jpg',	'0'),
(164,	32,	'2018-01-24 15:07:28',	'2018_01_24_15_07_28_Alechinsky_3.jpg',	'0'),
(165,	33,	'2018-01-24 15:08:20',	'2018_01_24_15_08_20_Layolanda_Alberto_Guzman_1.jpg',	'0'),
(166,	34,	'2018-01-24 15:10:09',	'2018_01_24_15_10_09_Layolanda_Alberto_Guzman_3.jpg',	'0'),
(167,	35,	'2018-01-24 15:11:19',	'2018_01_24_15_11_19_Layolanda_Alberto_Guzman_2.jpg',	'0'),
(168,	29,	'2018-01-24 15:18:13',	'2018_01_24_15_18_13_Kingman_4.jpg',	'0'),
(169,	38,	'2018-01-24 15:18:42',	'2018_01_24_15_18_42_Alechinski_2.jpg',	'0'),
(170,	39,	'2018-01-24 15:21:47',	'2018_01_24_15_21_47_Alechinski_1.jpg',	'0'),
(171,	40,	'2018-01-24 15:25:07',	'2018_01_24_15_25_07_Layolanda Piere Alechinsky PD4.jpg',	'0'),
(172,	40,	'2018-01-24 15:25:07',	'2018_01_24_15_25_07_Layolanda Piere Alechinsky PD2.jpg',	'2'),
(173,	40,	'2018-01-24 15:25:07',	'2018_01_24_15_25_07_Layolanda Piere Alechinsky PD3.jpg',	'1'),
(174,	40,	'2018-01-24 15:25:07',	'2018_01_24_15_25_07_Layolanda Piere Alechinsky General.jpg',	'3'),
(175,	40,	'2018-01-24 15:25:07',	'2018_01_24_15_25_07_Layolanda_Piere_Alechinsky_PD1.jpg',	'4'),
(176,	41,	'2018-01-24 15:32:40',	'2018_01_24_15_32_40_Oswlado Viteri _ ST _ PD5.jpg',	'0'),
(177,	41,	'2018-01-24 15:32:40',	'2018_01_24_15_32_40_Oswlado Viteri _ ST _ PD4.jpg',	'1'),
(178,	41,	'2018-01-24 15:32:40',	'2018_01_24_15_32_40_Oswlado Viteri _ ST _ PD2jpg.jpg',	'4'),
(179,	41,	'2018-01-24 15:32:40',	'2018_01_24_15_32_40_Oswlado Viteri _ ST _ General.jpg',	'5'),
(180,	41,	'2018-01-24 15:32:41',	'2018_01_24_15_32_41_Oswlado_Viteri_ST_General_PD.jpg',	'6'),
(181,	42,	'2018-01-24 17:32:11',	'2018_01_24_17_32_11_Layolanda _ Antigüedades _ Juego de té _ PG.jpg',	'2'),
(182,	42,	'2018-01-24 17:32:11',	'2018_01_24_17_32_11_Layolanda _ Antigüedades _ Juego de té _ PD3.jpg',	'1'),
(183,	42,	'2018-01-24 17:32:11',	'2018_01_24_17_32_11_Layolanda _ Antigüedades _ Juego de té _ PD4.jpg',	'0'),
(184,	42,	'2018-01-24 17:32:13',	'2018_01_24_17_32_13_Layolanda_Antiguedades_Juego_de_te_PD1.jpg',	'3'),
(185,	43,	'2018-01-24 17:41:28',	'2018_01_24_17_41_28_Layolanda _ Antigüedades _ Juego de té _ PD5.jpg',	'0'),
(186,	43,	'2018-01-24 17:41:28',	'2018_01_24_17_41_28_Layolanda _ Antigüedades _ Juego de té _ PP4.jpg',	'2'),
(187,	43,	'2018-01-24 17:41:29',	'2018_01_24_17_41_29_Layolanda_Antiguedades_Juego_de_te_PD2.jpg',	'4'),
(188,	43,	'2018-01-24 17:41:29',	'2018_01_24_17_41_29_Layolanda _ Antigüedades _ Juego de té _ PD3.jpg',	'1'),
(189,	43,	'2018-01-24 17:41:29',	'2018_01_24_17_41_29_Layolanda _ Antigüedades _ Juego de té _ PG.jpg',	'3'),
(190,	37,	'2018-01-29 18:52:22',	'2018_01_29_18_52_22_Layolanda_Alberto_Guzman_5.jpg',	'0'),
(191,	36,	'2018-01-29 18:53:56',	'2018_01_29_18_53_56_Layolanda_Alberto_Guzman_4.jpg',	'0'),
(192,	44,	'2018-01-29 19:31:12',	'2018_01_29_19_31_12_Layolanda_Oswaldo_Viteri_ST2.jpg',	'0'),
(203,	45,	'2018-02-01 13:54:14',	'2018_02_01_13_54_14_Layolanda_ Nicolas Svistonoff _ PA _ PD2.jpg',	'2'),
(204,	45,	'2018-02-01 13:54:14',	'2018_02_01_13_54_14_Layolanda_ Nicolas Svistonoff _ PA _ PD4.jpg',	'0'),
(205,	45,	'2018-02-01 13:54:14',	'2018_02_01_13_54_14_Layolanda_ Nicolas Svistonoff _ PA _ PD3.jpg',	'1'),
(206,	45,	'2018-02-01 13:54:14',	'2018_02_01_13_54_14_Layolanda_Nicolas_Svistonoff_PA_PD1.jpg',	'4'),
(207,	45,	'2018-02-01 13:54:14',	'2018_02_01_13_54_14_Layolanda_ Nicolas Svistonoff _ PA.jpg',	'3'),
(208,	19,	'2018-02-01 14:26:19',	'2018_02_01_14_26_19_Layolanda_Roland_Topor_1_PD1.jpg',	'4'),
(209,	19,	'2018-02-01 14:26:19',	'2018_02_01_14_26_19_Layolanda _ Roland Topor _ 1 _ PD3.jpg',	'1'),
(210,	19,	'2018-02-01 14:26:19',	'2018_02_01_14_26_19_Layolanda _ Roland Topor _ 1 _ PD2.jpg',	'2'),
(211,	19,	'2018-02-01 14:26:19',	'2018_02_01_14_26_19_Layolanda _ Roland Topor _ 1 _ PG.jpg',	'3'),
(212,	19,	'2018-02-01 14:26:19',	'2018_02_01_14_26_19_Layolanda _ Roland Topor _ 1 _ PD4.jpg',	'0'),
(233,	46,	'2018-02-06 15:03:40',	'2018_02_06_15_03_40_Layolanda _ Antonio Carrasco _ PD4 Jorga de mantequillos.jpg',	'0'),
(234,	46,	'2018-02-06 15:03:40',	'2018_02_06_15_03_40_Layolanda _ Antonio Carrasco _ PD2 Jorga de mantequillos.jpg',	'1'),
(235,	46,	'2018-02-06 15:03:40',	'2018_02_06_15_03_40_Layolanda _ Antonio Carrasco _ PD1 Jorga de mantequillos.jpg',	'2'),
(236,	46,	'2018-02-06 15:03:40',	'2018_02_06_15_03_40_Layolanda _ Antonio Carrasco _ PG Jorga de mantequillos.jpg',	'3'),
(237,	46,	'2018-02-06 15:03:41',	'2018_02_06_15_03_41_Layolanda_Antonio_Carrasco_General_Jorga_de_mantequillos.jpg',	'4'),
(238,	47,	'2018-02-06 17:27:38',	'2018_02_06_17_27_38_Layolanda _ Antonio Carrasco _ Quesero Corto PG2 .jpg',	'2'),
(239,	47,	'2018-02-06 17:27:40',	'2018_02_06_17_27_40_Layolanda _ Antonio Carrasco _ Quesero Corto PG4 .jpg',	'0'),
(240,	47,	'2018-02-06 17:27:40',	'2018_02_06_17_27_40_Layolanda _ Antonio Carrasco _ Quesero Corto PG3 .jpg',	'1'),
(241,	47,	'2018-02-06 17:27:41',	'2018_02_06_17_27_41_Layolanda_Antonio_Carrasco_Quesero_Corto_PG.jpg',	'3'),
(242,	48,	'2018-02-06 17:34:28',	'2018_02_06_17_34_28_REX_9624.jpg',	'1'),
(243,	48,	'2018-02-06 17:34:29',	'2018_02_06_17_34_29_Layolanda _ Antonio Carrasco _ Ulito Picar PD2.jpg',	'2'),
(244,	48,	'2018-02-06 17:34:30',	'2018_02_06_17_34_30_Layolanda _ Antonio Carrasco _ Ulito Picar PD.jpg',	'0'),
(245,	48,	'2018-02-06 17:34:32',	'2018_02_06_17_34_32_Layolanda_Antonio_Carrasco_Ulito_Picar.jpg',	'3'),
(246,	49,	'2018-02-06 17:37:27',	'2018_02_06_17_37_27_Layolanda _ Antonio Carrasco _ Ulu32 .jpg',	'0'),
(247,	49,	'2018-02-06 17:37:28',	'2018_02_06_17_37_28_Layolanda _ Antonio Carrasco _ Ulu 2l .jpg',	'2'),
(248,	49,	'2018-02-06 17:37:31',	'2018_02_06_17_37_31_Layolanda_Antonio_Carrasco_Ulu_general.jpg',	'3'),
(249,	49,	'2018-02-06 17:37:31',	'2018_02_06_17_37_31_Layolanda _ Antonio Carrasco _ Ulu 2 .jpg',	'1'),
(255,	51,	'2018-02-06 18:01:39',	'2018_02_06_18_01_39_Sopera_ Layolanda_ Antiguedades PD2.jpg',	'0'),
(256,	51,	'2018-02-06 18:01:40',	'2018_02_06_18_01_40_Sopera_ Layolanda_ Antiguedades PD4.jpg',	'2'),
(257,	51,	'2018-02-06 18:01:41',	'2018_02_06_18_01_41_Sopera_ Layolanda_ Antiguedades PD3.jpg',	'1'),
(258,	51,	'2018-02-06 18:01:42',	'2018_02_06_18_01_42_Sopera_ Layolanda_ Antiguedades.jpg',	'3'),
(259,	51,	'2018-02-06 18:01:44',	'2018_02_06_18_01_44_Sopera_Layolanda_AntiguedadesPD1.jpg',	'4'),
(260,	50,	'2018-02-06 18:07:59',	'2018_02_06_18_07_59_cubiertos pg layolanda pg3.jpg',	'1'),
(261,	50,	'2018-02-06 18:08:00',	'2018_02_06_18_08_00_cubiertos pg layolanda 2.jpg',	'2'),
(262,	50,	'2018-02-06 18:08:01',	'2018_02_06_18_08_01_cubiertos pg layolanda.jpg',	'3'),
(263,	50,	'2018-02-06 18:08:02',	'2018_02_06_18_08_02_cubiertos_pg_layolanda_1.jpg',	'4'),
(264,	50,	'2018-02-06 18:08:02',	'2018_02_06_18_08_02_cubiertos pg layolanda pg2.jpg',	'0'),
(265,	52,	'2018-02-06 18:14:01',	'2018_02_06_18_14_01_daga layolanda.jpg',	'3'),
(266,	52,	'2018-02-06 18:14:03',	'2018_02_06_18_14_03_daga_layolanda_2.jpg',	'4'),
(267,	52,	'2018-02-06 18:14:05',	'2018_02_06_18_14_05_daga layolanda 3.jpg',	'1'),
(268,	52,	'2018-02-06 18:14:05',	'2018_02_06_18_14_05_daga layolanda 4.jpg',	'0'),
(270,	53,	'2018-02-06 18:18:10',	'2018_02_06_18_18_10_bandeja plata layolanda 1 3.jpg',	'0'),
(271,	53,	'2018-02-06 18:18:11',	'2018_02_06_18_18_11_bandeja_plata_layolanda1_1.jpg',	'2'),
(272,	53,	'2018-02-06 18:18:15',	'2018_02_06_18_18_15_bandeja plata layolanda 1 2.jpg',	'1'),
(273,	54,	'2018-02-07 16:37:57',	'2018_02_07_16_37_57_Bandeja_layolanda3_1.jpg',	'1'),
(274,	54,	'2018-02-07 16:38:03',	'2018_02_07_16_38_02_Bandeja layolanda 3 2.jpg',	'0'),
(275,	55,	'2018-02-07 16:44:32',	'2018_02_07_16_44_32_bandeja layolanda 2 2.jpg',	'0'),
(276,	55,	'2018-02-07 16:44:33',	'2018_02_07_16_44_33_bandeja_layolanda2_1.jpg',	'1'),
(277,	56,	'2018-02-07 19:13:50',	'2018_02_07_19_13_50_REX_9674.jpg',	'0'),
(278,	56,	'2018-02-07 19:14:00',	'2018_02_07_19_14_00_Layolanda_Antonio_Carrasco_quesero_largo.jpg',	'1'),
(279,	57,	'2018-02-07 19:16:42',	'2018_02_07_19_16_42_Ulu circular _ Antonio Carrasco 2.jpg',	'0'),
(280,	57,	'2018-02-07 19:16:42',	'2018_02_07_19_16_42_Ulu circular _ Antonio Carrasco 3.jpg',	'1'),
(281,	57,	'2018-02-07 19:16:44',	'2018_02_07_19_16_44_Ulu_circular_Antonio_Carrasco_pg.jpg',	'3'),
(282,	57,	'2018-02-07 19:16:49',	'2018_02_07_19_16_49_Ulu circular _ Antonio Carrasco 4.jpg',	'2'),
(283,	58,	'2018-02-07 19:19:52',	'2018_02_07_19_19_52_REX_9672.jpg',	'0'),
(284,	58,	'2018-02-07 19:19:53',	'2018_02_07_19_19_53_Layolanda Antonio Carrasco Viajero Largo 2.jpg',	'1'),
(285,	58,	'2018-02-07 19:19:53',	'2018_02_07_19_19_53_Layolanda_Antonio_Carrasco_Viajero_Largo_PG.jpg',	'2'),
(286,	60,	'2018-02-07 19:26:05',	'2018_02_07_19_26_05_Layolanda _ Antonio Carrasco _ set 3.jpg',	'0'),
(287,	60,	'2018-02-07 19:26:06',	'2018_02_07_19_26_06_Layolanda _ Antonio Carrasco _ General .jpg',	'2'),
(288,	60,	'2018-02-07 19:26:06',	'2018_02_07_19_26_06_Layolanda _ Antonio Carrasco _ set 2.jpg',	'1'),
(289,	60,	'2018-02-07 19:26:06',	'2018_02_07_19_26_06_Layolanda_Antonio_Carrasco_setg.jpg',	'3'),
(290,	59,	'2018-02-07 19:27:09',	'2018_02_07_19_27_09_REX_9546.jpg',	'0'),
(291,	59,	'2018-02-07 19:27:09',	'2018_02_07_19_27_09_Layolando_Antonio_Carrasco_Viajero_corto.jpg',	'1'),
(293,	62,	'2018-02-19 12:25:15',	'2018_02_19_12_25_15_Antiguedades_Layolanda_Balde_de_plata.jpg',	'0'),
(294,	63,	'2018-02-19 12:29:31',	'2018_02_19_12_29_31_layolanda_candelabros_001_antiguedades.jpg',	'0'),
(295,	64,	'2018-02-19 12:43:44',	'2018_02_19_12_43_43_Calentador 01_ Layolanda_ Antiguedades PG 2.jpg',	'5'),
(296,	64,	'2018-02-19 12:43:44',	'2018_02_19_12_43_44_Calentador_01_Layolanda_Antiguedades_PG.jpg',	'6'),
(297,	64,	'2018-02-19 12:43:44',	'2018_02_19_12_43_44_Calentador 01_ Layolanda_ Antiguedades PD3.jpg',	'4'),
(298,	64,	'2018-02-19 12:43:44',	'2018_02_19_12_43_44_Calentador 01_ Layolanda_ Antiguedades PD2.jpg',	'0'),
(299,	65,	'2018-02-19 12:48:02',	'2018_02_19_12_48_02_Calentador 02_ Layolanda_ Antiguedades PD3.jpg',	'1'),
(300,	65,	'2018-02-19 12:48:03',	'2018_02_19_12_48_03_Calentador 02_ Layolanda_ Antiguedades PD2.jpg',	'2'),
(301,	65,	'2018-02-19 12:48:03',	'2018_02_19_12_48_03_Calentador_02_Layolanda_Antiguedades_PD4.jpg',	'3'),
(302,	66,	'2018-02-19 15:50:51',	'2018_02_19_15_50_51_chimenea _ antigüedades _ layolanda 004 .jpg',	'1'),
(303,	66,	'2018-02-19 15:50:52',	'2018_02_19_15_50_52_chimenea_antiguedades_layolanda.jpg',	'3'),
(304,	66,	'2018-02-19 15:50:52',	'2018_02_19_15_50_52_chimenea _ antigüedades _ layolanda 003 .jpg',	'2'),
(305,	66,	'2018-02-19 15:50:52',	'2018_02_19_15_50_52_chimenea _ antigüedades _ layolanda 002 .jpg',	'0'),
(306,	67,	'2018-02-19 15:56:06',	'2018_02_19_15_56_06_chimenea 2 _ antigüedades _ layolanda 002 .jpg',	'3'),
(307,	67,	'2018-02-19 15:56:07',	'2018_02_19_15_56_07_chimenea 2 _ antigüedades _ layolanda 004 .jpg',	'1'),
(308,	67,	'2018-02-19 15:56:07',	'2018_02_19_15_56_07_chimenea 2 _ antigüedades _ layolanda 003 .jpg',	'2'),
(309,	67,	'2018-02-19 15:56:07',	'2018_02_19_15_56_07_chimenea 2 _ antigüedades _ layolanda 005 .jpg',	'0'),
(310,	67,	'2018-02-19 15:56:08',	'2018_02_19_15_56_08_chimenea2_antiguedades_layolanda001.jpg',	'4'),
(311,	68,	'2018-02-19 16:16:45',	'2018_02_19_16_16_45_layolanda cerámica 3 antigüedades 1.jpg',	'2'),
(312,	68,	'2018-02-19 16:16:46',	'2018_02_19_16_16_46_layolanda_cerámica_3_antiguedades2.jpg',	'3'),
(313,	68,	'2018-02-19 16:16:46',	'2018_02_19_16_16_46_layolanda cerámica 3 antigüedades 4.jpg',	'0'),
(314,	68,	'2018-02-19 16:16:47',	'2018_02_19_16_16_46_layolanda cerámica 3 antigüedades 3.jpg',	'1'),
(315,	69,	'2018-02-19 16:39:43',	'2018_02_19_16_39_42_layolanda cerámica 1 antigüedades 4.jpg',	'3'),
(316,	69,	'2018-02-19 16:39:43',	'2018_02_19_16_39_43_layolanda cerámica 1 antigüedades 002.jpg',	'1'),
(317,	69,	'2018-02-19 16:39:44',	'2018_02_19_16_39_44_layolanda_ceramica1_antiguedades3.jpg',	'4'),
(318,	69,	'2018-02-19 16:39:44',	'2018_02_19_16_39_44_layolanda cerámica 1 antigüedades 001.jpg',	'0'),
(319,	70,	'2018-02-19 16:47:59',	'2018_02_19_16_47_59_layolanda cerámica 2 antigüedades 001.jpg',	'0'),
(320,	70,	'2018-02-19 16:47:59',	'2018_02_19_16_47_59_layolanda cerámica 2 antigüedades 003.jpg',	'1'),
(321,	70,	'2018-02-19 16:47:59',	'2018_02_19_16_47_59_layolanda_ceramica2_antiguedades002.jpg',	'2'),
(322,	71,	'2018-02-19 17:00:09',	'2018_02_19_17_00_09_layolanda_ceramica4_antiguedades001.jpg',	'1'),
(323,	71,	'2018-02-19 17:00:09',	'2018_02_19_17_00_09_layolanda cerámica 4 antigüedades 002.jpg',	'0'),
(324,	72,	'2018-02-19 17:09:21',	'2018_02_19_17_09_21_Cristo_ Layolanda_ Antiguedades PD3.jpg',	'0'),
(325,	72,	'2018-02-19 17:09:22',	'2018_02_19_17_09_22_Cristo_ Layolanda_ Antiguedades PD1.jpg',	'2'),
(326,	72,	'2018-02-19 17:09:23',	'2018_02_19_17_09_23_Cristo_ Layolanda_ Antiguedades PD2.jpg',	'1'),
(327,	72,	'2018-02-19 17:09:23',	'2018_02_19_17_09_23_Cristo_Layolanda_AntiguedadesPD4.jpg',	'3'),
(345,	76,	'2018-03-15 12:20:40',	'2018_03_15_12_20_40_HojaMariaEugeniaFialloColibri001.jpg',	'1'),
(346,	76,	'2018-03-15 12:20:40',	'2018_03_15_12_20_40_HojaMariaEugeniaFialloColibri003.jpg',	'0'),
(353,	78,	'2018-03-15 12:59:12',	'2018_03_15_12_59_12_MariaEugeniaFialloColibri005.jpg',	'0'),
(354,	78,	'2018-03-15 12:59:12',	'2018_03_15_12_59_12_MariaEugeniaFialloColibri002.jpg',	'3'),
(355,	78,	'2018-03-15 12:59:12',	'2018_03_15_12_59_12_MariaEugeniaFialloColibri001.jpg',	'2'),
(356,	78,	'2018-03-15 12:59:12',	'2018_03_15_12_59_12_MariaEugeniaFialloColibri004.jpg',	'1'),
(370,	81,	'2018-03-15 17:36:26',	'2018_03_15_17_36_26_NidoMariaEugeniaFialloColibri001.jpg',	'2'),
(371,	81,	'2018-03-15 17:36:26',	'2018_03_15_17_36_26_NidoMariaEugeniaFialloColibri003.jpg',	'1'),
(372,	81,	'2018-03-15 17:36:26',	'2018_03_15_17_36_26_NidoMariaEugeniaFialloColibri004.jpg',	'0'),
(373,	81,	'2018-03-15 17:36:26',	'2018_03_15_17_36_26_NidoMariaEugeniaFialloColibri002.jpg',	'3'),
(374,	74,	'2018-03-15 17:53:12',	'2018_03_15_17_53_12_PetirrojosMariaEugeniaFialloColibri001.jpg',	'2'),
(375,	74,	'2018-03-15 17:53:12',	'2018_03_15_17_53_12_PetirrojosMariaEugeniaFialloColibri005.jpg',	'0'),
(376,	74,	'2018-03-15 17:53:12',	'2018_03_15_17_53_12_PetirrojosMariaEugeniaFialloColibri004.jpg',	'1'),
(377,	74,	'2018-03-15 17:53:12',	'2018_03_15_17_53_12_PetirrojosMariaEugeniaFialloColibri002.jpg',	'3'),
(383,	77,	'2018-03-15 18:30:49',	'2018_03_15_18_30_49_002 MariaEugeniaFialloColibri.jpg',	'1'),
(384,	77,	'2018-03-15 18:30:49',	'2018_03_15_18_30_49_003MariaEugeniaFialloColibricopia.jpg',	'3'),
(385,	77,	'2018-03-15 18:30:49',	'2018_03_15_18_30_49_004 MariaEugeniaFialloColibri.jpg',	'2'),
(386,	77,	'2018-03-15 18:30:50',	'2018_03_15_18_30_49_PG MariaEugeniaFialloColibri.jpg',	'0'),
(387,	82,	'2018-03-15 18:41:21',	'2018_03_15_18_41_20_ColaLargaMariaEugeniaFialloColibri001.jpg',	'2'),
(388,	82,	'2018-03-15 18:41:21',	'2018_03_15_18_41_20_ColaLargaMariaEugeniaFialloColibri004.jpg',	'3'),
(389,	82,	'2018-03-15 18:41:21',	'2018_03_15_18_41_21_ColaLargaMariaEugeniaFialloColibri003.jpg',	'1'),
(390,	82,	'2018-03-15 18:41:21',	'2018_03_15_18_41_21_ColaLargaMariaEugeniaFialloColibri002.jpg',	'0'),
(391,	80,	'2018-03-15 18:43:27',	'2018_03_15_18_43_27_EspadaMariaEugeniaFialloColibri005.jpg',	'1'),
(392,	80,	'2018-03-15 18:43:27',	'2018_03_15_18_43_27_EspadaMariaEugeniaFialloColibri002.jpg',	'2'),
(393,	80,	'2018-03-15 18:43:27',	'2018_03_15_18_43_27_EspadaMariaEugeniaFialloColibri003.jpg',	'0'),
(394,	80,	'2018-03-15 18:43:28',	'2018_03_15_18_43_28_EspadaMariaEugeniaFialloColibri001.jpg',	'3'),
(395,	73,	'2018-03-15 18:45:26',	'2018_03_15_18_45_26_SpatuletailMariaEugeniaFialloColibri005.jpg',	'2'),
(396,	73,	'2018-03-15 18:45:26',	'2018_03_15_18_45_26_SpatuletailMariaEugeniaFialloColibri003.jpg',	'0'),
(397,	73,	'2018-03-15 18:45:27',	'2018_03_15_18_45_27_SpatuletailMariaEugeniaFialloColibri002.jpg',	'3'),
(398,	73,	'2018-03-15 18:45:27',	'2018_03_15_18_45_27_SpatuletailMariaEugeniaFialloColibri001.jpg',	'1'),
(399,	83,	'2018-03-15 19:38:40',	'2018_03_15_19_38_40_Campana3MariaEugeniaFialloColibri007.jpg',	'3'),
(400,	83,	'2018-03-15 19:38:40',	'2018_03_15_19_38_40_Campana3MariaEugeniaFialloColibri011.jpg',	'0'),
(401,	83,	'2018-03-15 19:38:40',	'2018_03_15_19_38_40_Campana3MariaEugeniaFialloColibri008.jpg',	'2'),
(402,	83,	'2018-03-15 19:38:40',	'2018_03_15_19_38_40_Campana3MariaEugeniaFialloColibri009.jpg',	'1'),
(403,	83,	'2018-03-15 19:38:40',	'2018_03_15_19_38_39_Campana3MariaEugeniaFialloColibri001.jpg',	'6'),
(404,	83,	'2018-03-15 19:38:40',	'2018_03_15_19_38_40_Campana3MariaEugeniaFialloColibri006.jpg',	'4'),
(405,	83,	'2018-03-15 19:38:40',	'2018_03_15_19_38_40_Campana3MariaEugeniaFialloColibri005.jpg',	'7'),
(406,	84,	'2018-03-16 16:33:38',	'2018_03_16_16_33_38_Blanca_Suarez_Layolanda_02.jpg',	'0'),
(407,	86,	'2018-03-16 16:55:14',	'2018_03_16_16_55_14_Blanca_Suarez_Layolanda_02.jpg',	'4'),
(408,	86,	'2018-03-16 16:55:14',	'2018_03_16_16_55_14_Blanca Suarez _ Layolanda _ 03.jpg',	'0'),
(409,	86,	'2018-03-16 16:55:14',	'2018_03_16_16_55_14_Blanca Suarez _ Layolanda _ 01.jpg',	'3'),
(410,	85,	'2018-03-16 17:03:04',	'2018_03_16_17_03_04_Blanca Suarez _ Layolanda _ 01 copia.jpg',	'0'),
(411,	85,	'2018-03-16 17:03:04',	'2018_03_16_17_03_04_Blanca_Suarez_Layolanda_02.jpg',	'1'),
(412,	87,	'2018-03-16 17:07:17',	'2018_03_16_17_07_17_Blanca Suarez _ Layolanda _ 01.jpg',	'1'),
(413,	87,	'2018-03-16 17:07:17',	'2018_03_16_17_07_17_Blanca_Suarez_Layolanda_02.jpg',	'2'),
(414,	87,	'2018-03-16 17:07:17',	'2018_03_16_17_07_17_Blanca Suarez _ Layolanda _ 03 copia.jpg',	'0'),
(420,	90,	'2018-03-16 18:31:51',	'2018_03_16_18_31_51_Jorge Luna _ Layolanda Galápagos 01.jpg',	'0'),
(421,	90,	'2018-03-16 18:31:51',	'2018_03_16_18_31_51_Jorge Luna _ Layolanda Galápagos 02 copia.jpg',	'1'),
(422,	90,	'2018-03-16 18:31:51',	'2018_03_16_18_31_51_Jorge_Luna_LayolandaGalapagos04copia.jpg',	'3'),
(423,	90,	'2018-03-16 18:31:51',	'2018_03_16_18_31_51_Jorge Luna _ Layolanda Galápagos 03 copia.jpg',	'2'),
(424,	91,	'2018-03-16 18:39:17',	'2018_03_16_18_39_17_Jorge Luna _ Layolanda Galápagos 01.jpg',	'0'),
(425,	91,	'2018-03-16 18:39:17',	'2018_03_16_18_39_17_Jorge Luna _ Layolanda Galápagos 02.jpg',	'1'),
(426,	91,	'2018-03-16 18:39:18',	'2018_03_16_18_39_18_Jorge Luna _ Layolanda Galápagos 03.jpg',	'2'),
(427,	91,	'2018-03-16 18:39:18',	'2018_03_16_18_39_18_Jorge_Luna_Layolanda_Galapagos_05.jpg',	'4'),
(428,	91,	'2018-03-16 18:39:21',	'2018_03_16_18_39_18_Jorge Luna _ Layolanda Galápagos 04.jpg',	'3'),
(429,	92,	'2018-03-16 18:49:26',	'2018_03_16_18_49_26_Jorge Luna _ Layolanda Galápagos 01.jpg',	'0'),
(430,	92,	'2018-03-16 18:49:26',	'2018_03_16_18_49_26_Jorge Luna _ Layolanda Galápagos 02.jpg',	'1'),
(431,	92,	'2018-03-16 18:49:26',	'2018_03_16_18_49_26_Jorge_Luna_LayolandaGalapagos04.jpg',	'3'),
(432,	92,	'2018-03-16 18:49:26',	'2018_03_16_18_49_26_Jorge Luna _ Layolanda Galápagos 03.jpg',	'2'),
(433,	93,	'2018-03-16 18:58:37',	'2018_03_16_18_58_37_Jorge_Luna_LayolandaGalapagos01.jpg',	'2'),
(434,	93,	'2018-03-16 18:58:38',	'2018_03_16_18_58_38_Jorge Luna _ Layolanda Galápagos 03.jpg',	'0'),
(435,	93,	'2018-03-16 18:58:38',	'2018_03_16_18_58_38_Jorge Luna _ Layolanda Galápagos 02.jpg',	'1'),
(436,	94,	'2018-03-16 19:08:14',	'2018_03_16_19_08_14_maceta004.jpg',	'0'),
(437,	94,	'2018-03-16 19:08:14',	'2018_03_16_19_08_14_maceta.jpg',	'3'),
(438,	94,	'2018-03-16 19:08:14',	'2018_03_16_19_08_14_maceta003.jpg',	'1'),
(439,	94,	'2018-03-16 19:08:14',	'2018_03_16_19_08_14_maceta002.jpg',	'2'),
(440,	95,	'2018-03-16 19:14:26',	'2018_03_16_19_14_26_Jorge_Luna_LayolandaGalapagos01.jpg',	'1'),
(441,	95,	'2018-03-16 19:14:26',	'2018_03_16_19_14_26_Jorge Luna _ Layolanda Galápagos 02.jpg',	'0'),
(454,	89,	'2018-03-20 10:49:33',	'2018_03_20_10_49_33_Blanca Suarez _ Layolanda _ 02_.jpg',	'0'),
(455,	89,	'2018-03-20 10:49:33',	'2018_03_20_10_49_33_Blanca_Suarez_Layolanda_03.jpg',	'2'),
(456,	89,	'2018-03-20 10:49:33',	'2018_03_20_10_49_33_Blanca Suarez _ Layolanda _ 01.jpg',	'1'),
(457,	88,	'2018-03-20 10:50:26',	'2018_03_20_10_50_26_Blanca_Suarez_Layolanda_01copia.jpg',	'1'),
(458,	88,	'2018-03-20 10:50:26',	'2018_03_20_10_50_26_Blanca Suarez _ Layolanda _ 02 copia.jpg',	'0'),
(459,	98,	'2018-03-20 11:06:25',	'2018_03_20_11_06_25_layolanda.tortugamarina2.colecciongalapagos.jorgeluna.jpg',	'0'),
(460,	98,	'2018-03-20 11:06:25',	'2018_03_20_11_06_25_layolanda.tortugamarina.colecciongalapagos.jorgeluna.jpg',	'2'),
(461,	98,	'2018-03-20 11:06:26',	'2018_03_20_11_06_25_layolanda.tortugamarina.colecciongalapos.jorgeluna010.jpg',	'1'),
(462,	99,	'2018-03-21 15:00:00',	'2018_03_21_15_00_00_layolanda.tortuga004.colecciongalapagos.jorgeluna.jpg',	'0'),
(463,	99,	'2018-03-21 15:00:00',	'2018_03_21_15_00_00_layolanda.tortuga006.colecciongalapagos.jorgeluna.jpg',	'1'),
(464,	96,	'2018-03-29 16:34:38',	'2018_03_29_16_34_38_tortuga014.jpg',	'0'),
(465,	96,	'2018-03-29 16:34:38',	'2018_03_29_16_34_38_tortuga015.jpg',	'1'),
(466,	96,	'2018-03-29 16:34:38',	'2018_03_29_16_34_38_tortuga016.jpg',	'2'),
(469,	100,	'2018-03-29 16:41:47',	'2018_03_29_16_41_47_TortugaJorgeLunaGalapagos_Layolanda002.jpg',	'1'),
(470,	100,	'2018-03-29 16:41:47',	'2018_03_29_16_41_47_Tortuga Jorje Luna Galapagos Layolanda.jpg',	'0');

DROP TABLE IF EXISTS `product`;
CREATE TABLE `product` (
  `id` int(11) NOT NULL AUTO_INCREMENT,
  `artist_id` int(11) NOT NULL,
  `category_id` int(11) NOT NULL,
  `creation_date` datetime NOT NULL,
  `description` text NOT NULL,
  `product_date` date DEFAULT NULL,
  `technique_id` int(11) NOT NULL,
  `material_id` int(11) NOT NULL,
  `flowing_id` int(11) NOT NULL,
  `support` varchar(45) DEFAULT NULL,
  `title` varchar(150) DEFAULT NULL,
  `important` enum('YES','NO') DEFAULT 'NO',
  `status` enum('ACTIVE','INACTIVE') DEFAULT 'ACTIVE',
  `code` varchar(255) DEFAULT NULL,
  `support_en` varchar(45) DEFAULT NULL,
  `description_en` text,
  `color` varchar(155) DEFAULT NULL,
  `origin` varchar(155) DEFAULT NULL,
  PRIMARY KEY (`id`),
  KEY `fk_product_artist1_idx` (`artist_id`),
  KEY `fk_product_category1_idx` (`category_id`),
  KEY `fk_product_technique1_idx` (`technique_id`),
  KEY `fk_product_material1_idx` (`material_id`),
  KEY `fk_product_flowing1_idx` (`flowing_id`),
  CONSTRAINT `fk_product_artist1` FOREIGN KEY (`artist_id`) REFERENCES `artist` (`id`) ON DELETE NO ACTION ON UPDATE NO ACTION,
  CONSTRAINT `fk_product_category1` FOREIGN KEY (`category_id`) REFERENCES `category` (`id`) ON DELETE NO ACTION ON UPDATE NO ACTION,
  CONSTRAINT `fk_product_flowing1` FOREIGN KEY (`flowing_id`) REFERENCES `flowing` (`id`) ON DELETE NO ACTION ON UPDATE NO ACTION,
  CONSTRAINT `fk_product_material1` FOREIGN KEY (`material_id`) REFERENCES `material` (`id`) ON DELETE NO ACTION ON UPDATE NO ACTION,
  CONSTRAINT `fk_product_technique1` FOREIGN KEY (`technique_id`) REFERENCES `technique` (`id`) ON DELETE NO ACTION ON UPDATE NO ACTION
) ENGINE=InnoDB DEFAULT CHARSET=utf8;

INSERT INTO `product` (`id`, `artist_id`, `category_id`, `creation_date`, `description`, `product_date`, `technique_id`, `material_id`, `flowing_id`, `support`, `title`, `important`, `status`, `code`, `support_en`, `description_en`, `color`, `origin`) VALUES
(1,	4,	5,	'2018-01-18 16:05:20',	'<p>Litograf&iacute;a original firmada por el artista.</p>\r\n<p>Prueba de artista.</p>\r\n<p>Dedicatoria del artista en la parte inferior izquierda.</p>',	'1975-07-01',	10,	6,	3,	'Cartulina Canson 200gr. ',	'Sin Título ',	'NO',	'ACTIVE',	'1',	'Canson Cardboard - 200gr. ',	'<p>Original lithography signed by the artist.</p>\r\n<p>Artist test print.</p>\r\n<p>This print has a dedicatory text on the inferior left corner.&nbsp;</p>',	'',	'París'),
(2,	5,	5,	'2018-01-18 17:46:08',	'<p>Litograf&iacute;a original firmada por el artista.</p>\r\n<p>Prueba de artista.</p>\r\n<p>&nbsp;</p>',	'1978-10-13',	10,	6,	3,	'Cartulina Canson 200gr. ',	'Patatas',	'NO',	'ACTIVE',	'',	'Canson Cardboard - 200gr. ',	'<p>Original lithography signed by the artist.</p>\r\n<p>Artist test print.</p>\r\n<p>&nbsp;</p>',	'',	'París'),
(3,	6,	5,	'2018-01-18 21:04:50',	'<p>&Oacute;leo original sobre tela, firmado por el autor.</p>',	'1978-01-01',	1,	2,	3,	'Bastidor',	'Sin Título ',	'NO',	'ACTIVE',	'1.10.F.48',	'Canvas',	'<p>Original oil painting, signed by the artist.</p>',	'',	'Haití'),
(4,	7,	5,	'2018-01-18 21:18:34',	'<p>Acuarela original firmada por el artista. Esta pieza pertenece a la &eacute;poca inicial del artista.</p>',	'1963-01-01',	1,	7,	1,	'Paspartú',	'Sin Título ',	'NO',	'ACTIVE',	'',	'Paspartou',	'<p>Original watercolor signed by the artist. This piece belongs to the initial period of the artist.</p>',	'',	'Ecuador'),
(5,	8,	5,	'2018-01-18 21:22:35',	'<p>&Oacute;leo original sobre tela, firmado por el artista.</p>',	NULL,	1,	8,	2,	'Bastidor',	'Nocturno',	'NO',	'ACTIVE',	'',	'Canvas',	'<p>Original oil painting on canvas, signed by the artist.</p>',	'',	'Ecuador'),
(6,	11,	5,	'2018-01-18 21:50:23',	'<p>Acr&iacute;lico sobre papel. Esta pieza pertenece a la primera muestra del artista.</p>\r\n<p>&nbsp;</p>',	'1974-01-01',	1,	2,	3,	'Cartulina Canson 200gr. ',	'Nacimiento ',	'NO',	'ACTIVE',	'',	'Canson Cardboard - 200gr. ',	'<p>Acrilic on paper. This piece belongs to the first exhibition done by the artist.</p>',	'',	'Ecuador'),
(7,	8,	5,	'2018-01-18 21:59:56',	'<p>Pastel original sobre papel, firmado por el artista.</p>',	NULL,	1,	8,	2,	'Cartulina Canson 200gr. ',	'Verticalidad en Blanco y Verde',	'',	'ACTIVE',	'',	'Canson Cardboard - 200gr. ',	'<p>Original pastel on paper, signed by the artist.</p>',	'',	'Ecuador'),
(8,	8,	5,	'2018-01-18 22:02:45',	'<p>&Oacute;leo original sobre tela.</p>',	NULL,	1,	9,	2,	'Bastidor',	'Sin Título',	'',	'ACTIVE',	'',	'Canvas',	'<p>Original oil painting on canvas.</p>',	'',	'Ecuador'),
(9,	9,	5,	'2018-01-18 22:05:58',	'<p>Pastel original sobre tela. Esta pintura no pertenece al estilo m&aacute;s conocido de pinturas de Puertas del artista.</p>',	'1974-01-01',	1,	8,	1,	'Bastidor',	'Vieja',	'NO',	'ACTIVE',	'',	'Canvas',	'<p>Original pastel on canvas. This painting does not belong to the best known style of door painting of the artist.</p>',	'',	'Ecuador'),
(10,	10,	5,	'2018-01-18 22:08:49',	'<p>&Oacute;leo original de gran formato. Pertenece a la &eacute;poca de mayor producci&oacute;n de Op art de Molinari.</p>',	'1974-01-01',	1,	9,	1,	'Bastidor',	'Múltiple Percepción Vectorial',	'NO',	'ACTIVE',	'',	'Canvas',	'<p>Large format original oil painting. This painting belongs to the period of time when Molinari had his greatest production of Op art.</p>',	'',	'Ecuador'),
(11,	10,	5,	'2018-01-18 22:13:13',	'<p>Litograf&iacute;a original firmada.</p>\r\n<p>Dedicatoria en la parte inferior.</p>',	'1969-01-01',	10,	6,	1,	'Cartulina Canson 200gr. ',	'Sin Título',	'NO',	'ACTIVE',	'',	'Canson Cardboard - 200gr. ',	'<p>Original lithography, signed by the artist.</p>\r\n<p>Dedication on the bottom part.</p>\r\n<p>&nbsp;</p>',	'',	'Ecuador'),
(12,	24,	5,	'2018-01-24 13:12:50',	'<p>Litograf&iacute;a original firmada.</p>\r\n<p>Prueba de Artista.</p>\r\n<p>&nbsp;</p>',	NULL,	10,	6,	3,	'Cartulina Canson 200gr. ',	'Sin Título ',	'NO',	'ACTIVE',	'1.29.F.12',	'Canson Cardboard - 200gr. ',	'<p>Original lithography, signed by the artist.</p>\r\n<p>Artist test print.</p>',	'',	'París'),
(13,	12,	5,	'2018-01-24 13:36:27',	'<p>Litograf&iacute;a original firmada</p>\r\n<p>Prueba de Artista</p>',	'1990-01-01',	10,	6,	1,	'Cartulina Canson 200gr. ',	'Sin título ',	'NO',	'ACTIVE',	'',	'Canson Cardboard - 200gr. ',	'<p>Original lithography, signed by the artist</p>\r\n<p>Artist test print</p>',	'',	'París'),
(14,	23,	24,	'2018-01-24 13:37:16',	'<p>Dibujo en sangu&iacute;nea original firmado por el artista.</p>',	'1981-01-07',	3,	10,	1,	'Papel',	'Sin Título',	'NO',	'ACTIVE',	'1.12.F.36',	'Paper',	'<p>Original sanguine drawing, signed by the artist.</p>',	'',	'Ecuador'),
(15,	22,	5,	'2018-01-24 13:49:05',	'<p>&Oacute;leo original firmada por el artista.</p>',	'1983-02-02',	1,	8,	2,	'Bastidor',	'Ciudad',	'NO',	'ACTIVE',	'1.12.A.25',	'Canvas',	'<p>Original oil painting, signed by the artist.</p>\r\n<p>&nbsp;</p>',	'',	'Ecuador'),
(16,	20,	5,	'2018-01-24 14:00:28',	'<p>Litograf&iacute;a original firmada.</p>',	NULL,	10,	6,	1,	'No tiene soporte',	'Sin título ',	'NO',	'ACTIVE',	'1.29.F.30',	'No support',	'',	'',	'Francia'),
(17,	25,	24,	'2018-01-24 14:02:24',	'<p>Dibujo original firmado por el artista</p>',	NULL,	3,	11,	1,	'No tiene soporte',	'Cabeza de Judío',	'NO',	'ACTIVE',	'',	'No support',	'',	'',	'Ecuador'),
(18,	26,	5,	'2018-01-24 14:07:19',	'<p>Litograf&iacute;a original firmada por el artista.</p>\r\n<p>Pueba de artista.</p>',	'1978-01-01',	10,	6,	3,	'No tiene soporte',	'Sin Título ',	'NO',	'ACTIVE',	'',	'No support',	'<p>Original lithography, signed by the artist.</p>\r\n<p>Artist test print.</p>',	'',	'París'),
(19,	20,	5,	'2018-01-24 14:09:55',	'<p>Litograf&iacute;a original firmada.</p>\r\n<p>Prueba de artista.</p>\r\n<p>Dedicatoria en la parte inferior.</p>',	NULL,	10,	6,	1,	'Cartulina Canson 200gr. ',	'Sin título ',	'NO',	'ACTIVE',	'1.29.F.31',	'Canson Cardboard - 200gr. ',	'<p>Original lithography signed by the artist.</p>\r\n<p>Artist test print.</p>\r\n<p>Dedication on the bottom.</p>',	'',	'Francia'),
(20,	14,	5,	'2018-01-24 14:17:14',	'<p>Pintura en &oacute;leo original. Pertenece a la &eacute;poca del fe&iacute;smo de Carre&ntilde;o. De las &uacute;ltimas obras de Carre&ntilde;o en existencia.</p>',	NULL,	1,	2,	2,	'Bastidor',	'Sin Título ',	'NO',	'ACTIVE',	'',	'Canvas',	'<p>Original oil painting. It belongs to the period of \"fe&iacute;smo\" of Carre&ntilde;o\'s paintings. One of the last Carre&ntilde;o paintings in existence.</p>',	'',	'Ecuador'),
(21,	20,	5,	'2018-01-24 14:18:19',	'<p>Litograf&iacute;a original firmada.</p>\r\n<p>Prueba de Artista.</p>\r\n<p>Dedicatoria en la parte inferior.</p>',	NULL,	10,	6,	1,	'Cartulina Canson 200gr. ',	'Sin título',	'NO',	'ACTIVE',	'1.29.F.32',	'Canson Cardboard - 200gr. ',	'<p>Original lithography signed by the artist.</p>\r\n<p>Artist test print.</p>\r\n<p>Dedication on the bottom.</p>',	'',	'Francia'),
(22,	14,	5,	'2018-01-24 14:20:15',	'<p>Pintura en &oacute;leo original. Pertenece a la &eacute;poca del fe&iacute;smo de Carre&ntilde;o. De las &uacute;ltimas obras de Carre&ntilde;o en existencia.</p>',	NULL,	1,	9,	2,	'Bastidor',	'Sin Título ',	'NO',	'ACTIVE',	'',	'Canvas',	'<p>Original oil painting. It belongs to the period of \"fe&iacute;smo\" of Carre&ntilde;o\'s paintings. One of the last Carre&ntilde;o paintings in existence.</p>',	'',	'Ecuador'),
(23,	13,	24,	'2018-01-24 14:22:22',	'<p>Dibujo hecho a mano sobre papel Kraft con carbocillo. Pertenece a la &uacute;nica &eacute;poca en la que el artista se dedic&oacute; al dibujo.</p>',	NULL,	3,	10,	1,	'Papel Kraft',	'Desnudo Femenino',	'NO',	'ACTIVE',	'1.12.F.4',	'Kraft paper',	'<p>Handmade drawing on Kraft paper with charcoal pencil. This drawing belongs to a period of time in which the artist only dedicated himself to drawing.</p>',	'',	'Ecuador'),
(24,	13,	24,	'2018-01-24 14:25:08',	'<p>Dibujo hecho a mano sobre papel Kraft con carbocillo. Pertenece a la &uacute;nica &eacute;poca en la que el artista se dedic&oacute; al dibujo. Firmado por el artista.</p>',	NULL,	3,	10,	1,	'Papel Kraft',	'Desnudo Femenino 2',	'NO',	'ACTIVE',	'1.12.F.5',	'Kraft paper',	'<p>Handmade drawing on Kraft paper with charcoal pencil. This drawing belongs to a period of time in which the artist only dedicated himself to drawing. Signed by the artist.</p>',	'',	'Ecuador'),
(25,	16,	5,	'2018-01-24 14:31:06',	'<p>Litograf&iacute;a original firmada por el artista.</p>\r\n<p>Prueba de artista.</p>',	'1976-01-01',	10,	6,	3,	'Cartulina Canson 200gr. ',	'La Renardière',	'NO',	'ACTIVE',	'1.29.F.22',	'Canson Cardboard - 200gr. ',	'<p>Original lithography signed by the artist.</p>\r\n<p>Artist test print.</p>',	'',	'París'),
(26,	21,	5,	'2018-01-24 14:31:15',	'<p>&Oacute;leo original firmada por la artista.</p>',	NULL,	1,	16,	4,	'Cartulina Canson 200gr. a',	'Sin Título ',	'NO',	'ACTIVE',	'1.10.F.50',	'Canson Cardboard - 200gr. ',	'<p>Original oil painting, signed by the artist.</p>',	'',	'Ecuador'),
(27,	17,	5,	'2018-01-24 14:36:11',	'<p>Litograf&iacute;a original firmada por el artista</p>\r\n<p>Prueba de artista</p>\r\n<p>Dedicatoria</p>',	'1987-10-01',	10,	6,	2,	'Cartulina Canson 200gr. ',	'Sin Título ',	'NO',	'ACTIVE',	'1.29.F.57',	'Canson Cardboard - 200gr. ',	'<p>Original lithography signed by the artist.</p>\r\n<p>Artist test print.</p>\r\n<p>Dedication on the bottom.</p>',	'',	'Ecuador'),
(28,	7,	24,	'2018-01-24 14:42:14',	'<p>Dibujo hecho a mano con carboncillo, sobre papel. Firmado por el artista</p>',	'1973-01-01',	3,	10,	1,	'Papel',	'Sin Título ',	'NO',	'ACTIVE',	'1.12.F.45',	'Paper',	'<p>Handmade drawing on paper, made with charcoal pencil. Signed by the artist.</p>',	'',	'Ecuador'),
(29,	7,	24,	'2018-01-24 14:44:22',	'<p>Dibujo hecho a mano con carboncillo, sobre papel. Firmado por el artista.</p>',	'1973-01-01',	3,	10,	1,	'Papel',	'Sin Título ',	'NO',	'ACTIVE',	'1.12.F.47',	'Paper',	'<p>Handmade drawing on paper with charcoal pencil. Signed by the artist.</p>',	'',	'Ecuador'),
(30,	21,	5,	'2018-01-24 14:45:10',	'<p>&Oacute;leo original firmado por la artista.</p>',	NULL,	1,	16,	4,	'Papel',	'Sin título ',	'NO',	'ACTIVE',	'1.10.F.51',	'Paper',	'<p>Original Oil Painting. Signed by the artist.</p>',	'',	'Ecuador'),
(31,	27,	5,	'2018-01-24 15:03:13',	'<p>Litograf&iacute;a original firmada por el artista.</p>\r\n<p>Prueba de artista.</p>\r\n<p>&nbsp;</p>',	'1988-01-01',	10,	6,	2,	'Cartulina Canson 200gr. ',	'Melanchton II',	'NO',	'ACTIVE',	'1.29.F.6',	'Canson Cardboard - 200gr. ',	'<p>Original lithography signed by the artist.</p>\r\n<p>Artist test print.</p>',	'',	'París'),
(32,	19,	5,	'2018-01-24 15:05:40',	'<p>Litograf&iacute;a original firmada.</p>\r\n<p>Prueba de Artista, sin fecha.</p>',	NULL,	10,	6,	7,	'Cartulina Canson 200gr. ',	'Sin Título',	'NO',	'ACTIVE',	'1.29.F.33',	'Canson Cardboard - 200gr. ',	'<p>Original, signed lithography.</p>\r\n<p>Artist test print, no date.</p>',	'',	'Bélgica'),
(33,	28,	27,	'2018-01-24 15:07:01',	'<p>Grabadoo intervenido con acuarelas.</p>',	NULL,	4,	6,	2,	'Cartulina Canson 300 gr.',	'Sin Título 1',	'NO',	'ACTIVE',	'1.13.A.14',	'Canson Cardboard - 300gr.',	'<p>Engraving intervened with watercolors.</p>',	'',	''),
(34,	28,	27,	'2018-01-24 15:09:51',	'<p>Grabado intervenido con acuarelas.</p>',	NULL,	4,	6,	2,	'Cartulina Canson 300 gr.',	'Sin Título 2',	'NO',	'ACTIVE',	'1.13.A.15',	'Canson Cardboard - 300gr.',	'<p>Engraving intervened with watercolors.</p>',	'',	''),
(35,	28,	27,	'2018-01-24 15:11:01',	'<p>Grabado intervenido con acuarelas.</p>',	NULL,	4,	6,	2,	'Cartulina Canson 300 gr.',	'Sin Título 3',	'NO',	'ACTIVE',	'1.13.A.17',	'Canson Cardboard - 300gr.',	'<p>Engraving intervened with watercolors.</p>',	'',	''),
(36,	28,	27,	'2018-01-24 15:12:16',	'<p>Grabado intervenido con acuarelas.</p>',	NULL,	4,	6,	2,	'Cartulina Canson 300 gr.',	'Sin Título 4',	'NO',	'ACTIVE',	'1.13.A.18',	'Canson Cardboard - 300gr.',	'<p>Engraving intervened with watercolors.</p>',	'',	''),
(37,	28,	27,	'2018-01-24 15:13:11',	'<p>Grabado intervenido con acuarelas.</p>',	NULL,	4,	6,	2,	'Cartulina Canson 300 gr.',	'Sin Título 5',	'NO',	'ACTIVE',	'1.13.A.16',	'Canson Cardboard - 200gr. ',	'<p>Engraving intervened with watercolors.</p>',	'',	''),
(38,	19,	5,	'2018-01-24 15:13:29',	'<p>Litograf&iacute;a original firmada.&nbsp;</p>\r\n<p>Prueba de Artista, sin fecha.</p>',	NULL,	10,	6,	7,	' Cartulina Canson 200gr.',	'Sin Título',	'NO',	'ACTIVE',	'1.29.F.34',	'Canson Cardboard - 200gr. ',	'<p>Original, signed lithography.</p>\r\n<p>Artist test print, no date.</p>\r\n<p>&nbsp;</p>',	'',	'Bélgica'),
(39,	19,	5,	'2018-01-24 15:20:50',	'<p>Litograf&iacute;a original firmada.&nbsp;</p>\r\n<p>Prueba de Artista, sin fecha.</p>',	NULL,	10,	6,	7,	'Cartulina Canson 200gr. ',	'Sin Título ',	'NO',	'ACTIVE',	'1.29.F.35',	'Canson Cardboard - 200gr. ',	'<p>Original, signed lithography.</p>\r\n<p>Artist test print, no date.</p>\r\n<p>&nbsp;</p>',	'',	'Bélgica'),
(40,	19,	5,	'2018-01-24 15:24:11',	'<p>Litograf&iacute;a original firmada.&nbsp;</p>\r\n<p>Prueba de Artista, sin fecha.</p>',	NULL,	10,	6,	7,	'Cartulina Canson 200gr. ',	'Sin Título ',	'NO',	'ACTIVE',	'1.29.F.56',	'Canson Cardboard - 200gr. ',	'<p>Original, signed lithography.</p>\r\n<p>Artist test print, no date.</p>\r\n<p>&nbsp;</p>',	'',	'Bélgica'),
(41,	18,	5,	'2018-01-24 15:30:00',	'<p>Dedicatoria en la parte inferior.</p>\r\n<p>Litograf&iacute;a original P/A casa Bramsem 1977</p>',	'1977-01-05',	10,	6,	4,	'Cartulina Canson 200gr. ',	'Sin Título',	'NO',	'ACTIVE',	'1.29.F.55',	'Canson Cardboard - 200gr. ',	'<p>Dedication in the bottom corner.</p>\r\n<p>Original Lithograph (Artist test print) Bramsem house, 1977.</p>',	'',	'Francia'),
(42,	29,	100,	'2018-01-24 17:29:35',	'<p>Juego de T&eacute; Ingl&eacute;s de plata, interior de esta&ntilde;o.&nbsp;</p>\r\n<p>Bandeja de ba&ntilde;o de plata Christoffle, el modelo es el m&aacute;s grande en existencia.</p>\r\n<p>4 piezas y bandeja.</p>',	'1950-01-01',	13,	12,	9,	'',	'Juego de Té Inglés',	'NO',	'ACTIVE',	'3.25.2',	'',	'<p>English Tea Set. Bathed in silver, tin interior.</p>\r\n<p>Christoffle silver bath tray, the model is the largest in existence.</p>\r\n<p>4 pieces and tray.</p>',	'',	'Inglaterra'),
(43,	29,	100,	'2018-01-24 17:36:30',	'<p>Juego de T&eacute; ba&ntilde;o de plata de origen franc&eacute;s.</p>\r\n<p>4 piezas y bandeja.</p>',	'1950-01-01',	13,	12,	9,	'',	'Juego de Té Francés',	'',	'ACTIVE',	'3.25.3',	'',	'<p>Silver bathed tea set of French origin.</p>\r\n<p>4 pieces and tray.</p>',	'',	'Francia'),
(44,	18,	5,	'2018-01-29 19:29:30',	'<p>Tinta sobre papel.&nbsp;</p>\r\n<p>&nbsp;</p>',	'2002-01-01',	1,	11,	7,	'Papel Bond',	'Sin Título ',	'NO',	'ACTIVE',	'1.12.F.44',	'Bond Paper',	'<p>Ink on paper.</p>',	'',	'Ecuador'),
(45,	15,	27,	'2018-01-29 19:34:21',	'<p>Grabado al aguafuerte.</p>\r\n<p>S/f</p>\r\n<p>Prueba de Artista.</p>\r\n<p>Dedicatoria.</p>',	NULL,	4,	6,	2,	'Cartulina Canson 200gr. ',	'Espacio ',	'NO',	'ACTIVE',	'1.13.C.52',	'Canson Cardboard - 200gr. ',	'<p>Engraving by Etching.</p>\r\n<p>Artist Test Print.</p>\r\n<p>Dedication in the bottom.</p>',	'',	'Ecuador'),
(46,	30,	97,	'2018-02-01 18:34:43',	'<p style=\"text-align: justify;\">Esta pieza es elaborada a mano con madera reciclada de la selva amaz&oacute;nica, manejada sosteniblemente. Presenta las caracter&iacute;sticas nobles de los materiales naturales que se utilizan en su elaboraci&oacute;n.</p>',	'2018-01-01',	14,	14,	9,	'',	'Jorga de Mantequilleros',	'YES',	'ACTIVE',	'2.20.215.8',	'',	'<p style=\"text-align: justify;\">This is a handmade piece, made with recycled wood from the Amazon rainforest and managed sustainably. It presents the noble characteristics of the natural materials that are used in its elaboration.</p>',	'',	'Ecuador'),
(47,	30,	97,	'2018-02-06 17:26:38',	'<p style=\"text-align: justify;\">Esta pieza es elaborada a mano con madera reciclada de la selva amaz&oacute;nica, manejada sosteniblemente. Presenta las caracter&iacute;sticas nobles de los materiales naturales que se utilizan en su elaboraci&oacute;n.</p>',	'2018-02-01',	14,	14,	9,	'',	'Quesero Corto',	'YES',	'ACTIVE',	'2.20.215.9',	'',	'<p style=\"text-align: justify;\">This is a handmade piece, made with recycled wood from the Amazon rainforest and managed sustainably. It presents the noble characteristics of the natural materials that are used in its elaboration.</p>',	'',	'Ecuador'),
(48,	30,	97,	'2018-02-06 17:32:28',	'<p style=\"text-align: justify;\">Esta pieza es elaborada a mano con madera reciclada de la selva amaz&oacute;nica, manejada sosteniblemente. Presenta las caracter&iacute;sticas nobles de los materiales naturales que se utilizan en su elaboraci&oacute;n.</p>',	'2018-02-01',	14,	14,	9,	'',	'Ulito para picar',	'YES',	'ACTIVE',	'2.20.215.7',	'',	'<p style=\"text-align: justify;\">This is a handmade piece, made with recycled wood from the Amazon rainforest and managed sustainably. It presents the noble characteristics of the natural materials that are used in its elaboration.</p>',	'',	'Ecuador'),
(49,	30,	97,	'2018-02-06 17:36:20',	'<p style=\"text-align: justify;\">Esta pieza es elaborada a mano con madera reciclada de la selva amaz&oacute;nica, manejada sosteniblemente. Presenta las caracter&iacute;sticas nobles de los materiales naturales que se utilizan en su elaboraci&oacute;n.</p>',	'2018-02-01',	14,	14,	9,	'',	'Ulu Originario Ártico',	'YES',	'ACTIVE',	'2.20.215.6',	'',	'<p style=\"text-align: justify;\">This is a handmade piece, made with recycled wood from the Amazon rainforest and managed sustainably. It presents the noble characteristics of the natural materials that are used in its elaboration.</p>',	'',	'Ecuador'),
(50,	29,	100,	'2018-02-06 17:49:31',	'<p>Cuberter&iacute;a de plata 925, proveniente de Per&uacute;. Contiene 232 piezas: 18 puestos, 12 piezas por puesto y 16 piezas de servicio. Marca Bollar.</p>',	'1960-02-01',	14,	13,	9,	'',	'Cubiertos de plata ',	'',	'ACTIVE',	'3.25.4',	'',	'<p>925 Silver cutlery, made in Peru. It contains 232 pieces: 18 seats, 12 pieces per seat and 16 pieces for service. Bollar brand.</p>',	'',	'Perú'),
(51,	29,	100,	'2018-02-06 17:58:55',	'<p>Sopera de plata boliviana 925 tallada. Interior de esta&ntilde;o, con tapa, cuchar&oacute;n y bandeja.</p>',	'1960-01-01',	13,	13,	9,	'',	'Sopera de plata',	'',	'ACTIVE',	'3.25.6',	'',	'<p>Bolivian soup bowl carved in 925 silver. Tin interior, with lid, ladle and tray.</p>',	'',	'Bolivia'),
(52,	29,	109,	'2018-02-06 18:12:48',	'<p>Daga tallada de plata peruna 925.</p>',	'1950-01-01',	14,	13,	9,	'',	'Daga de plata tallada',	'',	'ACTIVE',	'3.24.16',	'',	'<p>Dagger carved in 925 silver, made in Per&uacute;.</p>',	'',	'Perú'),
(53,	29,	109,	'2018-02-06 18:17:02',	'<p>Fuente de plata boliviana. 1005gr de plata pura.</p>',	'1950-01-01',	13,	13,	9,	'',	'Fuente de plata boliviana',	'',	'ACTIVE',	'3.24.10',	'',	'<p>Bolivian silver fountain. 1005gr of pure silver.</p>',	'',	'Bolivia'),
(54,	29,	109,	'2018-02-07 16:36:41',	'<p>Firma Andr&eacute;s Saavedra sello seco. 935gr de plata pura.</p>',	'1950-01-01',	13,	13,	9,	'',	'Fuente de plata boliviana 2',	'',	'ACTIVE',	'3.24.8',	'',	'<p>Andr&eacute;s Saavedra firm, dry seal. 935gr of pure silver.</p>',	'',	''),
(55,	29,	109,	'2018-02-07 16:41:20',	'<p>Fuente de plata boliviana con manijas. 1420gr de plata pura.&nbsp;</p>',	'1950-01-01',	13,	13,	9,	'',	'Fuente de plata boliviana 3',	'',	'ACTIVE',	'3.24.9',	'',	'<p>Bolivian silver fountain with handles. 1420gr of pure silver.</p>',	'',	''),
(56,	30,	97,	'2018-02-07 19:13:02',	'<p style=\"text-align: justify;\">Esta pieza es elaborada a mano con madera reciclada de la selva amaz&oacute;nica, manejada sosteniblemente. Presenta las caracter&iacute;sticas nobles de los materiales naturales que se utilizan en su elaboraci&oacute;n.</p>',	'2018-02-01',	14,	14,	9,	'',	'Quesero Largo',	'YES',	'ACTIVE',	'2.20.215.4',	'',	'<p style=\"text-align: justify;\">This is a handmade piece, made with recycled wood from the Amazon rainforest and managed sustainably. It presents the noble characteristics of the natural materials that are used in its elaboration.</p>',	'',	'Ecuador'),
(57,	30,	97,	'2018-02-07 19:15:38',	'<p style=\"text-align: justify;\">Esta pieza es elaborada a mano con madera reciclada de la selva amaz&oacute;nica, manejada sosteniblemente. Presenta las caracter&iacute;sticas nobles de los materiales naturales que se utilizan en su elaboraci&oacute;n.</p>',	'2018-02-01',	14,	14,	9,	'',	'Ulu Circular',	'YES',	'ACTIVE',	'2.20.215.5',	'',	'<p>This is a handmade piece, made with recycled wood from the Amazon rainforest and managed sustainably. It presents the noble characteristics of the natural materials that are used in its elaboration.</p>',	'',	'Ecuador'),
(58,	30,	97,	'2018-02-07 19:19:05',	'<p style=\"text-align: justify;\">Esta pieza es elaborada a mano con madera reciclada de la selva amaz&oacute;nica, manejada sosteniblemente. Presenta las caracter&iacute;sticas nobles de los materiales naturales que se utilizan en su elaboraci&oacute;n.</p>',	'2018-02-01',	14,	14,	9,	'',	'Viajero Largo ',	'',	'ACTIVE',	'2.20.215.3',	'',	'<p style=\"text-align: justify;\">This is a handmade piece, made with recycled wood from the Amazon rainforest and managed sustainably. It presents the noble characteristics of the natural materials that are used in its elaboration.</p>',	'',	'Ecuador'),
(59,	30,	97,	'2018-02-07 19:22:06',	'<p><span style=\"font-weight: 400;\">Esta pieza es elaborada a mano con madera reciclada de la selva amaz&oacute;nica, manejada sosteniblemente. Presenta las caracter&iacute;sticas nobles de los materiales naturales que se utilizan en su elaboraci&oacute;n.</span></p>',	'2018-02-01',	14,	14,	9,	'',	'Viajero Corto',	'',	'ACTIVE',	'2.20.215.2',	'',	'<p>This is a handmade piece, made with recycled wood from the Amazon rainforest and managed sustainably. It presents the noble characteristics of the natural materials that are used in its elaboration.</p>',	'',	'Ecuador'),
(60,	30,	97,	'2018-02-07 19:24:43',	'<p style=\"text-align: justify;\"><span style=\"font-weight: 400;\">Esta pieza es elaborada a mano. Si deseas ordenar un set, puede tener variaciones del color o diferencias leves. Estas son inherentes y deben ser vistas como parte de su belleza y encanto.</span></p>',	'2018-02-01',	14,	14,	9,	'',	'Set de 5 Cuchillos para Carne',	'',	'ACTIVE',	'2.20.215.1',	'',	'<p style=\"text-align: justify;\">This ia a handmade piece. If you want to order a set, it may have color variations or slight differences. These are inherent and should be seen as part of their natural beauty and charm.</p>',	'',	'Ecuador'),
(62,	29,	109,	'2018-02-19 12:24:20',	'<p>Balde de plata 925, origen Per&uacute;. 1 kilo de plata pura.</p>',	'1960-01-01',	13,	13,	9,	'',	'Balde de Plata ',	'',	'ACTIVE',	'3.24.13',	'',	'<p>925 Silver Bucket, made in Per&uacute;. 1Kg of pure silver.&nbsp;</p>',	'',	'Perú'),
(63,	29,	109,	'2018-02-19 12:29:02',	'<p>2 candelabros de plata 925, origen Per&uacute;.</p>',	'1960-01-01',	13,	13,	9,	'',	'Candelabros de Plata',	'',	'ACTIVE',	'3.24.5',	'',	'<p>925 Silver chandeliers, made in Peru.</p>',	'',	'Perú'),
(64,	29,	100,	'2018-02-19 12:37:32',	'<p>Calentador de platos ba&ntilde;ado en plata. Reversible. Marca Christoffle, origen Francia.</p>',	'1960-02-01',	13,	12,	9,	'',	'Calentador de platos ',	'',	'ACTIVE',	'3.25.11',	'',	'<p>Plate heater, bathed in silver. Reversible. By Christoffle brand, from France.</p>',	'',	'Francia'),
(65,	29,	100,	'2018-02-19 12:46:31',	'<p>Plato t&eacute;rmico para mantener alimentos calientes. Se rellena con agua hirviendo en el compartimiento inferior.&nbsp;</p>',	'1960-02-01',	13,	12,	9,	'',	'Plato Térmico',	'',	'ACTIVE',	'3.25.12',	'',	'<p>Thermal plate to keep food hot. It has to be filled with boiling water in the lower compartment.</p>',	'',	''),
(66,	29,	109,	'2018-02-19 15:48:40',	'<p>Chimenea de hierro forjado pintada con esmaltes de alta temperatura. En la parte superior tiene una tapa que al levantarse revela una plancha met&aacute;lica que puede servir para calentar ollas. Tiene conexi&oacute;n para tubo de salida de humo.</p>',	'1945-06-01',	13,	18,	9,	'',	'Chimenea de Leña',	'',	'ACTIVE',	'3.600.1',	'',	'<p>Forged iron chimney, painted with high temperature enamels. It has a lid, which when lifted reveals a metal plate that can be used to heat pots. It has a connection for smoke outlet pipe in the back.</p>',	'',	'Francia'),
(67,	29,	109,	'2018-02-19 15:54:50',	'<p>Chimenea alta de hierro forjada con un fino trabajo a mano de pintura en esmalte de alta temperatura. Posee 2 compartimentos en los que se ingresa la le&ntilde;a para quemar. Tiene salida para tubo de humo en la parte posterior.&nbsp;</p>',	'1965-06-01',	13,	18,	9,	'',	'Chimenea alta de Leña ',	'',	'ACTIVE',	'3.600.19',	'',	'<p>Tall chimney made of forged iron hand painted with high temperature enamels. It has 2 compartments in which the wood is burned. It has an outlet for a smoke tube in the back.</p>',	'',	'Francia'),
(68,	29,	109,	'2018-02-19 16:09:07',	'<p>Plato de cer&aacute;mica de gres, origen Francia.</p>',	'1989-02-01',	13,	19,	9,	'',	'Plato de Gres',	'',	'ACTIVE',	'3.24.21',	'',	'<p>Stoneware plate. Decorative.</p>',	'',	'Francia'),
(69,	29,	109,	'2018-02-19 16:38:35',	'<p>Frasco de gres blanco para almacenamiento de l&iacute;quidos. Tapa de corcho.&nbsp;</p>',	'1980-02-01',	9,	19,	9,	'',	'Frasco de Gres Blanco',	'',	'ACTIVE',	'3.24.24',	'',	'<p>Stoneware jar with a cork cap. For liquids.</p>',	'',	''),
(70,	29,	109,	'2018-02-19 16:46:18',	'<p>Frasco de gres negro para almacenamiento de l&iacute;quidos. Tapa de corcho.&nbsp;</p>',	'1980-02-01',	9,	19,	9,	'',	'Frasco de Gres Negro',	'',	'ACTIVE',	'3.24.25',	'',	'<p>Stoneware jar with a cork cap. For liquids.</p>',	'',	'Francia'),
(71,	29,	100,	'2018-02-19 16:59:18',	'<p>Base de porcelana pintada a mano para apoyar platos calientes.&nbsp;</p>',	'1940-02-01',	13,	20,	9,	'',	'Base de Porcelana',	'',	'ACTIVE',	'3.2.20',	'',	'<p>Porcelain, hand painted base for hot dishes.&nbsp;</p>',	'',	'Luxemburgo'),
(72,	29,	109,	'2018-02-19 17:06:13',	'<p>Cristo colonial quite&ntilde;o, tallado a mano en 1800. Los brazos son articulados.&nbsp;</p>',	'1800-02-01',	14,	21,	9,	'',	'Cristo de Madera',	'',	'ACTIVE',	'3.24.17',	'',	'<p>Colonial woodcarve from Quito, Ecuador. Made in 1800. The arms are articulated.</p>',	'',	'Ecuador'),
(73,	35,	40,	'2018-03-14 16:32:13',	'<p><span style=\"font-weight: 400;\">Esta pieza es &uacute;nica y est&aacute; elaborada a mano. Presenta las características nobles de los materiales que se utilizan en su elaboraci&oacute;n y deben ser vistas como parte de su belleza natural y encanto. </span></p>',	'2018-03-01',	9,	1,	9,	'',	'Colibrí Mirabilis Spatuletail',	'',	'ACTIVE',	'2.19.110.18',	'',	'<p><span style=\"font-weight: 400;\">This piece is unique and handmade. It presents the noble characteristics of the materials that are used in its elaboration and should be seen as part of its natural beauty and charm.</span></p>',	'',	'Ecuador'),
(74,	35,	40,	'2018-03-14 17:02:25',	'<p><span style=\"font-weight: 400;\">Esta pieza es &uacute;nica y est&aacute; elaborada a mano. Presenta las características nobles de los materiales que se utilizan en su elaboraci&oacute;n y deben ser vistas como parte de su belleza natural y encanto. </span></p>',	'2018-03-01',	9,	1,	9,	'',	'Petirrojos',	'',	'ACTIVE',	'2.19.110.23',	'',	'<p><span style=\"font-weight: 400;\">This piece is unique and handmade. It presents the noble characteristics of the materials that are used in its elaboration and should be seen as part of its natural beauty and charm.</span></p>',	'',	'Ecudor'),
(76,	35,	40,	'2018-03-15 12:17:50',	'<p><span style=\"font-weight: 400;\">Esta pieza es &uacute;nica y est&aacute; elaborada a mano. Presenta las características nobles de los materiales que se utilizan en su elaboraci&oacute;n y deben ser vistas como parte de su belleza natural y encanto. </span></p>',	'2018-03-01',	9,	22,	9,	'',	'Colibrí Rufo',	'',	'ACTIVE',	'2.19.110.22',	'',	'<p><span style=\"font-weight: 400;\">This piece is unique and handmade. It presents the noble characteristics of the materials that are used in its elaboration and should be seen as part of its natural beauty and charm.</span></p>',	'',	'Ecuador'),
(77,	35,	40,	'2018-03-15 12:34:00',	'<p><span style=\"font-weight: 400;\">Esta pieza es &uacute;nica y est&aacute; elaborada a mano. Presenta las características nobles de los materiales que se utilizan en su elaboraci&oacute;n y deben ser vistas como parte de su belleza natural y encanto. </span></p>',	'2018-03-01',	9,	22,	9,	'',	'Colibrí Estrellita del Ecuador',	'',	'ACTIVE',	'2.19.110.19',	'',	'<p><span style=\"font-weight: 400;\">This piece is unique and handmade. It presents the noble characteristics of the materials that are used in its elaboration and should be seen as part of its natural beauty and charm.</span></p>',	'',	'Ecuador'),
(78,	35,	110,	'2018-03-15 12:57:54',	'<p><span style=\"font-weight: 400;\">Esta pieza es &uacute;nica y est&aacute; elaborada a mano. Presenta las características nobles de los materiales que se utilizan en su elaboraci&oacute;n y deben ser vistas como parte de su belleza natural y encanto. </span></p>',	'2018-03-02',	9,	22,	9,	'',	'Móvil 1 colibrí',	'',	'ACTIVE',	'2.19.112.20',	'',	'<p><span style=\"font-weight: 400;\">This piece is unique and handmade. It presents the noble characteristics of the materials that are used in its elaboration and should be seen as part of its natural beauty and charm.</span></p>',	'',	'Ecuador'),
(80,	35,	40,	'2018-03-15 16:31:57',	'<p><span style=\"font-weight: 400;\">Esta pieza es &uacute;nica y est&aacute; elaborada a mano. Presenta las características nobles de los materiales que se utilizan en su elaboraci&oacute;n y deben ser vistas como parte de su belleza natural y encanto. </span></p>',	'2018-03-01',	9,	1,	9,	'',	'Colibrí Pico Espada',	'',	'ACTIVE',	'2.19.110.16',	'',	'<p><span style=\"font-weight: 400;\">This piece is unique and handmade. It presents the noble characteristics of the materials that are used in its elaboration and should be seen as part of its natural beauty and charm.</span></p>',	'',	'Ecuador'),
(81,	35,	40,	'2018-03-15 16:39:50',	'<p><span style=\"font-weight: 400;\">Esta pieza es &uacute;nica y est&aacute; elaborada a mano. Presenta las características nobles de los materiales que se utilizan en su elaboraci&oacute;n y deben ser vistas como parte de su belleza natural y encanto. </span></p>\n',	'2018-03-01',	9,	1,	9,	'',	'Colibrí Nido',	'',	'ACTIVE',	'2.19.110.15',	'',	'<p><span style=\"font-weight: 400;\">This piece is unique and handmade. It presents the noble characteristics of the materials that are used in its elaboration and should be seen as part of its natural beauty and charm.</span></p>',	'',	'Ecuador'),
(82,	35,	40,	'2018-03-15 16:53:25',	'<p><span style=\"font-weight: 400;\">Esta pieza es &uacute;nica y est&aacute; elaborada a mano. Presenta las características nobles de los materiales que se utilizan en su elaboraci&oacute;n y deben ser vistas como parte de su belleza natural y encanto. </span></p>',	'2018-03-01',	9,	1,	9,	'',	'Colibrí Cola Larga',	'',	'ACTIVE',	'2.19.110.14',	'',	'<p>This piece is unique and handmade. It presents the noble characteristics of the materials that are used in its elaboration and should be seen as part of its natural beauty and charm.</p>',	'',	'Ecuador'),
(83,	35,	110,	'2018-03-15 17:27:38',	'<p><span style=\"font-weight: 400;\">Esta pieza es &uacute;nica y est&aacute; elaborada a mano. Presenta las características nobles de los materiales que se utilizan en su elaboraci&oacute;n y deben ser vistas como parte de su belleza natural y encanto. </span></p>',	'2018-03-01',	9,	22,	9,	'',	'Móvil 3 Colibries ',	'',	'ACTIVE',	'2.19.112.21',	'',	'<p><span style=\"font-weight: 400;\">This piece is unique and handmade. It presents the noble characteristics of the materials that are used in its elaboration and should be seen as part of its natural beauty and charm.</span></p>',	'',	'Ecuador'),
(84,	33,	110,	'2018-03-16 16:31:13',	'<p><span style=\"font-weight: 400;\">Esta pieza es elaborada a mano, si deseas ordenar una reproducci&oacute;n puede tener variaciones del color o diferencia leves, estas son inherentes y deben ser vistas como parte de su belleza natural y encanto.</span></p>',	'2018-03-01',	15,	4,	9,	'',	'Piquero',	'',	'ACTIVE',	'2.19.112.37',	'',	'<p><span style=\"font-weight: 400;\">This piece is handmade. If you want to order a reproduction, it may have slight color variations or differences; these are inherent and should be seen as part of its natural beauty and charm.</span></p>',	'',	'Ecuador'),
(85,	33,	110,	'2018-03-16 16:46:59',	'<p><span style=\"font-weight: 400;\">Esta pieza es elaborada a mano, si deseas ordenar una reproducci&oacute;n puede tener variaciones del color o diferencia leves, estas son inherentes y deben ser vistas como parte de su belleza natural y encanto. </span></p>',	'2018-03-01',	15,	4,	9,	'',	'Picaflor ',	'',	'ACTIVE',	'2.19.112.38',	'',	'<p><span style=\"font-weight: 400;\">This piece is handmade. If you want to order a reproduction, it may have slight color variations or differences; these are inherent and should be seen as part of its natural beauty and charm.</span></p>',	'',	'Ecuador'),
(86,	33,	110,	'2018-03-16 16:54:10',	'<p><span style=\"font-weight: 400;\">Esta pieza es elaborada a mano, si deseas ordenar una reproducci&oacute;n puede tener variaciones del color o diferencia leves, estas son inherentes y deben ser vistas como parte de su belleza natural y encanto. </span></p>',	'2018-03-01',	15,	4,	9,	'',	'Jacobino ',	'',	'ACTIVE',	'2.19.112.39',	'',	'<p><span style=\"font-weight: 400;\">This piece is handmade. If you want to order a reproduction, it may have slight color variations or differences; these are inherent and should be seen as part of its natural beauty and charm.</span></p>',	'',	'Ecaudor'),
(87,	33,	110,	'2018-03-16 17:06:38',	'<p><span style=\"font-weight: 400;\">Esta pieza es elaborada a mano, si deseas ordenar una reproducci&oacute;n puede tener variaciones del color o diferencia leves, estas son inherentes y deben ser vistas como parte de su belleza natural y encanto. </span></p>',	'2018-03-01',	15,	4,	9,	'',	'Barrigón',	'',	'ACTIVE',	'2.19.112.40',	'',	'<p><span style=\"font-weight: 400;\">This piece is handmade. If you want to order a reproduction, it may have slight color variations or differences; these are inherent and should be seen as part of its natural beauty and charm.</span></p>',	'',	'Ecuador'),
(88,	33,	110,	'2018-03-16 17:16:53',	'<p><span style=\"font-weight: 400;\">Esta pieza es elaborada a mano, si deseas ordenar una reproducci&oacute;n puede tener variaciones del color o diferencia leves, estas son inherentes y deben ser vistas como parte de su belleza natural y encanto. </span></p>',	'2018-03-01',	15,	4,	9,	'',	'Quinde 3D',	'',	'ACTIVE',	'2.19.112.41',	'',	'<p><span style=\"font-weight: 400;\">This piece is handmade. If you want to order a reproduction, it may have slight color variations or differences; these are inherent and should be seen as part of its natural beauty and charm.</span></p>',	'',	'Ecuador'),
(89,	33,	110,	'2018-03-16 17:25:14',	'<p><span style=\"font-weight: 400;\">Esta pieza es elaborada a mano, si deseas ordenar una reproducci&oacute;n puede tener variaciones del color o diferencia leves, estas son inherentes y deben ser vistas como parte de su belleza natural y encanto. </span></p>',	'2018-03-01',	15,	4,	9,	'',	'Sylvia',	'',	'ACTIVE',	'2.19.112.42',	'',	'<p><span style=\"font-weight: 400;\">This piece is handmade. If you want to order a reproduction, it may have slight color variations or differences; these are inherent and should be seen as part of its natural beauty and charm.</span></p>',	'',	'Ecuador'),
(90,	32,	111,	'2018-03-16 18:27:28',	'<p><span style=\"font-weight: 400;\">Esta pieza es elaborada a mano, si deseas ordenar una reproducci&oacute;n puede tener variaciones del color o diferencia leves, estas son inherentes y deben ser vistas como parte de su belleza natural y encanto. </span></p>',	'2018-03-01',	9,	5,	9,	'',	'Tetera Tortuga Galápagos 1',	'',	'ACTIVE',	'2.19.110.24',	'',	'<p><span style=\"font-weight: 400;\">This piece is handmade. If you want to order a reproduction, it may have slight color variations or differences; these are inherent and should be seen as part of its natural beauty and charm.</span></p>',	'',	'Ecuador'),
(91,	32,	111,	'2018-03-16 18:38:10',	'<p><span style=\"font-weight: 400;\">Esta pieza es elaborada a mano, si deseas ordenar una reproducci&oacute;n puede tener variaciones del color o diferencia leves, estas son inherentes y deben ser vistas como parte de su belleza natural y encanto. </span></p>',	'2018-03-01',	9,	5,	9,	'',	'Tetera Tortuga Galápagos 2',	'',	'ACTIVE',	'2.19.110.61',	'',	'<p><span style=\"font-weight: 400;\">This piece is handmade. If you want to order a reproduction, it may have slight color variations or differences; these are inherent and should be seen as part of its natural beauty and charm.</span></p>',	'',	'Ecuador'),
(92,	32,	111,	'2018-03-16 18:47:53',	'<p><span style=\"font-weight: 400;\">Esta pieza es elaborada a mano, si deseas ordenar una reproducci&oacute;n puede tener variaciones del color o diferencia leves, estas son inherentes y deben ser vistas como parte de su belleza natural y encanto. </span></p>',	'2018-03-01',	9,	5,	9,	'',	'Jarra Iguana Galápagos 1',	'',	'ACTIVE',	'2.19.110.25',	'',	'<p><span style=\"font-weight: 400;\">This piece is handmade. If you want to order a reproduction, it may have slight color variations or differences; these are inherent and should be seen as part of its natural beauty and charm.</span></p>',	'',	'Ecuador'),
(93,	32,	111,	'2018-03-16 18:57:29',	'<p><span style=\"font-weight: 400;\">Esta pieza es elaborada a mano, si deseas ordenar una reproducci&oacute;n puede tener variaciones del color o diferencia leves, estas son inherentes y deben ser vistas como parte de su belleza natural y encanto. </span></p>',	'2018-03-01',	9,	5,	9,	'',	'Jarra Iguana Galápagos 2',	'',	'ACTIVE',	'2.19.110.62',	'',	'<p><span style=\"font-weight: 400;\">This piece is handmade. If you want to order a reproduction, it may have slight color variations or differences; these are inherent and should be seen as part of its natural beauty and charm.</span></p>',	'',	'Ecuador'),
(94,	32,	40,	'2018-03-16 19:06:20',	'<p><span style=\"font-weight: 400;\">Esta pieza es elaborada a mano, si deseas ordenar una reproducci&oacute;n puede tener variaciones del color o diferencia leves, estas son inherentes y deben ser vistas como parte de su belleza natural y encanto. </span></p>',	'2018-03-01',	9,	5,	9,	'',	'Macetero Lobo Marino Galápagos ',	'',	'ACTIVE',	'2.19.110.27',	'',	'<p><span style=\"font-weight: 400;\">This piece is handmade. If you want to order a reproduction, it may have slight color variations or differences; these are inherent and should be seen as part of its natural beauty and charm.</span></p>',	'',	'Ecuador '),
(95,	32,	40,	'2018-03-16 19:13:51',	'<p><span style=\"font-weight: 400;\">Esta pieza es elaborada a mano, si deseas ordenar una reproducci&oacute;n puede tener variaciones del color o diferencia leves, estas son inherentes y deben ser vistas como parte de su belleza natural y encanto. </span></p>',	'2018-03-01',	9,	5,	9,	'',	'Iguana Galápagos',	'',	'ACTIVE',	'2.19.110.28',	'',	'<p><span style=\"font-weight: 400;\">This piece is handmade. If you want to order a reproduction, it may have slight color variations or differences; these are inherent and should be seen as part of its natural beauty and charm.</span></p>',	'',	'Ecuador '),
(96,	32,	40,	'2018-03-16 19:20:38',	'<p><span style=\"font-weight: 400;\">Esta pieza es elaborada a mano, si deseas ordenar una reproducci&oacute;n puede tener variaciones del color o diferencia leves, estas son inherentes y deben ser vistas como parte de su belleza natural y encanto. </span></p>',	'2018-03-01',	9,	5,	9,	'',	'Tortuga Marina Galápagos ',	'',	'ACTIVE',	'2.19.110.29',	'',	'<p><span style=\"font-weight: 400;\">This piece is handmade. If you want to order a reproduction, it may have slight color variations or differences; these are inherent and should be seen as part of its natural beauty and charm.</span></p>',	'Azul-Coral',	'Ecuador '),
(98,	32,	40,	'2018-03-20 11:05:10',	'<p><span style=\"font-weight: 400;\">Esta pieza es elaborada a mano, si deseas ordenar una reproducci&oacute;n puede tener variaciones del color o diferencia leves, estas son inherentes y deben ser vistas como parte de su belleza natural y encanto. </span></p>',	'2018-03-01',	9,	5,	9,	'',	'Tortuga Marina Galápagos 2',	'',	'ACTIVE',	'2.19.110.60',	'',	'<p>This piece is handmade. If you want to order a reproduction, it may have slight color variations or differences; these are inherent and should be seen as part of its natural beauty and charm.</p>',	'Azul',	'Ecuador'),
(99,	32,	40,	'2018-03-21 14:54:07',	'<p><span style=\"font-weight: 400;\">Esta pieza es elaborada a mano, si deseas ordenar una reproducci&oacute;n puede tener variaciones del color o diferencia leves, estas son inherentes y deben ser vistas como parte de su belleza natural y encanto. </span></p>',	'2018-03-01',	9,	5,	9,	'',	'Tortuga Terrestre Galápagos ',	'',	'ACTIVE',	'2.19.110.30',	'',	'<p><span style=\"font-weight: 400;\">This piece is handmade. If you want to order a reproduction, it may have slight color variations or differences; these are inherent and should be seen as part of its natural beauty and charm.</span></p>',	'',	'Ecuador '),
(100,	32,	40,	'2018-03-29 16:37:44',	'<p><span style=\"font-weight: 400;\">Esta pieza es elaborada a mano, si deseas ordenar una reproducci&oacute;n puede tener variaciones del color o diferencia leves, estas son inherentes y deben ser vistas como parte de su belleza natural y encanto. </span></p>',	'2018-03-03',	9,	5,	9,	'',	'Tortuga Marina Galápagos 3',	'',	'ACTIVE',	'2.19.110.63',	'',	'<p><span style=\"font-weight: 400;\">This piece is handmade. If you want to order a reproduction, it may have slight color variations or differences; these are inherent and should be seen as part of its natural beauty and charm.</span></p>',	'Rojo-Terracota',	'Ecuador');

DROP TABLE IF EXISTS `product_has_mesure_type`;
CREATE TABLE `product_has_mesure_type` (
  `id` int(11) NOT NULL AUTO_INCREMENT,
  `product_id` int(11) NOT NULL,
  `mesure_id` int(11) NOT NULL,
  `price` double NOT NULL,
  `type_id` int(11) NOT NULL,
  `creation_date` datetime NOT NULL,
  `size` enum('S','M','L') DEFAULT NULL,
  `stock` int(11) DEFAULT '1',
  `discount` int(11) DEFAULT NULL,
  `weight` double(3,1) DEFAULT NULL,
  PRIMARY KEY (`id`),
  KEY `fk_product_has_mesure_mesure1_idx` (`mesure_id`),
  KEY `fk_product_has_mesure_product1_idx` (`product_id`),
  KEY `fk_product_has_mesure_type1_idx` (`type_id`),
  CONSTRAINT `fk_product_has_mesure_mesure1` FOREIGN KEY (`mesure_id`) REFERENCES `mesure` (`id`) ON DELETE NO ACTION ON UPDATE NO ACTION,
  CONSTRAINT `fk_product_has_mesure_product1` FOREIGN KEY (`product_id`) REFERENCES `product` (`id`) ON DELETE NO ACTION ON UPDATE NO ACTION,
  CONSTRAINT `fk_product_has_mesure_type1` FOREIGN KEY (`type_id`) REFERENCES `type` (`id`) ON DELETE NO ACTION ON UPDATE NO ACTION
) ENGINE=InnoDB DEFAULT CHARSET=utf8;

INSERT INTO `product_has_mesure_type` (`id`, `product_id`, `mesure_id`, `price`, `type_id`, `creation_date`, `size`, `stock`, `discount`, `weight`) VALUES
(1,	1,	1,	1500,	1,	'2018-01-23 22:14:47',	'M',	1,	NULL,	1.0),
(2,	2,	2,	1200,	1,	'2018-01-23 22:31:40',	NULL,	1,	NULL,	1.0),
(3,	3,	3,	1500,	1,	'2018-01-23 22:35:13',	NULL,	1,	NULL,	1.0),
(5,	5,	36,	4500,	1,	'2018-01-23 22:39:13',	'M',	1,	NULL,	1.0),
(6,	7,	6,	3000,	1,	'2018-01-23 22:42:31',	NULL,	1,	NULL,	1.0),
(8,	8,	5,	3500,	1,	'2018-01-23 22:48:15',	NULL,	1,	NULL,	1.0),
(9,	11,	9,	1500,	1,	'2018-01-23 22:49:54',	NULL,	1,	NULL,	1.0),
(10,	10,	8,	10000,	1,	'2018-01-23 22:51:33',	NULL,	1,	NULL,	1.0),
(11,	9,	7,	1200,	1,	'2018-01-23 22:52:52',	NULL,	1,	NULL,	1.0),
(12,	6,	10,	12000,	1,	'2018-01-23 22:54:30',	NULL,	1,	NULL,	1.0),
(13,	4,	4,	6000,	1,	'2018-01-23 22:56:07',	NULL,	1,	NULL,	1.0),
(14,	12,	12,	1600,	1,	'2018-01-24 13:28:13',	'M',	1,	NULL,	10.0),
(15,	14,	13,	400,	1,	'2018-01-24 13:42:02',	'S',	1,	NULL,	10.0),
(16,	15,	14,	2100,	1,	'2018-01-24 13:50:01',	'M',	1,	NULL,	10.0),
(17,	16,	15,	1800,	1,	'2018-01-24 14:02:16',	'M',	1,	NULL,	10.0),
(19,	19,	17,	1500,	1,	'2018-01-24 14:10:49',	'M',	1,	NULL,	10.0),
(20,	21,	19,	1500,	1,	'2018-01-24 14:19:08',	'M',	1,	NULL,	10.0),
(21,	32,	20,	1500,	1,	'2018-01-24 15:06:38',	'M',	1,	NULL,	10.0),
(22,	38,	19,	1500,	1,	'2018-01-24 15:15:30',	'M',	1,	NULL,	10.0),
(24,	17,	18,	2400,	1,	'2018-01-24 15:17:22',	NULL,	1,	NULL,	1.0),
(25,	39,	19,	1500,	1,	'2018-01-24 15:21:33',	'M',	1,	NULL,	10.0),
(26,	25,	23,	1800,	1,	'2018-01-24 15:30:02',	NULL,	1,	NULL,	1.0),
(27,	40,	21,	1500,	1,	'2018-01-24 15:33:29',	'M',	1,	NULL,	10.0),
(29,	18,	24,	1500,	1,	'2018-01-24 15:39:31',	NULL,	1,	NULL,	1.0),
(30,	20,	35,	1800,	1,	'2018-01-24 15:44:19',	'L',	1,	NULL,	1.0),
(31,	22,	25,	1500,	1,	'2018-01-24 15:45:31',	NULL,	1,	NULL,	1.0),
(32,	27,	39,	900,	1,	'2018-01-24 15:48:16',	'L',	1,	NULL,	1.0),
(33,	31,	22,	1500,	1,	'2018-01-24 15:49:53',	NULL,	1,	NULL,	1.0),
(34,	33,	26,	1000,	1,	'2018-01-24 15:54:20',	NULL,	1,	NULL,	1.0),
(35,	34,	27,	1000,	1,	'2018-01-24 15:55:09',	NULL,	1,	NULL,	1.0),
(36,	35,	28,	900,	1,	'2018-01-24 15:56:03',	NULL,	1,	NULL,	1.0),
(37,	36,	27,	1000,	1,	'2018-01-24 15:56:52',	NULL,	1,	NULL,	1.0),
(38,	37,	29,	3000,	1,	'2018-01-24 15:58:27',	NULL,	1,	NULL,	1.0),
(39,	13,	16,	900,	1,	'2018-01-24 16:01:05',	NULL,	1,	NULL,	1.0),
(40,	28,	30,	4500,	1,	'2018-01-24 16:03:42',	NULL,	1,	NULL,	1.0),
(41,	29,	30,	4500,	1,	'2018-01-24 16:04:06',	NULL,	1,	NULL,	1.0),
(42,	23,	31,	2500,	1,	'2018-01-24 16:12:15',	NULL,	1,	NULL,	1.0),
(43,	24,	31,	2500,	1,	'2018-01-24 16:12:39',	NULL,	1,	NULL,	1.0),
(44,	43,	34,	600,	1,	'2018-01-29 18:28:54',	'M',	1,	NULL,	1.0),
(45,	42,	34,	2500,	1,	'2018-01-29 18:29:38',	'L',	1,	NULL,	1.0),
(46,	41,	37,	1000,	1,	'2018-01-30 14:05:52',	'M',	1,	NULL,	1.0),
(47,	45,	38,	900,	1,	'2018-01-30 14:09:53',	'L',	1,	NULL,	1.0),
(48,	26,	41,	1500,	1,	'2018-01-30 14:12:09',	'S',	1,	NULL,	1.0),
(49,	30,	42,	1500,	1,	'2018-01-30 14:12:49',	'S',	1,	NULL,	1.0),
(50,	44,	44,	4500,	1,	'2018-01-30 14:16:33',	'M',	1,	NULL,	1.0),
(51,	50,	34,	12500,	8,	'2018-02-07 14:17:22',	'M',	1,	NULL,	1.0),
(52,	52,	45,	100,	8,	'2018-02-07 14:25:24',	'S',	1,	NULL,	1.0),
(53,	51,	46,	600,	8,	'2018-02-07 14:35:27',	'M',	1,	NULL,	1.0),
(54,	53,	48,	1000,	8,	'2018-02-07 14:47:18',	'M',	1,	NULL,	1.4),
(55,	54,	48,	900,	8,	'2018-02-07 16:49:24',	'M',	1,	NULL,	1.0),
(56,	55,	47,	1200,	8,	'2018-02-07 16:50:15',	'M',	1,	NULL,	1.4),
(57,	46,	78,	116.06,	10,	'2018-02-07 19:29:21',	'S',	1,	NULL,	1.0),
(58,	47,	77,	103.56,	10,	'2018-02-07 19:30:29',	'S',	1,	NULL,	1.0),
(59,	56,	82,	80.35,	10,	'2018-02-07 19:31:12',	'S',	1,	NULL,	1.0),
(60,	60,	85,	258.92,	9,	'2018-02-07 19:31:45',	'S',	1,	NULL,	1.0),
(61,	48,	79,	103.56,	10,	'2018-02-07 19:32:42',	'S',	1,	NULL,	1.0),
(62,	57,	81,	133.92,	9,	'2018-02-07 19:33:27',	'S',	1,	NULL,	1.0),
(63,	49,	80,	133.92,	10,	'2018-02-07 19:34:26',	'S',	1,	NULL,	1.0),
(64,	59,	84,	94.63,	10,	'2018-02-07 19:35:53',	'S',	1,	NULL,	1.0),
(65,	58,	83,	103.56,	10,	'2018-02-07 19:36:47',	'S',	1,	NULL,	1.0),
(70,	62,	51,	900,	8,	'2018-02-19 16:24:20',	'S',	1,	NULL,	1.0),
(71,	63,	52,	600,	8,	'2018-02-19 16:26:17',	'S',	1,	NULL,	1.0),
(72,	64,	34,	500,	8,	'2018-02-19 16:28:12',	'S',	1,	NULL,	1.0),
(73,	65,	53,	300,	8,	'2018-02-19 16:30:10',	'S',	1,	NULL,	1.0),
(74,	67,	34,	1000,	8,	'2018-02-19 16:31:00',	'L',	1,	NULL,	10.0),
(75,	66,	34,	500,	8,	'2018-02-19 16:31:56',	'M',	1,	NULL,	7.0),
(76,	68,	34,	220,	8,	'2018-02-19 16:33:15',	'S',	1,	NULL,	1.0),
(77,	69,	54,	180,	8,	'2018-02-19 16:44:28',	'S',	1,	NULL,	1.0),
(78,	70,	54,	180,	8,	'2018-02-19 16:49:58',	'S',	1,	NULL,	1.0),
(79,	71,	55,	190,	8,	'2018-02-19 17:03:03',	'S',	1,	NULL,	1.0),
(80,	72,	13,	1800,	8,	'2018-02-19 17:10:25',	'S',	1,	NULL,	1.0),
(81,	73,	56,	1160.709,	8,	'2018-03-14 16:36:29',	'M',	1,	NULL,	2.2),
(82,	74,	58,	892.85,	8,	'2018-03-14 17:27:59',	'M',	1,	NULL,	1.5),
(84,	76,	59,	473.209,	10,	'2018-03-15 12:28:34',	'S',	5,	NULL,	0.5),
(85,	77,	60,	473.209,	8,	'2018-03-15 12:40:41',	'M',	1,	NULL,	0.3),
(86,	78,	61,	473.209,	8,	'2018-03-15 13:02:45',	'M',	1,	NULL,	0.2),
(87,	80,	62,	674.99,	8,	'2018-03-15 16:36:17',	'M',	1,	NULL,	1.4),
(88,	81,	63,	473.209,	8,	'2018-03-15 16:43:39',	'M',	1,	NULL,	0.6),
(89,	82,	63,	473.209,	8,	'2018-03-15 17:11:56',	'M',	1,	NULL,	0.5),
(90,	83,	64,	1160.709,	8,	'2018-03-15 17:32:47',	'M',	1,	NULL,	0.5),
(92,	84,	65,	71.42,	10,	'2018-03-16 16:40:25',	'S',	6,	NULL,	0.3),
(93,	86,	67,	133.92,	10,	'2018-03-16 16:57:14',	'S',	8,	NULL,	0.5),
(94,	85,	66,	71.42,	10,	'2018-03-16 16:58:51',	'S',	3,	NULL,	0.4),
(95,	87,	68,	49.99,	10,	'2018-03-16 17:09:07',	'S',	6,	NULL,	0.2),
(96,	88,	69,	133.92,	10,	'2018-03-16 17:28:31',	'S',	3,	NULL,	0.4),
(97,	89,	70,	80.35,	10,	'2018-03-16 17:29:28',	'S',	3,	NULL,	0.4),
(98,	90,	71,	178.56,	10,	'2018-03-16 18:34:38',	'M',	2,	NULL,	3.0),
(99,	91,	71,	178.56,	10,	'2018-03-16 18:40:10',	'M',	2,	NULL,	3.0),
(100,	92,	72,	67.85,	10,	'2018-03-16 18:52:39',	'S',	1,	NULL,	0.6),
(101,	94,	73,	67.85,	10,	'2018-03-16 19:10:49',	'S',	1,	NULL,	4.0),
(102,	95,	74,	124.99,	10,	'2018-03-16 19:16:51',	'M',	1,	NULL,	1.1),
(103,	96,	75,	49.99,	10,	'2018-03-16 19:28:04',	'S',	2,	NULL,	0.3),
(105,	93,	72,	67.85,	10,	'2018-03-17 14:46:22',	'S',	2,	NULL,	0.6),
(106,	98,	75,	49.99,	10,	'2018-03-21 14:48:23',	'S',	1,	NULL,	0.6),
(107,	99,	76,	49.99,	10,	'2018-03-21 15:01:14',	'S',	1,	NULL,	0.6),
(108,	100,	75,	49.99,	9,	'2018-03-29 16:45:05',	'S',	2,	NULL,	0.3);

DROP TABLE IF EXISTS `seo_meta`;
CREATE TABLE `seo_meta` (
  `id` int(11) NOT NULL AUTO_INCREMENT,
  `page_id` int(11) DEFAULT NULL,
  `name` varchar(45) DEFAULT NULL,
  `content` varchar(255) DEFAULT NULL,
  `date_modified` timestamp NOT NULL DEFAULT CURRENT_TIMESTAMP ON UPDATE CURRENT_TIMESTAMP,
  PRIMARY KEY (`id`)
) ENGINE=InnoDB DEFAULT CHARSET=utf8;

INSERT INTO `seo_meta` (`id`, `page_id`, `name`, `content`, `date_modified`) VALUES
(1,	2,	'description',	'la yolanda galeria de arte',	'2017-04-11 12:02:03');

DROP TABLE IF EXISTS `seo_pages`;
CREATE TABLE `seo_pages` (
  `id` int(11) NOT NULL AUTO_INCREMENT,
  `view` varchar(255) DEFAULT NULL,
  `action_params` varchar(555) DEFAULT NULL,
  PRIMARY KEY (`id`)
) ENGINE=InnoDB DEFAULT CHARSET=utf8;

INSERT INTO `seo_pages` (`id`, `view`, `action_params`) VALUES
(1,	'product/view',	'{\"id\":\"4\"}'),
(2,	'site/index',	'[]'),
(3,	'category/subcategory',	'{\"id\":\"5\"}'),
(4,	'category/view',	'{\"id\":\"2\"}'),
(5,	'category/artist',	'[]'),
(6,	'category/view',	'{\"id\":\"3\"}'),
(7,	'category/subcategory',	'{\"id\":\"7\"}'),
(8,	'category/subcategory',	'{\"id\":\"8\"}'),
(9,	'site/error',	'[]'),
(10,	'site/error',	'[]'),
(11,	'site/addtocart',	'{\"id\":\"1\"}'),
(12,	'site/viewcart',	'[]'),
(13,	'product/consult-mesures',	'[]'),
(14,	'site/addtocart',	'{\"id\":\"2\"}'),
(15,	'site/updatefromcart',	'{\"id\":\"2\",\"quantity\":\"0\"}'),
(16,	'site/updatefromcart',	'{\"id\":\"2\",\"quantity\":\"2\"}'),
(17,	'site/updatefromcart',	'{\"id\":\"2\",\"quantity\":\"4\"}'),
(18,	'site/updatefromcart',	'{\"id\":\"2\",\"quantity\":\"100\"}'),
(19,	'site/updatefromcart',	'{\"id\":\"2\",\"quantity\":\"3\"}'),
(20,	'site/updatefromcart',	'{\"id\":\"2\",\"quantity\":\"6\"}'),
(21,	'site/removefromcart',	'{\"id\":\"1\"}'),
(22,	'site/viewcart',	'{\"token\":\"EC-3EH49059979152800\"}'),
(23,	'site/viewcart',	'{\"token\":\"EC-68S74431FY751231C\"}'),
(24,	'site/error',	'{\"id\":\"5\"}'),
(25,	'site/content',	'{\"id\":\"5\"}'),
(26,	'site/content',	'{\"id\":\"1\"}'),
(27,	'site/login',	'[]'),
(28,	'site/content',	'{\"id\":\"4\"}'),
(29,	'site/content',	'{\"id\":\"3\"}'),
(30,	'site/content',	'{\"id\":\"2\"}'),
(31,	'site/search2',	'{\"q\":\"sadkjhhk\"}'),
(32,	'site/search2',	'{\"q\":\"sadkjhh\"}'),
(33,	'site/search2',	'{\"q\":\"s\"}'),
(34,	'site/search2',	'{\"q\":\"fghjkl\"}'),
(35,	'site/search2',	'{\"q\":\"fghjk\"}'),
(36,	'site/search2',	'{\"q\":\"f\"}'),
(37,	'site/logout',	'[]'),
(38,	'category/artist',	'{\"alpha\":\"F\"}'),
(39,	'category/subcategory',	'{\"id\":\"36\"}'),
(40,	'category/view',	'{\"id\":\"8\"}'),
(41,	'category/view',	'{\"id\":\"49\"}'),
(42,	'category/view',	'{\"id\":\"40\"}'),
(43,	'category/view',	'{\"id\":\"5\"}'),
(44,	'category/view',	'{\"id\":\"1\"}'),
(45,	'category/subcategory',	'{\"id\":\"40\"}'),
(46,	'category/subcategory',	'{\"id\":\"49\"}'),
(47,	'site/search2',	'{\"q\":\"hgjkl\"}'),
(48,	'site/search2',	'{\"q\":\"hgjklvbnkjl\\u00f1\"}'),
(49,	'site/search2',	'{\"q\":\"hgjklvbnkjl\"}'),
(50,	'site/search2',	'{\"q\":\"h\"}'),
(51,	'site/register',	'[]'),
(52,	'product/view',	'{\"id\":\"10\"}'),
(53,	'category/subcategory',	'{\"id\":\"4\"}'),
(54,	'category/subcategory',	'{\"id\":\"1\"}'),
(55,	'category/subcategory',	'{\"id\":\"48\"}'),
(56,	'category/subcategory',	'{\"id\":\"39\"}'),
(57,	'category/subcategory',	'{\"id\":\"20\"}'),
(58,	'site/search2',	'{\"q\":\"asd\"}'),
(59,	'site/search2',	'{\"q\":\"a\"}'),
(60,	'site/search2',	'{\"q\":\"ani\"}'),
(61,	'site/error',	'{\"id\":\"1\"}'),
(62,	'site/congrats',	'{\"id\":\"1\"}'),
(63,	'site/congrats',	'{\"id\":\"2\"}'),
(64,	'site/congrats',	'{\"id\":\"3\"}'),
(65,	'site/forgot',	'[]'),
(66,	'category/subcategory',	'{\"id\":\"5\",\"ProductSearch\":{\"price1\":\"0\",\"price2\":\"\",\"type\":\"\",\"size\":\"\"}}'),
(67,	'category/subcategory',	'{\"id\":\"5\",\"ProductSearch\":{\"price1\":\"\",\"price2\":\"\",\"type\":\"\",\"size\":\"\"}}'),
(68,	'category/subcategory',	'{\"id\":\"5\",\"ProductSearch\":{\"price1\":\"3\",\"price2\":\"4\",\"type\":\"\",\"size\":\"\"}}'),
(69,	'site/setlang',	'{\"lang\":\"es\"}'),
(70,	'site/setlang',	'{\"lang\":\"en\"}'),
(71,	'site/setlang',	'{\"lang\":\"en-EN\"}'),
(72,	'site/search2',	'{\"q\":\"sdda\"}'),
(73,	'site/search2',	'{\"q\":\"asdasd\"}'),
(74,	'site/search2',	'{\"q\":\"zxc\"}'),
(75,	'site/search2',	'{\"q\":\"z\"}'),
(76,	'site/search2',	'{\"q\":\"sadasdasdasd\"}'),
(77,	'site/search2',	'{\"q\":\"sadasdasdasdasd\"}'),
(78,	'site/search2',	'{\"q\":\"sadasdasdasdasdasd\"}'),
(79,	'site/search2',	'{\"q\":\"sadasdasdasdasdasdasdasddas\"}'),
(80,	'site/search2',	'{\"q\":\"asdasdasdasdasd\"}'),
(81,	'site/search2',	'{\"q\":\"asdasdasdasdasdsad\"}'),
(82,	'site/search2',	'{\"q\":\"asdasdasdasdasdsa\"}'),
(83,	'site/search2',	'{\"q\":\"asdasdasdasd\"}'),
(84,	'site/search2',	'{\"q\":\"asdasdasdasdasdasd\"}'),
(85,	'site/search2',	'{\"q\":\"asdasdasdasdasdasdasd\"}'),
(86,	'site/search2',	'{\"q\":\"asdasdasdasdasdasdasdasd\"}'),
(87,	'site/search2',	'{\"q\":\"asdasdasdasdasdasdasdasdasd\"}'),
(88,	'site/search2',	'{\"q\":\"asdasdasdasdasdasdasdasdas\"}'),
(89,	'site/search2',	'{\"q\":\"ho\"}'),
(90,	'site/search2',	'{\"q\":\"hola\"}'),
(91,	'site/search2',	'{\"q\":\"sdaasdasdasd\"}'),
(92,	'site/search2',	'{\"q\":\"sdaasdasdas\"}'),
(93,	'site/search2',	'{\"q\":\"asdasdadasdasdasdasdasdasdasdasd\"}'),
(94,	'site/search2',	'{\"q\":\"asdas\"}'),
(95,	'site/search2',	'{\"q\":\"asdasasdasdasdasdasdasd\"}'),
(96,	'product/view',	'{\"id\":\"5\"}'),
(97,	'site/artist',	'{\"id\":\"1\"}'),
(98,	'site/setlang',	'{\"lang\":\"us\"}'),
(99,	'site/setlang',	'{\"lang\":\"es-ES\"}'),
(100,	'site/error',	'{\"id\":\"es-ES\"}'),
(101,	'user/index',	'[]'),
(102,	'user/update',	'{\"id\":\"3\"}'),
(103,	'user/address',	'[]'),
(104,	'user/orders',	'[]'),
(105,	'product/view',	'{\"id\":\"6\"}'),
(106,	'product/view',	'{\"id\":\"19\"}'),
(107,	'category/subcategory',	'{\"id\":\"22\"}'),
(108,	'product/view',	'{\"id\":\"7\"}'),
(109,	'product/view',	'{\"id\":\"8\"}'),
(110,	'category/artist',	'{\"alpha\":\"A\"}'),
(111,	'site/search2',	'{\"q\":\"hi\"}'),
(112,	'category/subcategory',	'{\"id\":\"31\"}'),
(113,	'site/content',	'{\"id\":\"12\"}'),
(114,	'site/content',	'{\"id\":\"11\"}'),
(115,	'site/content',	'{\"id\":\"13\"}'),
(116,	'category/subcategory',	'{\"id\":\"21\"}'),
(117,	'site/content',	'{\"id\":\"7\"}'),
(118,	'site/content',	'{\"id\":\"15\"}'),
(119,	'site/content',	'{\"id\":\"14\"}'),
(120,	'site/setlang',	'{\"lang\":\"en_EN\"}'),
(121,	'site/content',	'{\"id\":\"9\"}'),
(122,	'site/setlang',	'{\"lang\":\"es_ES\"}'),
(123,	'site/content',	'{\"id\":\"8\"}'),
(124,	'site/search2',	'{\"q\":\"tryuiop[\"}'),
(125,	'site/search2',	'{\"q\":\"tryuiop\"}'),
(126,	'site/search2',	'{\"q\":\"t\"}'),
(127,	'user/updateaddress',	'{\"id\":\"1\"}'),
(128,	'user/createaddress',	'[]'),
(129,	'site/setlang',	'[]'),
(130,	'site/congrats',	'{\"id\":\"5\"}'),
(131,	'site/confirm',	'{\"id\":\"5\",\"key\":\"vYyQ7lGjfFVCeO8DsbvsXne5pdLNzSrs\"}'),
(132,	'site/reset',	'{\"token\":\"xRlu26wW9O44p5JoCRTH2KaB9j5tii92_1498577458\"}'),
(133,	'site/reset',	'{\"token\":\"rrRCYMyHgi2fNhAb75d3VH9V3jrXSKV7_1498578251\"}'),
(134,	'user/update',	'{\"id\":\"5\"}'),
(135,	'site/reset',	'{\"token\":\"RWO-AR5_DZUIFTcPxAhaaeZio2pWOrNL_1498582526\"}'),
(136,	'category/subcategory',	'{\"id\":\"50\"}'),
(137,	'site/error',	'{\"id\":\"50\"}'),
(138,	'category/subcategory',	'{\"id\":\"24\"}'),
(139,	'category/subcategory',	'{\"id\":\"41\"}'),
(140,	'category/subcategory',	'{\"id\":\"42\"}'),
(141,	'category/subcategory',	'[]'),
(142,	'product/view',	'{\"id\":\"21\"}'),
(143,	'product/view',	'{\"id\":\"22\"}'),
(144,	'product/view',	'{\"id\":\"23\"}'),
(145,	'site/content',	'{\"id\":\"10\"}'),
(146,	'category/subcategory',	'{\"id\":\"23\"}'),
(147,	'category/subcategory',	'{\"id\":\"25\"}'),
(148,	'category/subcategory',	'{\"id\":\"26\"}'),
(149,	'category/subcategory',	'{\"id\":\"27\"}'),
(150,	'category/subcategory',	'{\"id\":\"29\"}'),
(151,	'category/subcategory',	'{\"id\":\"30\"}'),
(152,	'category/subcategory',	'{\"id\":\"32\"}'),
(153,	'category/subcategory',	'{\"id\":\"33\"}'),
(154,	'category/subcategory',	'{\"id\":\"34\"}'),
(155,	'category/subcategory',	'{\"id\":\"35\"}'),
(156,	'category/subcategory',	'{\"id\":\"37\"}'),
(157,	'category/subcategory',	'{\"id\":\"43\"}'),
(158,	'category/subcategory',	'{\"id\":\"54\"}'),
(159,	'category/subcategory',	'{\"id\":\"55\"}'),
(160,	'category/subcategory',	'{\"id\":\"56\"}'),
(161,	'category/subcategory',	'{\"id\":\"58\"}'),
(162,	'category/subcategory',	'{\"id\":\"59\"}'),
(163,	'category/subcategory',	'{\"id\":\"60\"}'),
(164,	'category/subcategory',	'{\"id\":\"61\"}'),
(165,	'category/subcategory',	'{\"id\":\"62\"}'),
(166,	'category/subcategory',	'{\"id\":\"63\"}'),
(167,	'category/subcategory',	'{\"id\":\"64\"}'),
(168,	'category/subcategory',	'{\"id\":\"65\"}'),
(169,	'category/subcategory',	'{\"id\":\"66\"}'),
(170,	'category/subcategory',	'{\"id\":\"67\"}'),
(171,	'category/subcategory',	'{\"id\":\"68\"}'),
(172,	'category/subcategory',	'{\"id\":\"69\"}'),
(173,	'category/subcategory',	'{\"id\":\"70\"}'),
(174,	'category/subcategory',	'{\"id\":\"71\"}'),
(175,	'category/subcategory',	'{\"id\":\"72\"}'),
(176,	'category/subcategory',	'{\"id\":\"74\"}'),
(177,	'category/subcategory',	'{\"id\":\"75\"}'),
(178,	'category/subcategory',	'{\"id\":\"76\"}'),
(179,	'category/subcategory',	'{\"id\":\"77\"}'),
(180,	'category/subcategory',	'{\"id\":\"78\"}'),
(181,	'category/subcategory',	'{\"id\":\"79\"}'),
(182,	'category/subcategory',	'{\"id\":\"80\"}'),
(183,	'category/subcategory',	'{\"id\":\"81\"}'),
(184,	'category/subcategory',	'{\"id\":\"82\"}'),
(185,	'category/subcategory',	'{\"id\":\"83\"}'),
(186,	'category/subcategory',	'{\"id\":\"84\"}'),
(187,	'category/subcategory',	'{\"id\":\"85\"}'),
(188,	'category/subcategory',	'{\"id\":\"86\"}'),
(189,	'category/subcategory',	'{\"id\":\"87\"}'),
(190,	'category/subcategory',	'{\"id\":\"88\"}'),
(191,	'category/subcategory',	'{\"id\":\"89\"}'),
(192,	'category/subcategory',	'{\"id\":\"90\"}'),
(193,	'category/subcategory',	'{\"id\":\"91\"}'),
(194,	'category/subcategory',	'{\"id\":\"92\"}'),
(195,	'category/subcategory',	'{\"id\":\"93\"}'),
(196,	'site/artist',	'{\"id\":\"2\"}'),
(197,	'product/view',	'{\"id\":\"11\"}'),
(198,	'product/view',	'{\"id\":\"15\"}'),
(199,	'category/artist',	'{\"alpha\":\"T\"}'),
(200,	'product/view',	'{\"id\":\"14\"}'),
(201,	'category/artist',	'{\"alpha\":\"W\"}'),
(202,	'category/artist',	'{\"alpha\":\"Z\"}'),
(203,	'product/view',	'{\"id\":\"9\"}'),
(204,	'category/artist',	'{\"alpha\":\"H\"}'),
(205,	'product/view',	'{\"id\":\"13\"}'),
(206,	'category/artist',	'{\"alpha\":\"S\"}'),
(207,	'product/view',	'{\"id\":\"17\"}'),
(208,	'category/artist',	'{\"alpha\":\"Q\"}'),
(209,	'category/artist',	'{\"alpha\":\"R\"}'),
(210,	'product/view',	'{\"id\":\"16\"}'),
(211,	'category/artist',	'{\"alpha\":\"B\"}'),
(212,	'category/artist',	'{\"alpha\":\"G\"}'),
(213,	'category/artist',	'{\"alpha\":\"Y\"}'),
(214,	'category/artist',	'{\"alpha\":\"D\"}'),
(215,	'category/artist',	'{\"alpha\":\"O\"}'),
(216,	'category/artist',	'{\"alpha\":\"J\"}'),
(217,	'site/artist',	'{\"id\":\"3\"}'),
(218,	'site/search2',	'{\"q\":\"cvhj,k.\"}'),
(219,	'site/search2',	'{\"q\":\"cvhj,k\"}'),
(220,	'site/search2',	'{\"q\":\"c\"}'),
(221,	'category/artist',	'{\"alpha\":\"symbol\"}'),
(222,	'site/search2',	'{\"q\":\"%QUERY\"}'),
(223,	'product/view',	'{\"id\":\"{{id}}\"}'),
(224,	'site/error',	'{\"id\":\"{{id}}\"}'),
(225,	'category/artist',	'{\"alpha\":\"K\"}'),
(226,	'category/artist',	'{\"alpha\":\"X\"}'),
(227,	'category/artist',	'{\"alpha\":\"E\"}'),
(228,	'category/artist',	'{\"alpha\":\"N\"}'),
(229,	'category/artist',	'{\"alpha\":\"M\"}'),
(230,	'category/artist',	'{\"alpha\":\"P\"}'),
(231,	'category/artist',	'{\"alpha\":\"U\"}'),
(232,	'category/artist',	'{\"alpha\":\"I\"}'),
(233,	'category/artist',	'{\"alpha\":\"C\"}'),
(234,	'category/artist',	'{\"alpha\":\"L\"}'),
(235,	'category/artist',	'{\"alpha\":\"V\"}'),
(236,	'category/artist',	'{\"alpha\":\"all\"}'),
(237,	'site/addtocart',	'{\"id\":\"3\"}'),
(238,	'site/addtocart',	'{\"id\":\"8\"}'),
(239,	'site/addtocart',	'{\"id\":\"9\"}'),
(240,	'product/view',	'{\"id\":\"12\"}'),
(241,	'site/addtocart',	'{\"id\":\"4\"}'),
(242,	'product/view',	'{\"id\":\"20\"}'),
(243,	'product/view',	'{\"id\":\"18\"}'),
(244,	'site/removefromcart',	'{\"id\":\"3\"}'),
(245,	'site/removefromcart',	'{\"id\":\"9\"}'),
(246,	'site/removefromcart',	'{\"id\":\"8\"}'),
(247,	'site/removefromcart',	'{\"id\":\"2\"}'),
(248,	'site/addtocart',	'{\"id\":\"6\"}'),
(249,	'site/addtocart',	'{\"id\":\"5\"}'),
(250,	'site/addtocart',	'{\"id\":\"7\"}'),
(251,	'site/removefromcart',	'{\"id\":\"4\"}'),
(252,	'site/removefromcart',	'{\"id\":\"6\"}'),
(253,	'site/removefromcart',	'{\"id\":\"5\"}'),
(254,	'site/removefromcart',	'{\"id\":\"7\"}'),
(255,	'category/subcategory',	'{\"id\":\"38\"}'),
(256,	'site/error',	'{\"id\":\"38\"}'),
(257,	'category/subcategory',	'{\"id\":\"28\"}'),
(258,	'site/error',	'{\"id\":\"28\"}'),
(259,	'site/setlang',	'{\"lang\":\"es\'A=0\"}'),
(260,	'site/login',	'{\"LoginForm\":{\"password\":\"1\",\"username\":\"1\"},\"_csrf\":\"aZehOFCamtlIlDouUGQrBsbFRjZo7jallxyD6qE1AGIhJvNSSD4tWaZc8ECOvJZ2OpMWQ1c5RGErXk60sazLwQ==\",\"login-button\":\"1\"}'),
(261,	'site/forgot',	'{\"ForgotForm\":{\"username\":\"1\"},\"_csrf\":\"zr2ChXs-5a7FWDUwKKNioh0JrMFXE0cF-1jlPeS-Xy9U2TuC5O7Q0D2-HdncJIpcJoXznYB-u7KjbetulFyxXw==\"}'),
(262,	'site/login',	'{\"LoginForm\":{\"username\":\"1\",\"password\":\"1\"},\"_csrf\":\"aZehOFCamtlIlDouUGQrBsbFRjZo7jallxyD6qE1AGIhJvNSSD4tWaZc8ECOvJZ2OpMWQ1c5RGErXk60sazLwQ\",\"login-button\":\"1\"}'),
(263,	'category/subcategory',	'{\"ProductSearch\":{\"price1\":\"1\",\"price2\":\"1\",\"size\":\"1\"},\"id\":\"86\"}'),
(264,	'site/register',	'{\"User\":{\"birthday\":\"1\",\"confirmPassword\":\"1\",\"lastnames\":\"1\",\"names\":\"1\",\"password\":\"1\",\"sex\":\"1\",\"username\":\"1\"},\"_csrf\":\"EmK0E_IEwc5Aj68GubXosz3KFPHpubiGck_YQTK0enqIBg0UbdT0sLhph-9NMgBNBkZLrT7URDEqetYSQlaUCg==\"}'),
(265,	'site/login',	'{\"LoginForm\":{\"password\":\"1\",\"username\":\"1\"},\"_csrf\":\"--fJ8lwP2x4-LNnc-oTswexUr7LME2JLoBQtaThUZO5hg3D1w9_uYMbK8TUOAwQ_19jw7ht-nvz4ISM6SLaKng==\",\"login-button\":\"1\"}'),
(266,	'site/login',	'{\"LoginForm\":{\"password\":\"1\",\"username\":\"1\"},\"_csrf\":\"aZehOFCamtlIlDouUGQrBsbFRjZo7jallxyD6qE1AGIhJvNSSD4tWaZc8ECOvJZ2OpMWQ1c5RGErXk60sazLwQ\",\"login-button\":\"1\"}'),
(267,	'site/forgot',	'{\"ForgotForm\":{\"username\":\"1\"},\"_csrf\":\"zr2ChXs-5a7FWDUwKKNioh0JrMFXE0cF-1jlPeS-Xy9U2TuC5O7Q0D2-HdncJIpcJoXznYB-u7KjbetulFyxXw\"}'),
(268,	'site/register',	'{\"User\":{\"password\":\"1\",\"sex\":\"1\",\"birthday\":\"1\",\"names\":\"1\",\"username\":\"1\",\"confirmPassword\":\"1\",\"lastnames\":\"1\"},\"_csrf\":\"EmK0E_IEwc5Aj68GubXosz3KFPHpubiGck_YQTK0enqIBg0UbdT0sLhph-9NMgBNBkZLrT7URDEqetYSQlaUCg\"}'),
(269,	'site/register',	'{\"User\":{\"birthday\":\"1\",\"confirmPassword\":\"1\",\"lastnames\":\"1\",\"names\":\"1\",\"password\":\"1\",\"sex\":\"1\",\"username\":\"1\"},\"_csrf\":\"EmK0E_IEwc5Aj68GubXosz3KFPHpubiGck_YQTK0enqIBg0UbdT0sLhph-9NMgBNBkZLrT7URDEqetYSQlaUCg\"}'),
(270,	'site/forgot',	'{\"_csrf\":\"zr2ChXs-5a7FWDUwKKNioh0JrMFXE0cF-1jlPeS-Xy9U2TuC5O7Q0D2-HdncJIpcJoXznYB-u7KjbetulFyxXw\",\"ForgotForm\":{\"username\":\"1\"}}'),
(271,	'category/subcategory',	'{\"ProductSearch\":{\"price1\":\"1\",\"price2\":\"1\",\"size\":\"1\",\"type\":\"1\"},\"id\":\"27\"}'),
(272,	'category/subcategory',	'{\"ProductSearch\":{\"price1\":\"1\",\"price2\":\"1\",\"size\":\"1\",\"type\":\"1\"},\"id\":\"36\"}'),
(273,	'site/login',	'{\"LoginForm\":{\"username\":\"1\",\"password\":\"1\"},\"login-button\":\"1\",\"_csrf\":\"--fJ8lwP2x4-LNnc-oTswexUr7LME2JLoBQtaThUZO5hg3D1w9_uYMbK8TUOAwQ_19jw7ht-nvz4ISM6SLaKng\"}'),
(274,	'site/login',	'{\"LoginForm\":{\"username\":\"1\",\"password\":\"1\"},\"login-button\":\"1\",\"_csrf\":\"aZehOFCamtlIlDouUGQrBsbFRjZo7jallxyD6qE1AGIhJvNSSD4tWaZc8ECOvJZ2OpMWQ1c5RGErXk60sazLwQ\"}'),
(275,	'site/login',	'{\"LoginForm\":{\"password\":\"1\",\"username\":\"1\"},\"_csrf\":\"--fJ8lwP2x4-LNnc-oTswexUr7LME2JLoBQtaThUZO5hg3D1w9_uYMbK8TUOAwQ_19jw7ht-nvz4ISM6SLaKng\",\"login-button\":\"1\"}'),
(276,	'site/register',	'{\"User\":{\"password\":\"1\",\"sex\":\"1\",\"birthday\":\"1\",\"username\":\"1\",\"names\":\"1\",\"lastnames\":\"1\",\"confirmPassword\":\"1\"},\"_csrf\":\"EmK0E_IEwc5Aj68GubXosz3KFPHpubiGck_YQTK0enqIBg0UbdT0sLhph-9NMgBNBkZLrT7URDEqetYSQlaUCg\"}'),
(277,	'category/subcategory',	'{\"ProductSearch\":{\"price1\":\"1\",\"price2\":\"1\",\"size\":\"1\",\"type\":\"1\"},\"id\":\"23\"}'),
(278,	'category/subcategory',	'{\"ProductSearch\":{\"price1\":\"1\",\"price2\":\"1\",\"size\":\"1\"},\"id\":\"41\"}'),
(279,	'category/subcategory',	'{\"ProductSearch\":{\"price1\":\"1\",\"price2\":\"1\",\"size\":\"1\"},\"id\":\"78\"}'),
(280,	'category/subcategory',	'{\"ProductSearch\":{\"price1\":\"1\",\"price2\":\"1\",\"size\":\"1\"},\"id\":\"60\"}'),
(281,	'category/subcategory',	'{\"ProductSearch\":{\"price1\":\"1\",\"price2\":\"1\",\"size\":\"1\"},\"id\":\"70\"}'),
(282,	'site/content',	'{\"id\":\"12\'A=0\"}'),
(283,	'category/subcategory',	'{\"id\":\"49\",\"ProductSearch\":{\"price1\":\"\",\"price2\":\"\",\"type\":\"\",\"size\":\"S\"}}'),
(284,	'site/forgot',	'{\"ForgotForm\":{\"username\":\"1\"},\"_csrf\":\"LQ2cVJ9dow9MBCdD1f03SvHm6EB-GSaUWz3x68zS4K7EUhE1bNt0AMxEKBqg6IvE08TaGYZvDKsGO83_AriTsw==\"}'),
(285,	'site/register',	'{\"User\":{\"birthday\":\"1\",\"confirmPassword\":\"1\",\"lastnames\":\"1\",\"names\":\"1\",\"password\":\"1\",\"sex\":\"1\",\"username\":\"1\"},\"_csrf\":\"iEsKyYo4OigaE7SkaxUztfcDj3V_NtwnW5HMH1VOX1lhFIeoeb7tJ5pTu_0eAI871SG9LIdA9hgGl_ALmyQsRA==\"}'),
(286,	'category/subcategory',	'{\"ProductSearch\":{\"price1\":\"1\",\"price2\":\"1\",\"size\":\"1\",\"type\":\"1\"},\"id\":\"34\"}'),
(287,	'site/login',	'{\"LoginForm\":{\"password\":\"1\",\"username\":\"1\"},\"_csrf\":\"8R22FOCShamZ992BytHHDdyeoJow1-WoAxqJD-zTo1_pftZQuAiC9LRFPtFCL4eGtR484k3OQ7OIfB85XmVfaA==\",\"login-button\":\"1\"}'),
(288,	'site/login',	'{\"LoginForm\":{\"password\":\"1\",\"username\":\"1\"},\"_csrf\":\"PGlyXiITbLaJOYjvqjkTN-adjmn_-QRFbuo7ddH0w8nVNv8_0ZW7uQl5h7bfLK-5xL-8MAePLnoz7AdhH56w1A==\",\"login-button\":\"1\"}'),
(289,	'site/login',	'{\"LoginForm\":{\"password\":\"1\",\"username\":\"1\"},\"_csrf\":\"PGlyXiITbLaJOYjvqjkTN-adjmn_-QRFbuo7ddH0w8nVNv8_0ZW7uQl5h7bfLK-5xL-8MAePLnoz7AdhH56w1A\",\"login-button\":\"1\"}'),
(290,	'site/login',	'{\"LoginForm\":{\"username\":\"1\",\"password\":\"1\"},\"login-button\":\"1\",\"_csrf\":\"8R22FOCShamZ992BytHHDdyeoJow1-WoAxqJD-zTo1_pftZQuAiC9LRFPtFCL4eGtR484k3OQ7OIfB85XmVfaA\"}'),
(291,	'site/forgot',	'{\"ForgotForm\":{\"username\":\"1\"},\"_csrf\":\"LQ2cVJ9dow9MBCdD1f03SvHm6EB-GSaUWz3x68zS4K7EUhE1bNt0AMxEKBqg6IvE08TaGYZvDKsGO83_AriTsw\"}'),
(292,	'site/forgot',	'{\"_csrf\":\"LQ2cVJ9dow9MBCdD1f03SvHm6EB-GSaUWz3x68zS4K7EUhE1bNt0AMxEKBqg6IvE08TaGYZvDKsGO83_AriTsw\",\"ForgotForm\":{\"username\":\"1\"}}'),
(293,	'site/register',	'{\"User\":{\"password\":\"1\",\"sex\":\"1\",\"birthday\":\"1\",\"names\":\"1\",\"username\":\"1\",\"confirmPassword\":\"1\",\"lastnames\":\"1\"},\"_csrf\":\"iEsKyYo4OigaE7SkaxUztfcDj3V_NtwnW5HMH1VOX1lhFIeoeb7tJ5pTu_0eAI871SG9LIdA9hgGl_ALmyQsRA\"}'),
(294,	'site/register',	'{\"User\":{\"birthday\":\"1\",\"confirmPassword\":\"1\",\"lastnames\":\"1\",\"names\":\"1\",\"password\":\"1\",\"sex\":\"1\",\"username\":\"1\"},\"_csrf\":\"iEsKyYo4OigaE7SkaxUztfcDj3V_NtwnW5HMH1VOX1lhFIeoeb7tJ5pTu_0eAI871SG9LIdA9hgGl_ALmyQsRA\"}'),
(295,	'site/login',	'{\"LoginForm\":{\"password\":\"1\",\"username\":\"1\"},\"_csrf\":\"8R22FOCShamZ992BytHHDdyeoJow1-WoAxqJD-zTo1_pftZQuAiC9LRFPtFCL4eGtR484k3OQ7OIfB85XmVfaA\",\"login-button\":\"1\"}'),
(296,	'site/login',	'{\"LoginForm\":{\"username\":\"1\",\"password\":\"1\"},\"login-button\":\"1\",\"_csrf\":\"PGlyXiITbLaJOYjvqjkTN-adjmn_-QRFbuo7ddH0w8nVNv8_0ZW7uQl5h7bfLK-5xL-8MAePLnoz7AdhH56w1A\"}'),
(297,	'category/subcategory',	'{\"ProductSearch\":{\"price1\":\"1\",\"price2\":\"1\",\"size\":\"1\"},\"id\":\"81\"}'),
(298,	'category/subcategory',	'{\"ProductSearch\":{\"price1\":\"1\",\"price2\":\"1\",\"size\":\"1\",\"type\":\"1\"},\"id\":\"21\"}'),
(299,	'site/register',	'{\"User\":{\"password\":\"1\",\"sex\":\"1\",\"birthday\":\"1\",\"username\":\"1\",\"names\":\"1\",\"lastnames\":\"1\",\"confirmPassword\":\"1\"},\"_csrf\":\"iEsKyYo4OigaE7SkaxUztfcDj3V_NtwnW5HMH1VOX1lhFIeoeb7tJ5pTu_0eAI871SG9LIdA9hgGl_ALmyQsRA\"}'),
(300,	'category/subcategory',	'{\"ProductSearch\":{\"price1\":\"1\",\"price2\":\"1\",\"size\":\"1\"},\"id\":\"65\"}'),
(301,	'category/subcategory',	'{\"ProductSearch\":{\"price1\":\"1\",\"price2\":\"1\",\"size\":\"1\"},\"id\":\"74\"}'),
(302,	'category/subcategory',	'{\"ProductSearch\":{\"price1\":\"1\",\"price2\":\"1\",\"size\":\"1\"},\"id\":\"83\"}'),
(303,	'site/congrats',	'{\"id\":\"7\"}'),
(304,	'site/setlang',	'{\"lang\":\"en\'A=0\"}'),
(305,	'site/register',	'{\"User\":{\"birthday\":\"1\",\"confirmPassword\":\"1\",\"lastnames\":\"1\",\"names\":\"1\",\"password\":\"1\",\"sex\":\"1\",\"username\":\"1\"},\"_csrf\":\"qxVe8nDUyVdzg5tSbhjTQlrPsJ2YdS-yGtTW4caautlmhEDTgcvro2J7pvWaEGNwsUH6JNXJFWH6K5_WOxBvog==\"}'),
(306,	'site/login',	'{\"LoginForm\":{\"password\":\"1\",\"username\":\"1\"},\"_csrf\":\"2iGhVji6R0JyYmkf051Gr3wzDt6-mmKGdIftXVhYRZI2anQWgGIJ7wzUH6DMZYqXqhUwbpe9nE32UxLBV7w_UA==\",\"login-button\":\"1\"}'),
(307,	'site/forgot',	'{\"ForgotForm\":{\"username\":\"1\"},\"_csrf\":\"wC1H09Q5AXV_Biv7FWZ3JFEtQoZgr4BSjLOlT4d0_dUNvFnyJSYjgW7-FlzhbscWuqMIPy0TuoFsTOx4ev4org==\"}'),
(308,	'site/login',	'{\"LoginForm\":{\"password\":\"1\",\"username\":\"1\"},\"_csrf\":\"gh_LQVYIGkShBuIX8Bz38a-1M5U3IZ-tBAkqtGmtnTpPjtVgpxc4sLD-37AEFEfDRDt5LHqdpX7k9mODlCdIQQ==\",\"login-button\":\"1\"}'),
(309,	'site/login',	'{\"LoginForm\":{\"password\":\"1\",\"username\":\"1\"},\"_csrf\":\"2iGhVji6R0JyYmkf051Gr3wzDt6-mmKGdIftXVhYRZI2anQWgGIJ7wzUH6DMZYqXqhUwbpe9nE32UxLBV7w_UA\",\"login-button\":\"1\"}'),
(310,	'site/login',	'{\"LoginForm\":{\"username\":\"1\",\"password\":\"1\"},\"login-button\":\"1\",\"_csrf\":\"2iGhVji6R0JyYmkf051Gr3wzDt6-mmKGdIftXVhYRZI2anQWgGIJ7wzUH6DMZYqXqhUwbpe9nE32UxLBV7w_UA\"}'),
(311,	'site/register',	'{\"User\":{\"password\":\"1\",\"sex\":\"1\",\"birthday\":\"1\",\"names\":\"1\",\"username\":\"1\",\"confirmPassword\":\"1\",\"lastnames\":\"1\"},\"_csrf\":\"qxVe8nDUyVdzg5tSbhjTQlrPsJ2YdS-yGtTW4caautlmhEDTgcvro2J7pvWaEGNwsUH6JNXJFWH6K5_WOxBvog\"}'),
(312,	'site/register',	'{\"User\":{\"birthday\":\"1\",\"confirmPassword\":\"1\",\"lastnames\":\"1\",\"names\":\"1\",\"password\":\"1\",\"sex\":\"1\",\"username\":\"1\"},\"_csrf\":\"qxVe8nDUyVdzg5tSbhjTQlrPsJ2YdS-yGtTW4caautlmhEDTgcvro2J7pvWaEGNwsUH6JNXJFWH6K5_WOxBvog\"}'),
(313,	'site/login',	'{\"LoginForm\":{\"username\":\"1\",\"password\":\"1\"},\"login-button\":\"1\",\"_csrf\":\"gh_LQVYIGkShBuIX8Bz38a-1M5U3IZ-tBAkqtGmtnTpPjtVgpxc4sLD-37AEFEfDRDt5LHqdpX7k9mODlCdIQQ\"}'),
(314,	'site/forgot',	'{\"ForgotForm\":{\"username\":\"1\"},\"_csrf\":\"wC1H09Q5AXV_Biv7FWZ3JFEtQoZgr4BSjLOlT4d0_dUNvFnyJSYjgW7-FlzhbscWuqMIPy0TuoFsTOx4ev4org\"}'),
(315,	'site/login',	'{\"LoginForm\":{\"password\":\"1\",\"username\":\"1\"},\"_csrf\":\"gh_LQVYIGkShBuIX8Bz38a-1M5U3IZ-tBAkqtGmtnTpPjtVgpxc4sLD-37AEFEfDRDt5LHqdpX7k9mODlCdIQQ\",\"login-button\":\"1\"}'),
(316,	'site/register',	'{\"User\":{\"password\":\"1\",\"sex\":\"1\",\"birthday\":\"1\",\"username\":\"1\",\"names\":\"1\",\"lastnames\":\"1\",\"confirmPassword\":\"1\"},\"_csrf\":\"qxVe8nDUyVdzg5tSbhjTQlrPsJ2YdS-yGtTW4caautlmhEDTgcvro2J7pvWaEGNwsUH6JNXJFWH6K5_WOxBvog\"}'),
(317,	'category/subcategory',	'{\"ProductSearch\":{\"price1\":\"1\",\"price2\":\"1\",\"size\":\"1\"},\"id\":\"40\"}'),
(318,	'category/subcategory',	'{\"ProductSearch\":{\"price1\":\"1\",\"price2\":\"1\",\"size\":\"1\"},\"id\":\"88\"}'),
(319,	'site/reset',	'{\"token\":\"VLvZaTXnAUjFxVoVa2m6m0-TLLfZJJx0_1511033904\"}'),
(320,	'site/reset',	'{\"token\":\"98xJnMNrILV19qs4oBlHlqftdliWiZe-_1511305868\"}'),
(321,	'site/reset',	'{\"token\":\"Q4ne5ho6P1M9BtcVTTU89phieMFXhkMF_1511306210\"}'),
(322,	'site/congrats',	'{\"id\":\"8\"}'),
(323,	'site/confirm',	'{\"id\":\"8\",\"key\":\"jwJVvkDq6hhQdLizOs4S9tpr_FJs4ZM1\"}'),
(324,	'category/view',	'{\"id\":\"2\'A=0\"}'),
(325,	'site/login',	'{\"LoginForm\":{\"password\":\"1\",\"username\":\"1\"},\"_csrf\":\"hZCGB637bVkGFXphX98Vsdgjb29H1QXotst6MZ0_dU28qr3daIkodzJQc91Nq1dXL4Qx62f7P1LIbihWZ72C6w==\",\"login-button\":\"1\"}'),
(326,	'site/register',	'{\"User\":{\"birthday\":\"1\",\"confirmPassword\":\"1\",\"lastnames\":\"1\",\"names\":\"1\",\"password\":\"1\",\"sex\":\"1\",\"username\":\"1\"},\"_csrf\":\"5rqZ9LIPDR-CtO7gUi1z6TOfd4-N_CyT6mwSk6zpiAcStdOkamcZ5tgYsPT_X0OC7u2v_Pu527LXR5MqafbYnA==\"}'),
(327,	'site/login',	'{\"LoginForm\":{\"password\":\"1\",\"username\":\"1\"},\"_csrf\":\"xwdUpjgmRGahjwfFgQqxDB25_0edNN48bFBfTgMQbTgzCB724E5Qn_sjWdEseIFnwMsnNOtxKR1Re973xg89ow==\",\"login-button\":\"1\"}'),
(328,	'site/forgot',	'{\"ForgotForm\":{\"username\":\"1\"},\"_csrf\":\"K13ygXehp2h1qkrkW5uLEkWfn8CS4sCg72eSEUzb5wDfUrjRr8mzkS8GFPD26bt5mO1Hs-SnN4HSTBOoicS3mw==\"}'),
(329,	'site/login',	'{\"LoginForm\":{\"username\":\"1\",\"password\":\"1\"},\"_csrf\":\"hZCGB637bVkGFXphX98Vsdgjb29H1QXotst6MZ0_dU28qr3daIkodzJQc91Nq1dXL4Qx62f7P1LIbihWZ72C6w\",\"login-button\":\"1\"}'),
(330,	'site/login',	'{\"LoginForm\":{\"password\":\"1\",\"username\":\"1\"},\"_csrf\":\"hZCGB637bVkGFXphX98Vsdgjb29H1QXotst6MZ0_dU28qr3daIkodzJQc91Nq1dXL4Qx62f7P1LIbihWZ72C6w\",\"login-button\":\"1\"}'),
(331,	'site/register',	'{\"User\":{\"password\":\"1\",\"sex\":\"1\",\"birthday\":\"1\",\"names\":\"1\",\"username\":\"1\",\"confirmPassword\":\"1\",\"lastnames\":\"1\"},\"_csrf\":\"5rqZ9LIPDR-CtO7gUi1z6TOfd4-N_CyT6mwSk6zpiAcStdOkamcZ5tgYsPT_X0OC7u2v_Pu527LXR5MqafbYnA\"}'),
(332,	'site/register',	'{\"User\":{\"birthday\":\"1\",\"confirmPassword\":\"1\",\"lastnames\":\"1\",\"names\":\"1\",\"password\":\"1\",\"sex\":\"1\",\"username\":\"1\"},\"_csrf\":\"5rqZ9LIPDR-CtO7gUi1z6TOfd4-N_CyT6mwSk6zpiAcStdOkamcZ5tgYsPT_X0OC7u2v_Pu527LXR5MqafbYnA\"}'),
(333,	'site/forgot',	'{\"ForgotForm\":{\"username\":\"1\"},\"_csrf\":\"K13ygXehp2h1qkrkW5uLEkWfn8CS4sCg72eSEUzb5wDfUrjRr8mzkS8GFPD26bt5mO1Hs-SnN4HSTBOoicS3mw\"}'),
(334,	'site/login',	'{\"LoginForm\":{\"username\":\"1\",\"password\":\"1\"},\"login-button\":\"1\",\"_csrf\":\"xwdUpjgmRGahjwfFgQqxDB25_0edNN48bFBfTgMQbTgzCB724E5Qn_sjWdEseIFnwMsnNOtxKR1Re973xg89ow\"}'),
(335,	'site/login',	'{\"LoginForm\":{\"username\":\"1\",\"password\":\"1\"},\"login-button\":\"1\",\"_csrf\":\"hZCGB637bVkGFXphX98Vsdgjb29H1QXotst6MZ0_dU28qr3daIkodzJQc91Nq1dXL4Qx62f7P1LIbihWZ72C6w\"}'),
(336,	'site/login',	'{\"LoginForm\":{\"password\":\"1\",\"username\":\"1\"},\"_csrf\":\"xwdUpjgmRGahjwfFgQqxDB25_0edNN48bFBfTgMQbTgzCB724E5Qn_sjWdEseIFnwMsnNOtxKR1Re973xg89ow\",\"login-button\":\"1\"}'),
(337,	'site/register',	'{\"User\":{\"password\":\"1\",\"sex\":\"1\",\"birthday\":\"1\",\"username\":\"1\",\"names\":\"1\",\"lastnames\":\"1\",\"confirmPassword\":\"1\"},\"_csrf\":\"5rqZ9LIPDR-CtO7gUi1z6TOfd4-N_CyT6mwSk6zpiAcStdOkamcZ5tgYsPT_X0OC7u2v_Pu527LXR5MqafbYnA\"}'),
(338,	'category/subcategory',	'{\"id\":\"5\",\"ProductSearch\":{\"price1\":\"3\",\"price2\":\"6\",\"type\":\"\",\"size\":\"\"}}'),
(339,	'category/subcategory',	'{\"id\":\"88\",\"ProductSearch\":{\"price1\":\"\",\"price2\":\"\",\"size\":\"\"}}'),
(340,	'site/login',	'{\"LoginForm\":{\"password\":\"1\",\"username\":\"1\"},\"_csrf\":\"8ALniD0YwmoYMASf0uzUnJrPe-AoNcnzGdnY_-fdd77luWiTB04SOfGLP8ONEiiYKiADhCN6dsawW7vvrwZ1dg==\",\"login-button\":\"1\"}'),
(341,	'site/forgot',	'{\"ForgotForm\":{\"username\":\"1\"},\"_csrf\":\"34Td95r9XjGw4mNjYD96_HVW668rJIn9yQ8-DIz9ehNkqr5fTbv33M_caw277rWEsb2f_biqozqSv4I7Fh_Ocg==\"}'),
(342,	'site/login',	'{\"LoginForm\":{\"username\":\"1\",\"password\":\"1\"},\"_csrf\":\"8ALniD0YwmoYMASf0uzUnJrPe-AoNcnzGdnY_-fdd77luWiTB04SOfGLP8ONEiiYKiADhCN6dsawW7vvrwZ1dg\",\"login-button\":\"1\"}'),
(343,	'site/login',	'{\"LoginForm\":{\"password\":\"1\",\"username\":\"1\"},\"_csrf\":\"Y4tWeEe2oPC_kedrp_FwbfIZmIv-8IN2yktm_JpQHqfYpTXQkPAJHcCv7wV8IL8VNvLs2W1-qbGR-9rLALKqxg==\",\"login-button\":\"1\"}'),
(344,	'site/register',	'{\"User\":{\"birthday\":\"1\",\"confirmPassword\":\"1\",\"lastnames\":\"1\",\"names\":\"1\",\"password\":\"1\",\"sex\":\"1\",\"username\":\"1\"},\"_csrf\":\"U4aaO9-A7o3twkeBykzQXxXxbkFsnKP6CFHe3ESzQWXoqPmTCMZHYJL8T-8RnR8n0RoaE_8SiT1T4WLr3lH1BA==\"}'),
(345,	'site/register',	'{\"User\":{\"password\":\"1\",\"sex\":\"1\",\"birthday\":\"1\",\"names\":\"1\",\"username\":\"1\",\"confirmPassword\":\"1\",\"lastnames\":\"1\"},\"_csrf\":\"U4aaO9-A7o3twkeBykzQXxXxbkFsnKP6CFHe3ESzQWXoqPmTCMZHYJL8T-8RnR8n0RoaE_8SiT1T4WLr3lH1BA\"}'),
(346,	'site/forgot',	'{\"ForgotForm\":{\"username\":\"1\"},\"_csrf\":\"34Td95r9XjGw4mNjYD96_HVW668rJIn9yQ8-DIz9ehNkqr5fTbv33M_caw277rWEsb2f_biqozqSv4I7Fh_Ocg\"}'),
(347,	'site/register',	'{\"User\":{\"birthday\":\"1\",\"confirmPassword\":\"1\",\"lastnames\":\"1\",\"names\":\"1\",\"password\":\"1\",\"sex\":\"1\",\"username\":\"1\"},\"_csrf\":\"U4aaO9-A7o3twkeBykzQXxXxbkFsnKP6CFHe3ESzQWXoqPmTCMZHYJL8T-8RnR8n0RoaE_8SiT1T4WLr3lH1BA\"}'),
(348,	'site/login',	'{\"LoginForm\":{\"password\":\"1\",\"username\":\"1\"},\"_csrf\":\"8ALniD0YwmoYMASf0uzUnJrPe-AoNcnzGdnY_-fdd77luWiTB04SOfGLP8ONEiiYKiADhCN6dsawW7vvrwZ1dg\",\"login-button\":\"1\"}'),
(349,	'site/forgot',	'{\"_csrf\":\"34Td95r9XjGw4mNjYD96_HVW668rJIn9yQ8-DIz9ehNkqr5fTbv33M_caw277rWEsb2f_biqozqSv4I7Fh_Ocg\",\"ForgotForm\":{\"username\":\"1\"}}'),
(350,	'site/login',	'{\"LoginForm\":{\"password\":\"1\",\"username\":\"1\"},\"_csrf\":\"Y4tWeEe2oPC_kedrp_FwbfIZmIv-8IN2yktm_JpQHqfYpTXQkPAJHcCv7wV8IL8VNvLs2W1-qbGR-9rLALKqxg\",\"login-button\":\"1\"}'),
(351,	'site/login',	'{\"LoginForm\":{\"username\":\"1\",\"password\":\"1\"},\"_csrf\":\"Y4tWeEe2oPC_kedrp_FwbfIZmIv-8IN2yktm_JpQHqfYpTXQkPAJHcCv7wV8IL8VNvLs2W1-qbGR-9rLALKqxg\",\"login-button\":\"1\"}'),
(352,	'site/login',	'{\"LoginForm\":{\"username\":\"1\",\"password\":\"1\"},\"login-button\":\"1\",\"_csrf\":\"8ALniD0YwmoYMASf0uzUnJrPe-AoNcnzGdnY_-fdd77luWiTB04SOfGLP8ONEiiYKiADhCN6dsawW7vvrwZ1dg\"}'),
(353,	'site/register',	'{\"User\":{\"password\":\"1\",\"sex\":\"1\",\"birthday\":\"1\",\"username\":\"1\",\"names\":\"1\",\"lastnames\":\"1\",\"confirmPassword\":\"1\"},\"_csrf\":\"U4aaO9-A7o3twkeBykzQXxXxbkFsnKP6CFHe3ESzQWXoqPmTCMZHYJL8T-8RnR8n0RoaE_8SiT1T4WLr3lH1BA\"}'),
(354,	'site/login',	'{\"LoginForm\":{\"username\":\"1\",\"password\":\"1\"},\"login-button\":\"1\",\"_csrf\":\"Y4tWeEe2oPC_kedrp_FwbfIZmIv-8IN2yktm_JpQHqfYpTXQkPAJHcCv7wV8IL8VNvLs2W1-qbGR-9rLALKqxg\"}'),
(355,	'user/address',	'{\"id\":\"6\"}'),
(356,	'user/updateaddress',	'{\"id\":\"6\"}'),
(357,	'site/search2',	'{\"q\":\"6\"}'),
(358,	'site/error',	'{\"id\":\"4\"}'),
(359,	'site/error',	'{\"id\":\"25\"}'),
(360,	'product/view',	'{\"id\":\"1\"}'),
(361,	'category/subcategory',	'{\"id\":\"16\"}'),
(362,	'category/subcategory',	'{\"id\":\"15\"}'),
(363,	'category/subcategory',	'{\"id\":\"94\"}'),
(364,	'site/congrats',	'{\"id\":\"9\"}'),
(365,	'site/confirm',	'{\"id\":\"9\",\"key\":\"yXn861Bg-kCn9U3uuFFRcVjhR8Q1O1WZ\"}'),
(366,	'category/subcategory',	'{\"id\":\"6\"}'),
(367,	'site/congrats',	'{\"id\":\"10\"}'),
(368,	'site/congrats',	'{\"id\":\"11\"}'),
(369,	'site/congrats',	'{\"id\":\"12\"}'),
(370,	'site/search2',	'{\"q\":\"1.27.C.19\"}'),
(371,	'product/view',	'{\"id\":\"2\"}'),
(372,	'site/error',	'{\"id\":\"21\"}'),
(373,	'product/view',	'{\"id\":\"3\"}'),
(374,	'site/error',	'{\"id\":\"22\"}'),
(375,	'site/artist',	'{\"id\":\"8\"}'),
(376,	'site/artist',	'{\"id\":\"4\"}'),
(377,	'site/artist',	'{\"id\":\"5\"}'),
(378,	'site/error',	'{\"id\":\"23\"}'),
(379,	'site/error',	'{\"id\":\"17\"}'),
(380,	'site/artist',	'{\"id\":\"7\"}'),
(381,	'site/artist',	'{\"id\":\"16\"}'),
(382,	'site/artist',	'{\"id\":\"14\"}'),
(383,	'category/subcategory',	'{\"id\":\"5\",\"ProductSearch\":{\"price1\":\"7\",\"price2\":\"\",\"type\":\"\",\"size\":\"\"}}'),
(384,	'category/subcategory',	'{\"id\":\"5\",\"ProductSearch\":{\"price1\":\"10\",\"price2\":\"\",\"type\":\"\",\"size\":\"\"}}'),
(385,	'product/view',	'{\"id\":\"26\"}'),
(386,	'product/view',	'{\"id\":\"30\"}'),
(387,	'product/view',	'{\"id\":\"32\"}'),
(388,	'product/view',	'{\"id\":\"40\"}'),
(389,	'product/view',	'{\"id\":\"41\"}'),
(390,	'site/search2',	'{\"q\":\"e\"}'),
(391,	'site/search2',	'{\"q\":\"edua\"}'),
(392,	'category/subcategory',	'{\"id\":\"5\",\"ProductSearch\":{\"price1\":\"7\",\"price2\":\"10\",\"type\":\"1\",\"size\":\"\"}}'),
(393,	'category/subcategory',	'{\"id\":\"5\",\"ProductSearch\":{\"price1\":\"7\",\"price2\":\"8\",\"type\":\"\",\"size\":\"\"}}'),
(394,	'category/subcategory',	'{\"id\":\"5\",\"ProductSearch\":{\"price1\":\"\",\"price2\":\"\",\"type\":\"1\",\"size\":\"\"}}'),
(395,	'category/subcategory',	'{\"id\":\"5\",\"ProductSearch\":{\"price1\":\"\",\"price2\":\"\",\"type\":\"1\",\"size\":\"M\"}}'),
(396,	'category/subcategory',	'{\"id\":\"5\",\"ProductSearch\":{\"price1\":\"\",\"price2\":\"\",\"type\":\"1\",\"size\":\"S\"}}'),
(397,	'category/subcategory',	'{\"id\":\"5\",\"ProductSearch\":{\"price1\":\"\",\"price2\":\"\",\"type\":\"1\",\"size\":\"L\"}}'),
(398,	'category/subcategory',	'{\"id\":\"5\",\"ProductSearch\":{\"price1\":\"\",\"price2\":\"\",\"type\":\"\",\"size\":\"S\"}}'),
(399,	'category/subcategory',	'{\"id\":\"5\",\"ProductSearch\":{\"price1\":\"\",\"price2\":\"\",\"type\":\"\",\"size\":\"M\"}}'),
(400,	'category/subcategory',	'{\"id\":\"8\",\"ProductSearch\":{\"price1\":\"\",\"price2\":\"\",\"type\":\"\",\"size\":\"S\"}}'),
(401,	'category/subcategory',	'{\"id\":\"7\",\"ProductSearch\":{\"price1\":\"\",\"price2\":\"\",\"type\":\"1\",\"size\":\"\"}}'),
(402,	'category/subcategory',	'{\"id\":\"7\",\"ProductSearch\":{\"price1\":\"\",\"price2\":\"\",\"type\":\"3\",\"size\":\"\"}}'),
(403,	'category/subcategory',	'{\"id\":\"7\",\"ProductSearch\":{\"price1\":\"\",\"price2\":\"\",\"type\":\"\",\"size\":\"\"}}'),
(404,	'category/subcategory',	'{\"id\":\"8\",\"ProductSearch\":{\"price1\":\"8\",\"price2\":\"9\",\"type\":\"\",\"size\":\"\"}}'),
(405,	'category/subcategory',	'{\"id\":\"5\",\"ProductSearch\":{\"price1\":\"1\",\"price2\":\"8\",\"type\":\"\",\"size\":\"\"}}'),
(406,	'category/subcategory',	'{\"id\":\"5\",\"ProductSearch\":{\"price1\":\"0\",\"price2\":\"4\",\"type\":\"\",\"size\":\"\"}}'),
(407,	'category/subcategory',	'{\"id\":\"5\",\"ProductSearch\":{\"price1\":\"0\",\"price2\":\"4\",\"type\":\"1\",\"size\":\"\"}}'),
(408,	'category/subcategory',	'{\"id\":\"5\",\"ProductSearch\":{\"price1\":\"3000\",\"price2\":\"5000\",\"type\":\"\",\"size\":\"\"}}'),
(409,	'category/subcategory',	'{\"id\":\"5\",\"ProductSearch\":{\"price1\":\"3000\",\"price2\":\"5000\",\"type\":\"1\",\"size\":\"\"}}'),
(410,	'category/subcategory',	'{\"id\":\"5\",\"ProductSearch\":{\"price1\":\"3000\",\"price2\":\"5000\",\"type\":\"1\",\"size\":\"S\"}}'),
(411,	'category/subcategory',	'{\"id\":\"5\",\"ProductSearch\":{\"price1\":\"3000\",\"price2\":\"5000\",\"type\":\"3\",\"size\":\"M\"}}'),
(412,	'product/view',	'{\"id\":\"28\"}'),
(413,	'category/subcategory',	'{\"id\":\"7\",\"ProductSearch\":{\"price1\":\"\",\"price2\":\"\",\"type\":\"\",\"size\":\"M\"}}'),
(414,	'category/subcategory',	'{\"id\":\"8\",\"ProductSearch\":{\"price1\":\"\",\"price2\":\"\",\"type\":\"\",\"size\":\"M\"}}'),
(415,	'site/artist',	'{\"id\":\"17\"}'),
(416,	'product/view',	'{\"id\":\"42\"}'),
(417,	'site/search2',	'{\"q\":\"lam\"}'),
(418,	'site/artist',	'{\"id\":\"12\"}'),
(419,	'site/artist',	'{\"id\":\"24\"}'),
(420,	'product/view',	'{\"id\":\"43\"}'),
(421,	'site/artist',	'{\"id\":\"11\"}'),
(422,	'site/addtocart',	'{\"id\":\"12\"}'),
(423,	'site/artist',	'{\"id\":\"18\"}'),
(424,	'site/artist',	'{\"id\":\"10\"}'),
(425,	'product/view',	'{\"id\":\"31\"}'),
(426,	'product/view',	'{\"id\":\"27\"}'),
(427,	'site/artist',	'{\"id\":\"15\"}'),
(428,	'site/artist',	'{\"id\":\"25\"}'),
(429,	'product/view',	'{\"id\":\"39\"}'),
(430,	'category/subcategory',	'{\"id\":\"5\",\"ProductSearch\":{\"price1\":\"1000\",\"price2\":\"\",\"type\":\"\",\"size\":\"\"}}'),
(431,	'category/subcategory',	'{\"id\":\"5\",\"ProductSearch\":{\"price1\":\"1000\",\"price2\":\"\",\"type\":\"1\",\"size\":\"\"}}'),
(432,	'product/view',	'{\"id\":\"45\"}'),
(433,	'category/subcategory',	'{\"id\":\"5\",\"page\":\"2\"}'),
(434,	'category/subcategory',	'{\"id\":\"5\",\"page\":\"1\"}'),
(435,	'category/subcategory',	'{\"id\":\"5\",\"page\":\"1\",\"ProductSearch\":{\"price1\":\"500\",\"price2\":\"1000\",\"type\":\"\",\"size\":\"\"}}'),
(436,	'site/search2',	'{\"q\":\"hj\"}'),
(437,	'site/search2',	'{\"q\":\"1.\"}'),
(438,	'site/search2',	'{\"q\":\"1.2\"}'),
(439,	'site/search2',	'{\"q\":\"1.29\"}'),
(440,	'site/search2',	'{\"q\":\"1.29.\"}'),
(441,	'site/search2',	'{\"q\":\"1.29.F\"}'),
(442,	'site/search2',	'{\"q\":\"1.29.F.\"}'),
(443,	'site/search2',	'{\"q\":\"1.29.F.32\"}'),
(444,	'site/search2',	'{\"q\":\"1\"}'),
(445,	'site/search2',	'{\"q\":\"kingman\"}'),
(446,	'site/search2',	'{\"q\":\"kingma\"}'),
(447,	'site/search2',	'{\"q\":\"k\"}'),
(448,	'site/search2',	'{\"q\":\"Laurent Casimir\"}'),
(449,	'site/search2',	'{\"q\":\"ec\"}'),
(450,	'site/search2',	'{\"q\":\"osw\"}'),
(451,	'site/search2',	'{\"q\":\"o\"}'),
(452,	'site/search2',	'{\"q\":\"sin t\"}'),
(453,	'site/search2',	'{\"q\":\"esp\"}'),
(454,	'site/search2',	'{\"q\":\"es\"}'),
(455,	'site/search2',	'{\"q\":\"kin\"}'),
(456,	'site/search2',	'{\"q\":\"Ki\"}'),
(457,	'site/search2',	'{\"q\":\"Nicola\"}'),
(458,	'site/search2',	'{\"q\":\"Nicolas\"}'),
(459,	'site/search2',	'{\"q\":\"Nicolas \"}'),
(460,	'site/search2',	'{\"q\":\"Nicolas S\"}'),
(461,	'site/search2',	'{\"q\":\"Nicolas Svi\"}'),
(462,	'site/search2',	'{\"q\":\"Nicolas Svis\"}'),
(463,	'site/search2',	'{\"q\":\"Nicolas Svist\"}'),
(464,	'site/search2',	'{\"q\":\"Nicolas Svistoo\"}'),
(465,	'site/search2',	'{\"q\":\"Nicolas Svistoono\"}'),
(466,	'site/search2',	'{\"q\":\"Nicolas Svistoonoff\"}'),
(467,	'category/subcategory',	'{\"id\":\"5\",\"ProductSearch\":{\"price1\":\"500\",\"price2\":\"1000\",\"type\":\"\",\"size\":\"\"}}'),
(468,	'site/search2',	'{\"q\":\"edu\"}'),
(469,	'category/subcategory',	'{\"id\":\"5\",\"ProductSearch\":{\"price1\":\"300\",\"price2\":\"1000\",\"type\":\"1\",\"size\":\"\"}}'),
(470,	'category/subcategory',	'{\"id\":\"5\",\"ProductSearch\":{\"price1\":\"1500\",\"price2\":\"1500\",\"type\":\"1\",\"size\":\"\"}}'),
(471,	'site/search2',	'{\"q\":\"f.\"}'),
(472,	'site/search2',	'{\"q\":\"f.1\"}'),
(473,	'category/subcategory',	'{\"id\":\"5\",\"ProductSearch\":{\"price1\":\"5000\",\"price2\":\"20000\",\"type\":\"1\",\"size\":\"\"}}'),
(474,	'category/subcategory',	'{\"id\":\"5\",\"page\":\"1\",\"ProductSearch\":{\"price1\":\"500\",\"price2\":\"\",\"type\":\"\",\"size\":\"\"}}'),
(475,	'category/subcategory',	'{\"id\":\"5\",\"ProductSearch\":{\"price1\":\"500\",\"price2\":\"1500\",\"type\":\"1\",\"size\":\"\"}}'),
(476,	'category/subcategory',	'{\"id\":\"5\",\"page\":\"1\",\"ProductSearch\":{\"price1\":\"20000\",\"price2\":\"50000\",\"type\":\"\",\"size\":\"\"}}'),
(477,	'category/subcategory',	'{\"id\":\"5\",\"page\":\"1\",\"ProductSearch\":{\"price1\":\"10000\",\"price2\":\"50000\",\"type\":\"\",\"size\":\"\"}}'),
(478,	'product/view',	'{\"id\":\"35\"}'),
(479,	'site/artist',	'{\"id\":\"28\"}'),
(480,	'site/addtocart',	'{\"id\":\"27\"}'),
(481,	'site/search2',	'{\"q\":\"1.1\"}'),
(482,	'site/search2',	'{\"q\":\"1.10.\"}'),
(483,	'site/search2',	'{\"q\":\"1.10.F.\"}'),
(484,	'site/search2',	'{\"q\":\"1.10.F.50\"}'),
(485,	'site/search2',	'{\"q\":\"king\"}'),
(486,	'site/search2',	'{\"q\":\"Ed\"}'),
(487,	'product/view',	'{\"id\":\"29\"}'),
(488,	'site/artist',	'{\"id\":\"20\"}'),
(489,	'category/subcategory',	'{\"id\":\"100\"}'),
(490,	'site/congrats',	'{\"id\":\"13\"}'),
(491,	'site/search2',	'{\"q\":\"1.13.C.52\"}'),
(492,	'site/search2',	'{\"q\":\"1.13.C.52 \"}'),
(493,	'site/search2',	'{\"q\":\"1.12\"}'),
(494,	'site/search2',	'{\"q\":\"1.12.\"}'),
(495,	'site/search2',	'{\"q\":\"1.12.A\"}'),
(496,	'site/search2',	'{\"q\":\"1.13\"}'),
(497,	'site/search2',	'{\"q\":\"1.13.\"}'),
(498,	'site/search2',	'{\"q\":\"1.13.C\"}'),
(499,	'site/search2',	'{\"q\":\"1.13.C.\"}'),
(500,	'site/search2',	'{\"q\":\"1.13.C.5\"}'),
(501,	'site/reset',	'{\"token\":\"RHDYtIqKX3elJWbp5m7p3ej1JVuaCVEX_1517525321\"}'),
(502,	'site/search2',	'{\"q\":\"PRIMER D\\u00cdA DE PRUEBAS  Cuando me registro sale el mensaje \\u00a8Gracias Ana en Ingles \\u00a8Gracias Ana en Ingles estando en la p\\u00e1gina de espa\\u00f1ol\\u00a8.  SIGUE IGUAL\"}'),
(503,	'site/search2',	'{\"q\":\"PRIMER D\\u00cdA DE PRUEBAS  Cuando me registro sale el mensaje \\u00a8Gracias Ana en Ingles \\u00a8Gracias Ana en Ingles estando en la p\\u00e1gina de espa\\u00f1ol\\u00a8.  SIGUE IGUA\"}'),
(504,	'site/search2',	'{\"q\":\"PRIMER D\\u00cdA DE PRUEBAS  Cuando me registro sale el mensaje \\u00a8Gracias Ana en Ingles \\u00a8Gracias Ana en Ingles estando en la p\\u00e1gina de espa\"}'),
(505,	'site/search2',	'{\"q\":\"P\"}'),
(506,	'product/view',	'{\"id\":\"44\"}'),
(507,	'site/search2',	'{\"q\":\"1.12.F.44\"}'),
(508,	'site/search2',	'{\"q\":\"1.29.F.55\"}'),
(509,	'site/search2',	'{\"q\":\"Oswaldo Viteri\"}'),
(510,	'site/search2',	'{\"q\":\"Oswaldo Viter\"}'),
(511,	'site/congrats',	'{\"id\":\"14\"}'),
(512,	'site/confirm',	'{\"id\":\"14\",\"key\":\"MB6gcUPjm5LQUO3zNf-_2Wj3ftdJzcXk\"}'),
(513,	'site/search2',	'{\"q\":\"ti \"}'),
(514,	'site/search2',	'{\"q\":\"\\u00f3le\"}'),
(515,	'site/search2',	'{\"q\":\"\\u00f3\"}'),
(516,	'category/subcategory',	'{\"id\":\"97\"}'),
(517,	'product/view',	'{\"id\":\"46\"}'),
(518,	'product/view',	'{\"id\":\"38\"}'),
(519,	'site/addtocart',	'{\"id\":\"10\"}'),
(520,	'site/error',	'{\"id\":\"34\"}'),
(521,	'category/subcategory',	'{\"id\":\"108\"}'),
(522,	'site/error',	'{\"id\":\"67\"}'),
(523,	'category/subcategory',	'{\"id\":\"107\"}'),
(524,	'category/subcategory',	'{\"id\":\"106\"}'),
(525,	'category/subcategory',	'{\"id\":\"104\"}'),
(526,	'site/error',	'{\"id\":\"88\"}'),
(527,	'site/search2',	'{\"q\":\"B\"}'),
(528,	'site/search2',	'{\"q\":\"Bl\"}'),
(529,	'site/search2',	'{\"q\":\"Bln\"}'),
(530,	'site/search2',	'{\"q\":\"Blnc\"}'),
(531,	'site/search2',	'{\"q\":\"Blnca\"}'),
(532,	'site/search2',	'{\"q\":\"Blanca \"}'),
(533,	'site/search2',	'{\"q\":\"Blanca s\"}'),
(534,	'site/search2',	'{\"q\":\"Blanca sya\"}'),
(535,	'site/search2',	'{\"q\":\"Blanca sy\"}'),
(536,	'site/search2',	'{\"q\":\"Blanca syare\"}'),
(537,	'site/search2',	'{\"q\":\"Blanca Su\\u00e1rez \"}'),
(538,	'category/subcategory',	'{\"id\":\"98\"}'),
(539,	'site/addtocart',	'{\"id\":\"11\"}'),
(540,	'site/addtocart',	'{\"id\":\"14\"}'),
(541,	'site/addtocart',	'{\"id\":\"29\"}'),
(542,	'site/error',	'{\"id\":\"56\"}'),
(543,	'site/artist',	'{\"id\":\"9\"}'),
(544,	'site/artist',	'{\"id\":\"27\"}'),
(545,	'site/addtocart',	'{\"id\":\"17\"}'),
(546,	'site/artist',	'{\"id\":\"26\"}'),
(547,	'site/error',	'{\"id\":\"42\"}'),
(548,	'site/addtocart',	'{\"id\":\"39\"}'),
(549,	'site/artist',	'{\"id\":\"29\"}'),
(550,	'category/subcategory',	'{\"id\":\"102\"}'),
(551,	'site/addtocart',	'{\"id\":\"24\"}'),
(552,	'site/artist',	'{\"id\":\"30\"}'),
(553,	'site/addtocart',	'{\"id\":\"45\"}'),
(554,	'site/addtocart',	'{\"id\":\"44\"}'),
(555,	'site/removefromcart',	'{\"id\":\"45\"}'),
(556,	'site/removefromcart',	'{\"id\":\"44\"}'),
(557,	'site/artist',	'{\"id\":\"13\"}'),
(558,	'site/artist',	'{\"id\":\"22\"}'),
(559,	'site/addtocart',	'{\"id\":\"50\"}'),
(560,	'category/subcategory',	'{\"id\":\"109\"}'),
(561,	'site/artist',	'{\"id\":\"31\"}'),
(562,	'product/view',	'{\"id\":\"50\"}'),
(563,	'product/view',	'{\"id\":\"49\"}'),
(564,	'product/view',	'{\"id\":\"51\"}'),
(565,	'product/view',	'{\"id\":\"53\"}'),
(566,	'site/error',	'{\"id\":\"62\"}'),
(567,	'site/error',	'{\"id\":\"93\"}'),
(568,	'product/view',	'{\"id\":\"52\"}'),
(569,	'product/view',	'{\"id\":\"25\"}'),
(570,	'site/error',	'{\"id\":\"58\"}'),
(571,	'product/view',	'{\"id\":\"48\"}'),
(572,	'site/search2',	'{\"q\":\"sa\"}'),
(573,	'site/addtocart',	'{\"id\":\"54\"}'),
(574,	'site/addtocart',	'{\"id\":\"51\"}'),
(575,	'product/view',	'{\"id\":\"54\"}'),
(576,	'product/view',	'{\"id\":\"55\"}'),
(577,	'site/addtocart',	'{\"id\":\"26\"}'),
(578,	'site/removefromcart',	'{\"id\":\"26\"}'),
(579,	'site/removefromcart',	'{\"id\":\"51\"}'),
(580,	'site/addtocart',	'{\"id\":\"52\"}'),
(581,	'site/addtocart',	'{\"id\":\"55\"}'),
(582,	'site/removefromcart',	'{\"id\":\"54\"}'),
(583,	'site/addtocart',	'{\"id\":\"53\"}'),
(584,	'site/addtocart',	'{\"id\":\"56\"}'),
(585,	'site/removefromcart',	'{\"id\":\"53\"}'),
(586,	'site/removefromcart',	'{\"id\":\"55\"}'),
(587,	'site/removefromcart',	'{\"id\":\"56\"}'),
(588,	'site/removefromcart',	'{\"id\":\"52\"}'),
(589,	'product/view',	'{\"id\":\"57\"}'),
(590,	'product/view',	'{\"id\":\"56\"}'),
(591,	'product/view',	'{\"id\":\"47\"}'),
(592,	'site/addtocart',	'{\"id\":\"61\"}'),
(593,	'site/addtocart',	'{\"id\":\"58\"}'),
(594,	'site/addtocart',	'{\"id\":\"59\"}'),
(595,	'site/addtocart',	'{\"id\":\"62\"}'),
(596,	'site/addtocart',	'{\"id\":\"63\"}'),
(597,	'site/removefromcart',	'{\"id\":\"62\"}'),
(598,	'site/removefromcart',	'{\"id\":\"63\"}'),
(599,	'site/removefromcart',	'{\"id\":\"58\"}'),
(600,	'site/removefromcart',	'{\"id\":\"59\"}'),
(601,	'site/removefromcart',	'{\"id\":\"61\"}'),
(602,	'site/removefromcart',	'{\"id\":\"12\"}'),
(603,	'product/view',	'{\"id\":\"60\"}'),
(604,	'site/addtocart',	'{\"id\":\"60\"}'),
(605,	'category/subcategory',	'{\"id\":\"109\",\"ProductSearch\":{\"price1\":\"1500\",\"price2\":\"20000\",\"type\":\"\",\"size\":\"\"}}'),
(606,	'site/addtocart',	'{\"id\":\"46\"}'),
(607,	'site/removefromcart',	'{\"id\":\"46\"}'),
(608,	'site/removefromcart',	'{\"id\":\"50\"}'),
(609,	'site/addtocart',	'{\"id\":\"57\"}'),
(610,	'site/search2',	'{\"q\":\"os\"}'),
(611,	'site/search2',	'{\"q\":\"ose\"}'),
(612,	'site/search2',	'{\"q\":\"oswa\"}'),
(613,	'product/view',	'{\"id\":\"61\"}'),
(614,	'site/congrats',	'{\"id\":\"15\"}'),
(615,	'user/address',	'{\"id\":\"7\"}'),
(616,	'site/confirm',	'{\"id\":\"15\",\"key\":\"6eAzqN1d8fONH7btFn9fff21ShJxz_Yp\"}'),
(617,	'user/updateaddress',	'{\"id\":\"7\"}'),
(618,	'user/update',	'{\"id\":\"14\"}'),
(619,	'site/error',	'{\"id\":\"14\"}'),
(620,	'site/error',	'{\"id\":\"71\"}'),
(621,	'product/view',	'{\"id\":\"58\"}'),
(622,	'site/addtocart',	'{\"id\":\"22\"}'),
(623,	'site/addtocart',	'{\"id\":\"21\"}'),
(624,	'site/error',	'{\"id\":\"80\"}'),
(625,	'site/addtocart',	'{\"id\":\"25\"}'),
(626,	'site/addtocart',	'{\"id\":\"40\"}'),
(627,	'site/error',	'{\"id\":\"77\"}'),
(628,	'site/error',	'{\"id\":\"89\"}'),
(629,	'site/error',	'{\"id\":\"74\"}'),
(630,	'site/addtocart',	'{\"id\":\"16\"}'),
(631,	'site/artist',	'{\"id\":\"21\"}'),
(632,	'site/search2',	'{\"q\":\"guaya\"}'),
(633,	'site/search2',	'{\"q\":\"guayasa\"}'),
(634,	'site/search2',	'{\"q\":\"guayasami\"}'),
(635,	'site/search2',	'{\"q\":\"guayasamin\"}'),
(636,	'category/subcategory',	'{\"id\":\"40\",\"ProductSearch\":{\"price1\":\"\",\"price2\":\"1000\",\"size\":\"\"}}'),
(637,	'site/artist',	'{\"id\":\"19\"}'),
(638,	'category/subcategory',	'{\"id\":\"40\",\"ProductSearch\":{\"price1\":\"\",\"price2\":\"1000\",\"size\":\"M\"}}'),
(639,	'category/subcategory',	'{\"id\":\"21\",\"ProductSearch\":{\"price1\":\"\",\"price2\":\"\",\"type\":\"1\",\"size\":\"\"}}'),
(640,	'product/view',	'{\"id\":\"33\"}'),
(641,	'site/addtocart',	'{\"id\":\"48\"}'),
(642,	'site/addtocart',	'{\"id\":\"49\"}'),
(643,	'product/view',	'{\"id\":\"34\"}'),
(644,	'product/view',	'{\"id\":\"36\"}'),
(645,	'site/addtocart',	'{\"id\":\"35\"}'),
(646,	'site/forgot',	'{\"ForgotForm\":{\"username\":\"1\"},\"_csrf\":\"0qUC874b_DAZrJuQSUbhU8bh0Q9t2c4Hew_C_smSuPRhU7UGZcebdXoW2SNDtw7JB2gapbSV3K9L8PC1eEIzuQ==\"}'),
(647,	'site/login',	'{\"LoginForm\":{\"password\":\"1\",\"username\":\"1\"},\"_csrf\":\"cKqEYe8ZJmThL3QMsa-U6pi97DLZFymh8hyhYj078LXDXDOUNMVBIYKVNr-7XntwWTQnmABbOwnC45MpjOt7-A==\",\"login-button\":\"1\"}'),
(648,	'category/subcategory',	'{\"ProductSearch\":{\"price1\":\"1\",\"price2\":\"1\",\"size\":\"1\"},\"id\":\"107\"}'),
(649,	'site/register',	'{\"User\":{\"birthday\":\"1\",\"confirmPassword\":\"1\",\"lastnames\":\"1\",\"names\":\"1\",\"password\":\"1\",\"sex\":\"1\",\"username\":\"1\"},\"_csrf\":\"VY6WAcvostk88bZyWmApt3wZ9TgR1lWkabp46Lmsk_rmeCH0EDTVnF9L9MFQkcYtvZA-ksiaRwxZRUqjCHwYtw==\"}'),
(650,	'site/forgot',	'{\"ForgotForm\":{\"username\":\"1\"},\"_csrf\":\"BtS62DFyXLuqvGidSoU88D8pLX4-Dj2XHoIyKMgp0K4Oyiz2ZUbuPzahIShDx7njl1gOSBbvdk_qSh7fon5nBA==\"}'),
(651,	'site/login',	'{\"LoginForm\":{\"password\":\"1\",\"username\":\"1\"},\"_csrf\":\"p17Lju5vVVjWv-PJ1P0bTfLxgI_puXLo3Cg9QhSlMROvQF2gulvn3Eqiqnzdv55eWoCjucFYOTAo4BG1fvKGuQ==\",\"login-button\":\"1\"}'),
(652,	'site/register',	'{\"User\":{\"birthday\":\"1\",\"confirmPassword\":\"1\",\"lastnames\":\"1\",\"names\":\"1\",\"password\":\"1\",\"sex\":\"1\",\"username\":\"1\"},\"_csrf\":\"oPdhC5MWYPCp-eWwtrycs-P-Css5vBvy-vDfQpClVgeo6fclxyLSdDXkrAW__hmgS48p_RFdUCoOOPO1-vLhrQ==\"}'),
(653,	'site/forgot',	'{\"ForgotForm\":{\"username\":\"1\"},\"_csrf\":\"BtS62DFyXLuqvGidSoU88D8pLX4-Dj2XHoIyKMgp0K4Oyiz2ZUbuPzahIShDx7njl1gOSBbvdk_qSh7fon5nBA\"}'),
(654,	'site/register',	'{\"User\":{\"birthday\":\"1\",\"confirmPassword\":\"1\",\"lastnames\":\"1\",\"names\":\"1\",\"password\":\"1\",\"sex\":\"1\",\"username\":\"1\"},\"_csrf\":\"oPdhC5MWYPCp-eWwtrycs-P-Css5vBvy-vDfQpClVgeo6fclxyLSdDXkrAW__hmgS48p_RFdUCoOOPO1-vLhrQ\"}'),
(655,	'site/login',	'{\"LoginForm\":{\"username\":\"1\",\"password\":\"1\"},\"login-button\":\"1\",\"_csrf\":\"p17Lju5vVVjWv-PJ1P0bTfLxgI_puXLo3Cg9QhSlMROvQF2gulvn3Eqiqnzdv55eWoCjucFYOTAo4BG1fvKGuQ\"}'),
(656,	'site/login',	'{\"LoginForm\":{\"username\":\"1\",\"password\":\"1\"},\"_csrf\":\"cKqEYe8ZJmThL3QMsa-U6pi97DLZFymh8hyhYj078LXDXDOUNMVBIYKVNr-7XntwWTQnmABbOwnC45MpjOt7-A\",\"login-button\":\"1\"}'),
(657,	'site/register',	'{\"User\":{\"birthday\":\"1\",\"confirmPassword\":\"1\",\"lastnames\":\"1\",\"names\":\"1\",\"password\":\"1\",\"sex\":\"1\",\"username\":\"1\"},\"_csrf\":\"VY6WAcvostk88bZyWmApt3wZ9TgR1lWkabp46Lmsk_rmeCH0EDTVnF9L9MFQkcYtvZA-ksiaRwxZRUqjCHwYtw\"}'),
(658,	'site/register',	'{\"User\":{\"password\":\"1\",\"sex\":\"1\",\"birthday\":\"1\",\"username\":\"1\",\"names\":\"1\",\"lastnames\":\"1\",\"confirmPassword\":\"1\"},\"_csrf\":\"oPdhC5MWYPCp-eWwtrycs-P-Css5vBvy-vDfQpClVgeo6fclxyLSdDXkrAW__hmgS48p_RFdUCoOOPO1-vLhrQ\"}'),
(659,	'site/login',	'{\"LoginForm\":{\"password\":\"1\",\"username\":\"1\"},\"_csrf\":\"cKqEYe8ZJmThL3QMsa-U6pi97DLZFymh8hyhYj078LXDXDOUNMVBIYKVNr-7XntwWTQnmABbOwnC45MpjOt7-A\",\"login-button\":\"1\"}'),
(660,	'site/login',	'{\"LoginForm\":{\"password\":\"1\",\"username\":\"1\"},\"_csrf\":\"p17Lju5vVVjWv-PJ1P0bTfLxgI_puXLo3Cg9QhSlMROvQF2gulvn3Eqiqnzdv55eWoCjucFYOTAo4BG1fvKGuQ\",\"login-button\":\"1\"}'),
(661,	'site/register',	'{\"User\":{\"password\":\"1\",\"sex\":\"1\",\"birthday\":\"1\",\"names\":\"1\",\"username\":\"1\",\"confirmPassword\":\"1\",\"lastnames\":\"1\"},\"_csrf\":\"VY6WAcvostk88bZyWmApt3wZ9TgR1lWkabp46Lmsk_rmeCH0EDTVnF9L9MFQkcYtvZA-ksiaRwxZRUqjCHwYtw\"}'),
(662,	'site/forgot',	'{\"_csrf\":\"0qUC874b_DAZrJuQSUbhU8bh0Q9t2c4Hew_C_smSuPRhU7UGZcebdXoW2SNDtw7JB2gapbSV3K9L8PC1eEIzuQ\",\"ForgotForm\":{\"username\":\"1\"}}'),
(663,	'site/addtocart',	'{\"id\":\"37\"}'),
(664,	'category/subcategory',	'{\"ProductSearch\":{\"price1\":\"1\",\"price2\":\"1\",\"size\":\"1\"},\"id\":\"98\"}'),
(665,	'category/subcategory',	'{\"ProductSearch\":{\"price1\":\"1\",\"price2\":\"1\",\"size\":\"1\"},\"id\":\"108\"}'),
(666,	'site/forgot',	'{\"ForgotForm\":{\"username\":\"1\"},\"_csrf\":\"0qUC874b_DAZrJuQSUbhU8bh0Q9t2c4Hew_C_smSuPRhU7UGZcebdXoW2SNDtw7JB2gapbSV3K9L8PC1eEIzuQ\"}'),
(667,	'category/subcategory',	'{\"ProductSearch\":{\"price1\":\"1\",\"price2\":\"1\",\"size\":\"1\",\"type\":\"1\"},\"id\":\"106\"}'),
(668,	'category/subcategory',	'{\"ProductSearch\":{\"price1\":\"1\",\"price2\":\"1\",\"size\":\"1\",\"type\":\"1\"},\"id\":\"109\"}'),
(669,	'site/login',	'{\"LoginForm\":{\"username\":\"1\",\"password\":\"1\"},\"login-button\":\"1\",\"_csrf\":\"cKqEYe8ZJmThL3QMsa-U6pi97DLZFymh8hyhYj078LXDXDOUNMVBIYKVNr-7XntwWTQnmABbOwnC45MpjOt7-A\"}'),
(670,	'site/register',	'{\"User\":{\"password\":\"1\",\"sex\":\"1\",\"birthday\":\"1\",\"names\":\"1\",\"username\":\"1\",\"confirmPassword\":\"1\",\"lastnames\":\"1\"},\"_csrf\":\"oPdhC5MWYPCp-eWwtrycs-P-Css5vBvy-vDfQpClVgeo6fclxyLSdDXkrAW__hmgS48p_RFdUCoOOPO1-vLhrQ\"}'),
(671,	'site/register',	'{\"User\":{\"password\":\"1\",\"sex\":\"1\",\"birthday\":\"1\",\"username\":\"1\",\"names\":\"1\",\"lastnames\":\"1\",\"confirmPassword\":\"1\"},\"_csrf\":\"VY6WAcvostk88bZyWmApt3wZ9TgR1lWkabp46Lmsk_rmeCH0EDTVnF9L9MFQkcYtvZA-ksiaRwxZRUqjCHwYtw\"}'),
(672,	'site/artist',	'{\"id\":\"6\"}'),
(673,	'product/view',	'{\"id\":\"24\"}'),
(674,	'site/addtocart',	'{\"id\":\"43\"}'),
(675,	'site/addtocart',	'{\"id\":\"36\"}'),
(676,	'site/addtocart',	'{\"id\":\"34\"}'),
(677,	'category/subcategory',	'{\"ProductSearch\":{\"price1\":\"1\",\"price2\":\"1\",\"size\":\"1\",\"type\":\"1\"},\"id\":\"5\",\"page\":\"1\"}'),
(678,	'category/subcategory',	'{\"ProductSearch\":{\"price1\":\"1\",\"price2\":\"1\",\"size\":\"1\",\"type\":\"1\"},\"id\":\"5\",\"page\":\"2\"}'),
(679,	'site/addtocart',	'{\"id\":\"20\"}'),
(680,	'site/artist',	'{\"id\":\"23\"}'),
(681,	'site/addtocart',	'{\"id\":\"32\"}'),
(682,	'site/addtocart',	'{\"id\":\"13\"}'),
(683,	'site/addtocart',	'{\"id\":\"31\"}'),
(684,	'site/addtocart',	'{\"id\":\"19\"}'),
(685,	'site/addtocart',	'{\"id\":\"15\"}'),
(686,	'site/addtocart',	'{\"id\":\"33\"}'),
(687,	'site/addtocart',	'{\"id\":\"30\"}'),
(688,	'site/addtocart',	'{\"id\":\"65\"}'),
(689,	'site/addtocart',	'{\"id\":\"41\"}'),
(690,	'product/view',	'{\"id\":\"59\"}'),
(691,	'product/view',	'{\"id\":\"37\"}'),
(692,	'site/addtocart',	'{\"id\":\"64\"}'),
(693,	'site/addtocart',	'{\"id\":\"38\"}'),
(694,	'site/addtocart',	'{\"id\":\"42\"}'),
(695,	'site/addtocart',	'{\"id\":\"47\"}'),
(696,	'site/error',	'{\"id\":\"72\"}'),
(697,	'site/error',	'{\"id\":\"66\"}'),
(698,	'site/error',	'{\"id\":\"79\"}'),
(699,	'site/removefromcart',	'{\"id\":\"30\"}'),
(700,	'site/removefromcart',	'{\"id\":\"21\"}'),
(701,	'site/removefromcart',	'{\"id\":\"32\"}'),
(702,	'site/removefromcart',	'{\"id\":\"17\"}'),
(703,	'site/removefromcart',	'{\"id\":\"29\"}'),
(704,	'site/removefromcart',	'{\"id\":\"27\"}'),
(705,	'site/removefromcart',	'{\"id\":\"33\"}'),
(706,	'site/removefromcart',	'{\"id\":\"14\"}'),
(707,	'site/removefromcart',	'{\"id\":\"48\"}'),
(708,	'site/removefromcart',	'{\"id\":\"11\"}'),
(709,	'site/removefromcart',	'{\"id\":\"13\"}'),
(710,	'site/removefromcart',	'{\"id\":\"10\"}'),
(711,	'site/removefromcart',	'{\"id\":\"40\"}'),
(712,	'site/removefromcart',	'{\"id\":\"41\"}'),
(713,	'site/error',	'{\"id\":\"70\"}'),
(714,	'site/error',	'{\"id\":\"75\"}'),
(715,	'site/removefromcart',	'{\"id\":\"49\"}'),
(716,	'site/removefromcart',	'{\"id\":\"25\"}'),
(717,	'site/removefromcart',	'{\"id\":\"39\"}'),
(718,	'site/removefromcart',	'{\"id\":\"22\"}'),
(719,	'site/removefromcart',	'{\"id\":\"19\"}'),
(720,	'site/removefromcart',	'{\"id\":\"16\"}'),
(721,	'site/error',	'{\"id\":\"63\"}'),
(722,	'site/error',	'{\"id\":\"59\"}'),
(723,	'site/search2',	'{\"q\":\"alberto\"}'),
(724,	'site/search2',	'{\"q\":\"albert\"}'),
(725,	'site/search2',	'{\"q\":\"alber\"}'),
(726,	'site/search2',	'{\"q\":\"albe\"}'),
(727,	'site/search2',	'{\"q\":\"alb\"}'),
(728,	'site/search2',	'{\"q\":\"al\"}'),
(729,	'site/error',	'{\"id\":\"86\"}'),
(730,	'site/error',	'{\"id\":\"69\"}'),
(731,	'site/error',	'{\"id\":\"76\"}'),
(732,	'site/search2',	'{\"q\":\"sin ti\"}'),
(733,	'site/search2',	'{\"q\":\"sin titu\"}'),
(734,	'site/search2',	'{\"q\":\"noctur\"}'),
(735,	'site/search2',	'{\"q\":\"nocturno\"}'),
(736,	'site/search2',	'{\"q\":\"ta\"}'),
(737,	'site/search2',	'{\"q\":\"tab\"}'),
(738,	'site/error',	'{\"id\":\"49\"}'),
(739,	'site/search2',	'{\"q\":\"no\"}'),
(740,	'product/view',	'{\"id\":\"67\"}'),
(741,	'site/search2',	'{\"q\":\"tabara\"}'),
(742,	'site/error',	'{\"id\":\"83\"}'),
(743,	'site/error',	'{\"id\":\"84\"}'),
(744,	'site/error',	'{\"id\":\"60\"}'),
(745,	'site/error',	'{\"id\":\"8\"}'),
(746,	'site/error',	'{\"id\":\"61\"}'),
(747,	'site/error',	'{\"id\":\"92\"}'),
(748,	'site/addtocart',	'{\"id\":\"67\"}'),
(749,	'category/subcategory',	'{\"id\":\"40\",\"ProductSearch\":{\"price1\":\"\",\"price2\":\"\",\"type\":\"\",\"size\":\"\"}}'),
(750,	'site/error',	'{\"id\":\"81\"}'),
(751,	'site/search2',	'{\"q\":\"Oswaldo \"}'),
(752,	'site/search2',	'{\"q\":\"Oswaldo V\"}'),
(753,	'site/search2',	'{\"q\":\"Oswaldo Vi\"}'),
(754,	'product/view',	'{\"id\":\"68\"}'),
(755,	'product/view',	'{\"id\":\"70\"}'),
(756,	'site/error',	'{\"id\":\"43\"}'),
(757,	'site/error',	'{\"id\":\"85\"}'),
(758,	'site/error',	'{\"id\":\"54\"}'),
(759,	'site/error',	'{\"id\":\"41\"}'),
(760,	'product/view',	'{\"id\":\"69\"}'),
(761,	'site/error',	'{\"id\":\"64\"}'),
(762,	'site/error',	'{\"id\":\"7\"}'),
(763,	'product/view',	'{\"id\":\"64\"}'),
(764,	'product/view',	'{\"id\":\"71\"}'),
(765,	'product/view',	'{\"id\":\"65\"}'),
(766,	'product/view',	'{\"id\":\"63\"}'),
(767,	'product/view',	'{\"id\":\"62\"}'),
(768,	'site/error',	'{\"LanguageSourceSearch\":{\"category\":\"kvdate\",\"message\":\"\",\"translation\":\"\"},\"language_id\":\"es\",\"_pjax\":\"#translates\"}'),
(769,	'site/error',	'{\"LanguageSourceSearch\":{\"category\":\"kvdate\",\"message\":\"\",\"translation\":\"\"},\"language_id\":\"es\"}'),
(770,	'product/view',	'{\"id\":\"72\"}'),
(771,	'site/removefromcart',	'{\"id\":\"64\"}'),
(772,	'site/removefromcart',	'{\"id\":\"57\"}'),
(773,	'site/removefromcart',	'{\"id\":\"65\"}'),
(774,	'site/removefromcart',	'{\"id\":\"60\"}'),
(775,	'site/error',	'{\"language_id\":\"es\"}'),
(776,	'site/error',	'{\"id\":\"68\"}'),
(777,	'site/removefromcart',	'{\"id\":\"36\"}'),
(778,	'site/removefromcart',	'{\"id\":\"35\"}'),
(779,	'site/removefromcart',	'{\"id\":\"34\"}'),
(780,	'site/removefromcart',	'{\"id\":\"47\"}'),
(781,	'site/removefromcart',	'{\"id\":\"37\"}'),
(782,	'site/removefromcart',	'{\"id\":\"43\"}'),
(783,	'site/error',	'{\"id\":\"55\"}'),
(784,	'site/error',	'{\"id\":\"87\"}'),
(785,	'site/error',	'{\"id\":\"26\"}'),
(786,	'site/error',	'{\"id\":\"29\"}'),
(787,	'site/error',	'{\"id\":\"30\"}'),
(788,	'site/error',	'{\"id\":\"32\"}'),
(789,	'site/error',	'{\"id\":\"35\"}'),
(790,	'site/error',	'{\"id\":\"37\"}'),
(791,	'site/error',	'{\"id\":\"65\"}'),
(792,	'site/error',	'{\"id\":\"78\"}'),
(793,	'site/error',	'{\"id\":\"82\"}'),
(794,	'site/error',	'{\"id\":\"90\"}'),
(795,	'site/error',	'{\"id\":\"91\"}'),
(796,	'product/view',	'{\"id\":\"66\"}'),
(797,	'site/search2',	'{\"q\":\"entique\"}'),
(798,	'site/search2',	'{\"q\":\"tabar\"}'),
(799,	'site/search2',	'{\"q\":\"tabar\\u00e1\"}'),
(800,	'site/search2',	'{\"q\":\"cristo\"}'),
(801,	'site/addtocart',	'{\"id\":\"70\"}'),
(802,	'site/search2',	'{\"q\":\"Fhh\"}'),
(803,	'site/addtocart',	'{\"id\":\"69\"}'),
(804,	'site/removefromcart',	'{\"id\":\"70\"}'),
(805,	'site/removefromcart',	'{\"id\":\"69\"}'),
(806,	'site/addtocart',	'{\"id\":\"71\"}'),
(807,	'site/addtocart',	'{\"id\":\"74\"}'),
(808,	'site/addtocart',	'{\"id\":\"75\"}'),
(809,	'site/addtocart',	'{\"id\":\"76\"}'),
(810,	'site/addtocart',	'{\"id\":\"77\"}'),
(811,	'site/addtocart',	'{\"id\":\"78\"}'),
(812,	'site/addtocart',	'{\"id\":\"80\"}'),
(813,	'site/error',	'{\"LanguageSourceSearch\":{\"category\":\"database\",\"message\":\"\",\"translation\":\"\"},\"language_id\":\"es\",\"page\":\"3\"}'),
(814,	'site/addtocart',	'{\"id\":\"72\"}'),
(815,	'site/addtocart',	'{\"id\":\"73\"}'),
(816,	'site/addtocart',	'{\"id\":\"79\"}'),
(817,	'site/addtocart',	'{\"id\":\"68\"}'),
(818,	'site/removefromcart',	'{\"id\":\"38\"}'),
(819,	'site/removefromcart',	'{\"id\":\"67\"}'),
(820,	'site/removefromcart',	'{\"id\":\"15\"}'),
(821,	'site/removefromcart',	'{\"id\":\"24\"}'),
(822,	'site/search2',	'{\"q\":\"J\"}'),
(823,	'site/search2',	'{\"q\":\"JUL\"}'),
(824,	'site/search2',	'{\"q\":\"carre\"}'),
(825,	'site/search2',	'{\"q\":\"carre\\u00f1o\"}'),
(826,	'site/search2',	'{\"q\":\"ca\"}'),
(827,	'site/search2',	'{\"q\":\"car\"}'),
(828,	'site/search2',	'{\"q\":\"jan \"}'),
(829,	'site/search2',	'{\"q\":\"molin\"}'),
(830,	'site/search2',	'{\"q\":\"molina\"}'),
(831,	'site/search2',	'{\"q\":\"molinar\"}'),
(832,	'site/search2',	'{\"q\":\"ALBERTO GUZ\"}'),
(833,	'site/search2',	'{\"q\":\"ALBERTO GUZM\"}'),
(834,	'site/search2',	'{\"q\":\"ALBERTO GUZMA\"}'),
(835,	'site/search2',	'{\"q\":\"ALBERTO GUZMAN\"}'),
(836,	'site/search2',	'{\"q\":\"n\"}'),
(837,	'site/search2',	'{\"q\":\"na\"}'),
(838,	'site/search2',	'{\"q\":\"nac\"}'),
(839,	'site/search2',	'{\"q\":\"nacimi\"}'),
(840,	'site/search2',	'{\"q\":\"nacimie\"}'),
(841,	'site/search2',	'{\"q\":\"nacimient\"}'),
(842,	'site/search2',	'{\"q\":\"nacimiento\"}'),
(843,	'site/search2',	'{\"q\":\"jo\"}'),
(844,	'site/search2',	'{\"q\":\"jose \"}'),
(845,	'site/search2',	'{\"q\":\"jose lui\"}'),
(846,	'site/search2',	'{\"q\":\"jose luis \"}'),
(847,	'site/search2',	'{\"q\":\"v\"}'),
(848,	'site/search2',	'{\"q\":\"vi\"}'),
(849,	'site/search2',	'{\"q\":\"vie\"}'),
(850,	'site/search2',	'{\"q\":\"viej\"}'),
(851,	'site/search2',	'{\"q\":\"was\"}'),
(852,	'site/search2',	'{\"q\":\"wash\"}'),
(853,	'site/search2',	'{\"q\":\"noc\"}'),
(854,	'site/search2',	'{\"q\":\"noct\"}'),
(855,	'site/search2',	'{\"q\":\"espa\"}'),
(856,	'site/search2',	'{\"q\":\"juli\"}'),
(857,	'site/search2',	'{\"q\":\"julio\"}'),
(858,	'site/removefromcart',	'{\"id\":\"31\"}'),
(859,	'site/removefromcart',	'{\"id\":\"20\"}'),
(860,	'site/removefromcart',	'{\"id\":\"42\"}'),
(861,	'site/removefromcart',	'{\"id\":\"68\"}'),
(862,	'site/removefromcart',	'{\"id\":\"75\"}'),
(863,	'site/removefromcart',	'{\"id\":\"76\"}'),
(864,	'site/removefromcart',	'{\"id\":\"74\"}'),
(865,	'site/removefromcart',	'{\"id\":\"78\"}'),
(866,	'site/removefromcart',	'{\"id\":\"77\"}'),
(867,	'site/removefromcart',	'{\"id\":\"71\"}'),
(868,	'site/removefromcart',	'{\"id\":\"80\"}'),
(869,	'site/artist',	'{\"id\":\"35\"}'),
(870,	'site/artist',	'{\"id\":\"32\"}'),
(871,	'product/view',	'{\"id\":\"73\"}'),
(872,	'product/view',	'{\"id\":\"74\"}'),
(873,	'product/view',	'{\"id\":\"75\"}'),
(874,	'category/index',	'[]'),
(875,	'product/view',	'{\"id\":\"77\"}'),
(876,	'product/view',	'{\"id\":\"76\"}'),
(877,	'product/view',	'{\"id\":\"78\"}'),
(878,	'product/view',	'{\"id\":\"80\"}'),
(879,	'product/view',	'{\"id\":\"82\"}'),
(880,	'product/view',	'{\"id\":\"83\"}'),
(881,	'product/view',	'{\"id\":\"81\"}'),
(882,	'category/subcategory',	'{\"id\":\"110\"}'),
(883,	'category/subcategory',	'{\"id\":\"111\"}'),
(884,	'site/register',	'{\"User\":{\"birthday\":\"1\",\"confirmPassword\":\"1\",\"lastnames\":\"1\",\"names\":\"1\",\"password\":\"1\",\"sex\":\"1\",\"username\":\"1\"},\"_csrf\":\"6uosORniqkJy52rzs4VligGefRc0cLUFh6Qmcvoz6coIupWxsXQdcnTf8PcwQljhD7nmJDyn_D9k9pXDIYMFJQ==\"}'),
(885,	'site/login',	'{\"LoginForm\":{\"password\":\"1\",\"username\":\"1\"},\"_csrf\":\"uI9iBZTdEnC-Bu28KYTVY63ULFUtbt9ozW7GY4-L5Mta39uNPEulQLg-d7iqQ-gIo_O3ZiW5llIuPHXSVDsIJA==\",\"login-button\":\"1\"}'),
(886,	'site/forgot',	'{\"ForgotForm\":{\"username\":\"1\"},\"_csrf\":\"k5fHUZNAC0DBmwPYVkof3wlHFhu4bsxYx4mpvFyhALBxx37ZO9a8cMejmdzVjSK0B2CNKLC5hWIk2xoNhxHsXw==\"}'),
(887,	'site/register',	'{\"User\":{\"password\":\"1\",\"sex\":\"1\",\"birthday\":\"1\",\"names\":\"1\",\"username\":\"1\",\"confirmPassword\":\"1\",\"lastnames\":\"1\"},\"_csrf\":\"6uosORniqkJy52rzs4VligGefRc0cLUFh6Qmcvoz6coIupWxsXQdcnTf8PcwQljhD7nmJDyn_D9k9pXDIYMFJQ\"}'),
(888,	'site/forgot',	'{\"ForgotForm\":{\"username\":\"1\"},\"_csrf\":\"k5fHUZNAC0DBmwPYVkof3wlHFhu4bsxYx4mpvFyhALBxx37ZO9a8cMejmdzVjSK0B2CNKLC5hWIk2xoNhxHsXw\"}'),
(889,	'site/register',	'{\"User\":{\"birthday\":\"1\",\"confirmPassword\":\"1\",\"lastnames\":\"1\",\"names\":\"1\",\"password\":\"1\",\"sex\":\"1\",\"username\":\"1\"},\"_csrf\":\"6uosORniqkJy52rzs4VligGefRc0cLUFh6Qmcvoz6coIupWxsXQdcnTf8PcwQljhD7nmJDyn_D9k9pXDIYMFJQ\"}'),
(890,	'site/login',	'{\"LoginForm\":{\"username\":\"1\",\"password\":\"1\"},\"login-button\":\"1\",\"_csrf\":\"uI9iBZTdEnC-Bu28KYTVY63ULFUtbt9ozW7GY4-L5Mta39uNPEulQLg-d7iqQ-gIo_O3ZiW5llIuPHXSVDsIJA\"}'),
(891,	'site/login',	'{\"LoginForm\":{\"password\":\"1\",\"username\":\"1\"},\"_csrf\":\"uI9iBZTdEnC-Bu28KYTVY63ULFUtbt9ozW7GY4-L5Mta39uNPEulQLg-d7iqQ-gIo_O3ZiW5llIuPHXSVDsIJA\",\"login-button\":\"1\"}'),
(892,	'site/register',	'{\"User\":{\"password\":\"1\",\"sex\":\"1\",\"birthday\":\"1\",\"username\":\"1\",\"names\":\"1\",\"lastnames\":\"1\",\"confirmPassword\":\"1\"},\"_csrf\":\"6uosORniqkJy52rzs4VligGefRc0cLUFh6Qmcvoz6coIupWxsXQdcnTf8PcwQljhD7nmJDyn_D9k9pXDIYMFJQ\"}'),
(893,	'product/view',	'{\"id\":\"89\"}'),
(894,	'product/view',	'{\"id\":\"85\"}'),
(895,	'product/view',	'{\"id\":\"95\"}'),
(896,	'product/view',	'{\"id\":\"96\"}'),
(897,	'site/artist',	'{\"id\":\"33\"}'),
(898,	'site/addtocart',	'{\"id\":\"94\"}'),
(899,	'site/addtocart',	'{\"id\":\"81\"}'),
(900,	'site/addtocart',	'{\"id\":\"87\"}'),
(901,	'site/addtocart',	'{\"id\":\"102\"}'),
(902,	'category/subcategory',	'{\"ProductSearch\":{\"price1\":\"1\",\"price2\":\"1\"},\"id\":\"100\"}'),
(903,	'category/subcategory',	'{\"ProductSearch\":{\"price1\":\"1\",\"price2\":\"1\"},\"id\":\"104\"}'),
(904,	'category/subcategory',	'{\"ProductSearch\":{\"price1\":\"1\",\"price2\":\"1\",\"size\":\"1\"},\"id\":\"110\"}'),
(905,	'site/addtocart',	'{\"id\":\"83\"}'),
(906,	'site/addtocart',	'{\"id\":\"97\"}'),
(907,	'product/view',	'{\"id\":\"91\"}'),
(908,	'site/addtocart',	'{\"id\":\"99\"}'),
(909,	'category/subcategory',	'{\"ProductSearch\":{\"price1\":\"1\",\"price2\":\"1\"},\"id\":\"102\"}'),
(910,	'category/subcategory',	'{\"ProductSearch\":{\"price1\":\"1\",\"price2\":\"1\"},\"id\":\"106\"}'),
(911,	'product/view',	'{\"id\":\"92\"}'),
(912,	'product/view',	'{\"id\":\"90\"}'),
(913,	'product/view',	'{\"id\":\"86\"}'),
(914,	'site/addtocart',	'{\"id\":\"100\"}'),
(915,	'site/addtocart',	'{\"id\":\"89\"}'),
(916,	'site/addtocart',	'{\"id\":\"84\"}'),
(917,	'site/addtocart',	'{\"id\":\"98\"}'),
(918,	'site/addtocart',	'{\"id\":\"93\"}'),
(919,	'product/view',	'{\"id\":\"94\"}'),
(920,	'site/addtocart',	'{\"id\":\"91\"}'),
(921,	'site/addtocart',	'{\"id\":\"82\"}'),
(922,	'site/addtocart',	'{\"id\":\"85\"}'),
(923,	'site/addtocart',	'{\"id\":\"101\"}'),
(924,	'site/addtocart',	'{\"id\":\"90\"}'),
(925,	'product/view',	'{\"id\":\"84\"}'),
(926,	'product/view',	'{\"id\":\"87\"}'),
(927,	'product/view',	'{\"id\":\"93\"}'),
(928,	'product/view',	'{\"id\":\"88\"}'),
(929,	'site/addtocart',	'{\"id\":\"92\"}'),
(930,	'site/addtocart',	'{\"id\":\"95\"}'),
(931,	'site/addtocart',	'{\"id\":\"96\"}'),
(932,	'site/addtocart',	'{\"id\":\"88\"}'),
(933,	'site/addtocart',	'{\"id\":\"86\"}'),
(934,	'site/search2',	'{\"q\":\"Arte\"}'),
(935,	'product/view',	'{\"id\":\"97\"}'),
(936,	'site/search2',	'{\"q\":\"8k\"}'),
(937,	'site/search2',	'{\"q\":\"8\"}'),
(938,	'site/search2',	'{\"q\":\"2.19.110.15\"}'),
(939,	'site/addtocart',	'{\"id\":\"105\"}'),
(940,	'site/removefromcart',	'{\"id\":\"100\"}'),
(941,	'site/removefromcart',	'{\"id\":\"105\"}'),
(942,	'site/removefromcart',	'{\"id\":\"98\"}'),
(943,	'site/removefromcart',	'{\"id\":\"99\"}'),
(944,	'site/removefromcart',	'{\"id\":\"97\"}'),
(945,	'site/removefromcart',	'{\"id\":\"93\"}'),
(946,	'site/removefromcart',	'{\"id\":\"92\"}'),
(947,	'site/removefromcart',	'{\"id\":\"96\"}'),
(948,	'site/removefromcart',	'{\"id\":\"94\"}'),
(949,	'site/removefromcart',	'{\"id\":\"95\"}'),
(950,	'site/error',	'{\"id\":\"415\"}'),
(951,	'product/view',	'{\"id\":\"99\"}'),
(952,	'site/artist',	'{\"id\":\"34\"}'),
(953,	'site/error',	'{\"id\":\"97\"}'),
(954,	'site/removefromcart',	'{\"id\":\"83\"}'),
(955,	'site/removefromcart',	'{\"id\":\"81\"}'),
(956,	'site/removefromcart',	'{\"id\":\"82\"}'),
(957,	'site/removefromcart',	'{\"id\":\"84\"}'),
(958,	'site/error',	'{\"id\":\"108\"}'),
(959,	'site/error',	'{\"id\":\"107\"}'),
(960,	'site/updatefromcart',	'{\"id\":\"105\",\"quantity\":\"1\"}'),
(961,	'site/error',	'{\"id\":\"31\"}'),
(962,	'product/view',	'{\"id\":\"100\"}'),
(963,	'product/view',	'{\"id\":\"98\"}'),
(964,	'site/error',	'{\"id\":\"98\"}'),
(965,	'site/search2',	'{\"q\":\"Blan\"}'),
(966,	'site/search2',	'{\"q\":\"Su\"}'),
(967,	'site/search2',	'{\"q\":\"Suarez\"}'),
(968,	'site/search2',	'{\"q\":\"col\"}'),
(969,	'site/search2',	'{\"q\":\"colgantes\"}'),
(970,	'category/subcategory',	'{\"id\":\"97\",\"ProductSearch\":{\"price1\":\"100\",\"price2\":\"300\",\"size\":\"\"}}'),
(971,	'site/updatefromcart',	'{\"id\":\"99\",\"quantity\":\"1\"}'),
(972,	'site/updatefromcart',	'{\"id\":\"99\",\"quantity\":\"2\"}'),
(973,	'category/subcategory',	'{\"id\":\"111\'\\\"\"}'),
(974,	'category/subcategory',	'{\"id\":\"1112121121121212.1\"}'),
(975,	'site/error',	'{\"id\":\"1112121121121212.1\"}'),
(976,	'category/subcategory',	'{\"id\":\"111&&SlEEp(3)\"}'),
(977,	'category/subcategory',	'{\"id\":\"111\' AnD sLeep(3) ANd \'1\"}'),
(978,	'category/subcategory',	'{\"id\":\"111\'&&sLEEp(3)&&\'1\"}'),
(979,	'category/subcategory',	'{\"id\":\"111 AnD BeNChMaRK(2999999,MD5(NOW()))\"}'),
(980,	'category/subcategory',	'{\"id\":\"111&&BeNChMaRK(2999999,MD5(NOW()))\"}'),
(981,	'category/subcategory',	'{\"id\":\"111\' aND BeNChMaRK(2999999,Md5(NoW())) AnD \'1\"}'),
(982,	'category/subcategory',	'{\"id\":\"111\'&&BeNChMaRK(2999999,mD5(NOW()))&&\'1\"}'),
(983,	'site/error',	'{\"id\":\"106\"}'),
(984,	'site/error',	'{\"id\":\"104\"}'),
(985,	'site/addtocart',	'{\"id\":\"103\"}'),
(986,	'site/error',	'{\"id\":\"102\"}'),
(987,	'site/search2',	'{\"q\":\"Coli\"}'),
(988,	'site/search2',	'{\"q\":\"Colin\"}'),
(989,	'site/search2',	'{\"q\":\"Colib\"}'),
(990,	'product/view',	'{\"id\":\"77\",\"__FB_PRIVATE_TRACKING__\":\"{\\\"loggedout_browser_id\\\":\\\"211a8b2f01e02a599fadc9d0deff3d2635e88f92\\\"}\"}'),
(991,	'product/view',	'{\"id\":\"44\",\"v\":\"1\"}'),
(992,	'site/removefromcart',	'{\"id\":\"87\"}'),
(993,	'site/error',	'{\"lang\":\"es\"}'),
(994,	'site/home',	'[]'),
(995,	'site/error',	'{\"lang\":\"en_EN\"}'),
(996,	'site/search2',	'{\"q\":\"topor\"}'),
(997,	'site/search2',	'{\"q\":\"swa\"}'),
(998,	'site/search2',	'{\"q\":\"de\"}'),
(999,	'site/search2',	'{\"q\":\"des\"}'),
(1000,	'site/search2',	'{\"q\":\"desnudp\"}'),
(1001,	'site/search2',	'{\"q\":\"desnud\"}'),
(1002,	'site/error',	'{\"id\":\"175\"}'),
(1003,	'product/view',	'{\"id\":\"41\",\"__FB_PRIVATE_TRACKING__\":\"{\\\"loggedout_browser_id\\\":\\\"211a8b2f01e02a599fadc9d0deff3d2635e88f92\\\"}\"}'),
(1004,	'product/view',	'{\"id\":\"46\",\"__FB_PRIVATE_TRACKING__\":\"{\\\"loggedout_browser_id\\\":\\\"211a8b2f01e02a599fadc9d0deff3d2635e88f92\\\"}\"}'),
(1005,	'product/view',	'{\"id\":\"69\",\"__FB_PRIVATE_TRACKING__\":\"{\\\"loggedout_browser_id\\\":\\\"211a8b2f01e02a599fadc9d0deff3d2635e88f92\\\"}\"}');

DROP TABLE IF EXISTS `technique`;
CREATE TABLE `technique` (
  `id` int(11) NOT NULL AUTO_INCREMENT,
  `creation_date` datetime NOT NULL,
  `description` varchar(150) NOT NULL,
  `description_en` varchar(150) DEFAULT NULL,
  PRIMARY KEY (`id`)
) ENGINE=InnoDB DEFAULT CHARSET=utf8;

INSERT INTO `technique` (`id`, `creation_date`, `description`, `description_en`) VALUES
(1,	'2017-01-20 00:00:00',	'Pintura',	'Painting'),
(2,	'2018-01-18 14:43:22',	'Escultura',	'Sculpture'),
(3,	'2018-01-18 15:03:32',	'Dibujo',	'Drawing'),
(4,	'2018-01-18 15:03:51',	'Grabado',	'Engraving'),
(5,	'2018-01-18 15:04:22',	'Fotografía',	'Photography'),
(6,	'2018-01-18 15:04:46',	'Collage',	'Collage'),
(7,	'2018-01-18 15:05:32',	'Digital',	'Digital'),
(8,	'2018-01-18 15:05:57',	'Libros ',	'Books'),
(9,	'2018-01-18 15:06:13',	'Modelado',	'Modeling'),
(10,	'2018-01-18 15:07:01',	'Litografía',	'Lithography'),
(11,	'2018-01-18 15:07:31',	'Serigrafía',	'Serigraphy'),
(12,	'2018-01-18 15:07:57',	'Xilografía',	'Woodcut'),
(13,	'2018-01-24 17:33:39',	'Varios',	'Various'),
(14,	'2018-02-06 16:27:36',	'Tallado ',	'Woodcarving'),
(15,	'2018-03-16 16:19:51',	'Vitral',	'Stained Glass');

DROP TABLE IF EXISTS `type`;
CREATE TABLE `type` (
  `id` int(11) NOT NULL AUTO_INCREMENT,
  `creation_date` datetime NOT NULL,
  `description` varchar(250) NOT NULL,
  `title` varchar(50) NOT NULL,
  `description_en` varchar(250) DEFAULT '',
  `title_en` varchar(50) DEFAULT '',
  PRIMARY KEY (`id`)
) ENGINE=InnoDB DEFAULT CHARSET=utf8;

INSERT INTO `type` (`id`, `creation_date`, `description`, `title`, `description_en`, `title_en`) VALUES
(1,	'2017-01-26 00:00:00',	'ORIGINAL',	'ORIGINAL',	'ORIGINAL',	'ORIGINAL'),
(2,	'2017-01-26 00:00:00',	'LAMINA - Papel Fotográfico Luster',	'LAMINA - Papel Fotográfico Luster',	'SHEET - Papel Fotográfico Luster',	'SHEET - Papel Fotográfico Luster'),
(3,	'2017-01-26 00:00:00',	'EDICIÓN LIMITADA',	'EDICIÓN LIMITADA',	'',	''),
(4,	'2017-06-28 11:33:57',	'LAMINA - Papel Fotográfico Glossy',	'LAMINA - Papel Fotográfico Glossy',	'SHEET - Papel Fotográfico Glossy',	'SHEET - Papel Fotográfico Glossy'),
(5,	'2017-06-28 11:34:22',	'LAMINA - Papel Fotográfico Matte',	'LAMINA - Papel Fotográfico Matte',	'SHEET - Papel Fotográfico Matte',	'SHEET - Papel Fotográfico Matte'),
(6,	'2017-06-28 11:34:48',	'LAMINA - Papel Fine Art',	'LAMINA - Papel Fine Art',	'SHEET - Papel Fine Art',	'SHEET - Papel Fine Art'),
(7,	'2017-06-28 11:35:13',	'LAMINA - Lienzo',	'LAMINA - Lienzo',	'SHEET - Lienzo',	'SHEET - Lienzo'),
(8,	'2018-02-19 11:16:55',	'Pieza Única',	'Pieza Única',	'Only Piece',	''),
(9,	'2018-02-19 11:17:44',	'Pieza hecha bajo pedido',	'Pieza hecha bajo pedido',	'',	''),
(10,	'2018-02-19 11:37:23',	'Pieza en Existencia',	'Pieza en Existencia',	'In Stock',	'');

DROP TABLE IF EXISTS `user`;
CREATE TABLE `user` (
  `id` int(11) NOT NULL AUTO_INCREMENT,
  `creation_date` datetime NOT NULL,
  `username` varchar(150) NOT NULL DEFAULT '',
  `names` varchar(150) NOT NULL,
  `lastnames` varchar(150) NOT NULL,
  `birthday` date NOT NULL,
  `sex` enum('MALE','FEMALE') NOT NULL,
  `type` enum('CLIENT','ADMIN') NOT NULL,
  `password` varchar(255) NOT NULL,
  `auth_key` varchar(255) NOT NULL,
  `password_reset_token` varchar(255) DEFAULT NULL,
  `status` enum('ACTIVE','INACTIVE') DEFAULT 'INACTIVE',
  PRIMARY KEY (`id`)
) ENGINE=InnoDB DEFAULT CHARSET=utf8;

INSERT INTO `user` (`id`, `creation_date`, `username`, `names`, `lastnames`, `birthday`, `sex`, `type`, `password`, `auth_key`, `password_reset_token`, `status`) VALUES
(3,	'2017-01-24 16:26:39',	'frankpaul142@gmail.com',	'Franklin',	'Paula',	'1990-11-14',	'MALE',	'ADMIN',	'$2y$13$VP34lR6S5sVrJKxqaMeVqujRs30khqts1ybRlvhZ4iCEpGbD.VUZy',	'-zfRhEytHG1bdG0wZpv7bu4tC-ARyH7_',	'X6La6P7069ot0-SGLs7HdJdDtqOpT4pF_1518904884',	'ACTIVE'),
(4,	'2017-05-02 18:07:25',	'info@layolanda.com',	'La Yolanda',	'asd',	'1996-05-01',	'MALE',	'ADMIN',	'$2y$13$VP34lR6S5sVrJKxqaMeVqujRs30khqts1ybRlvhZ4iCEpGbD.VUZy',	'uTV_4HDK9st4ekI4bnxZRqmpl2fc_xb_',	NULL,	'ACTIVE'),
(5,	'2017-06-27 08:34:56',	'lunaricardo.visual@gmail.com',	'Ricardo Andrés',	'Luna Jaramillo',	'1985-08-20',	'MALE',	'CLIENT',	'$2y$13$4s04Uj1BSTjku6fVjUmGLufo6gAa/Ta5HtMLOPWPgcSUhDizhhM/S',	'vYyQ7lGjfFVCeO8DsbvsXne5pdLNzSrs',	'wutMb6fRO_V556T16MfRjb6tSMrQay3K_1498577925',	'ACTIVE'),
(7,	'2017-11-07 17:17:20',	'frankpaul142@hotmail.com',	'Frnaklin',	'Paula',	'2000-11-01',	'MALE',	'CLIENT',	'$2y$13$Jrr8EcIXLMy66TVMmOrFHelpi0NxZ1XtuitPvSGDTOsbigOgouYr6',	'OYMIF7SY51PHAu4Ql7KJROH96b0eCIch',	NULL,	'INACTIVE'),
(14,	'2018-02-01 17:59:40',	'nicolediazguerrero@gmail.com',	'Nicole',	'Díaz',	'1991-05-04',	'FEMALE',	'CLIENT',	'$2y$13$17CtNS/ma4bk76rx7Sm0VOXfjYlhmKsBTq7xgjgeXm7qf203kYGSG',	'MB6gcUPjm5LQUO3zNf-_2Wj3ftdJzcXk',	NULL,	'ACTIVE'),
(15,	'2018-02-09 17:29:40',	'annalunajara@gmail.com',	'Ana',	'Luna Jaramillo',	'1984-07-15',	'FEMALE',	'CLIENT',	'$2y$13$8itEyEKTNNOGOVVNOnaq7.cnvUE9wEyaMpPXiV55mONQxH/N5XaDG',	'6eAzqN1d8fONH7btFn9fff21ShJxz_Yp',	NULL,	'ACTIVE');

DROP TABLE IF EXISTS `zone`;
CREATE TABLE `zone` (
  `id` int(11) unsigned NOT NULL AUTO_INCREMENT,
  `description` varchar(10) NOT NULL DEFAULT '',
  PRIMARY KEY (`id`)
) ENGINE=InnoDB DEFAULT CHARSET=utf8;

INSERT INTO `zone` (`id`, `description`) VALUES
(1,	'AM'),
(2,	'EU'),
(3,	'AP'),
(4,	'ROW');

-- 2018-04-12 03:51:14